2502 2152 2567 851 22 2751 1171 1214 84 106 894 2153 1371 2554 1927 419 1605 2141 1632 2109 96 1960 592 1032 189 2060 1661 2162 941 2263 1744 40 1199 2841 2726 1280 2222 744 2313 481 815 2404 1525 2678 785 454 300 629 1365 214 2720 2305 42 1139 2572 2278 167 2623 5 2457 2784 2348 2807 171 2562 2831 1596 621 2401 1108 1766 2705 1251 2760 565 957 1232 2498 20 1064 762 2608 270 2612 844 1987 746 133 2048 183 609 387 636 43 1797 1004 1536 150 520 1515
1934 2501 1656 2044 943 1405 2411 2528 1102 2817 85 2832 635 221 312 1644 2790 188 987 556 611 1926 817 2300 2082 2270 1624 1319 1407 1386 547 2631 630 2449 1092 2344 2770 1046 2574 1414 1983 904 2337 1029 2358 1552 2564 2397 1428 2800 2606 1422 4 489 178 1172 977 2007 1848 2735 559 1674 784 769 1313 2307 2312 674 2424 1666 259 1151 110 1835 712 109 2724 1627 606 2676 2670 1461 1486 2272 2035 463 201 1993 1468 260 659 1788 2011 970 2652 2133 1307 2646 2400 622
410 811 1079 544 1634 2730 1133 717 1005 2746 434 648 2290 605 1783 94 1424 365 112 2549 1573 610 937 1040 435 1309 1311 1794 2830 1020 2560 248 843 1110 1581 1968 1966 1243 1131 538 2151 1379 2788 2364 1670 1516 1546 1454 2219 568 1731 1946 2331 1800 2613 742 1138 730 257 1871 2609 1707 1645 1007 709 2843 870 1385 1779 2102 406 1894 1466 338 288 773 1511 1969 2145 1526 2516 1992 1442 253 2095 336 2485 187 1325 883 2341 1455 519 404 535 2251 1832 2763 2680 1795
2809 12 1473 1895 1874 1721 1876 769 173 2583 2657 1223 637 494 2057 161 140 146 2683 67 1266 191 1868 2375 2435 627 2291 2302 403 433 1452 2772 1027 2810 197 443 2635 2478 2252 2617 1165 491 619 1980 2482 997 2757 574 2777 2077 1265 1349 1592 2438 1487 682 2639 1777 1185 924 1701 1228 1785 647 255 521 1759 1150 913 2436 1810 2089 2779 2339 1060 1769 2507 1572 2234 677 2022 26 1390 337 1471 404 2811 524 1869 2598 2702 1604 2308 1025 2171 1870 1865 1417 804 315
2555 1727 834 1785 2058 1228 1277 1513 1847 1749 1561 1795 1631 1161 2242 1087 1773 576 2542 617 2066 1019 1103 2785 1914 2178 2022 63 304 465 1928 898 824 1213 751 1353 1590 1166 1300 2260 1558 1394 2547 614 1176 2493 545 93 2202 2441 1178 581 1115 777 2546 2504 2113 2277 2777 2579 88 2422 2745 2072 483 895 1137 2247 132 1999 1883 499 1856 1476 374 2190 1389 1753 1197 1672 596 1125 2523 2478 1093 2000 2409 1996 2077 2827 1304 1207 714 95 70 940 2129 1743 2233 1346
2433 1490 1453 2309 2376 2034 1796 2545 100 2721 1901 1569 64 48 715 2713 439 562 305 231 201 1640 51 2650 1860 2411 168 85 659 1644 2826 2044 563 2528 1948 611 2817 1624 2790 978 1319 2501 987 943 817 1307 188 221 2832 1584 1051 249 1046 1405 1934 2007 2556 1878 1102 1496 1012 260 674 1123 312 2352 1656 1437 1627 2590 712 2631 635 559 2553 1029 2133 970 2649 1870 2011 1416 2088 1428 155 1926 2082 1788 1694 2358 2272 2337 486 1586 1369 904 2213 906 588 1552
767 2510 431 1938 277 1443 1839 1747 2686 889 1833 1035 2496 70 1980 2561 1753 1125 2077 2478 2777 18 2772 2 1842 997 601 2663 211 1989 1390 1252 2622 2015 1759 1557 1834 951 2494 2818 433 1394 2532 2315 989 315 2757 769 2506 72 2702 395 400 1130 1397 2685 2636 1165 1137 926 1340 1460 1401 2009 2302 2507 2288 2601 76 1329 1198 191 40 924 2574 835 2289 564 1786 1462 39 581 688 369 2747 2471 341 567 374 1895 1733 1801 1954 420 1310 1955 1830 306 1608 304
688 103 297 1235 2624 1323 2471 1186 1845 284 2601 1908 2276 502 1340 578 848 126 1413 1391 1114 931 702 1608 1830 1821 990 2314 1720 1767 250 903 1107 1975 684 768 1310 835 2388 65 522 1512 1254 277 767 2667 1232 2478 400 227 2706 1605 2207 2661 40 10 1397 1809 86 2077 2254 998 420 1839 1372 1667 2630 725 70 919 2347 2502 2728 2772 1723 1891 2561 1144 851 102 2003 1583 2535 2841 2297 997 357 1832 819 148 2162 916 2368 2620 1959 1825 1626 1165 1953 1748
117 1198 1184 2494 2179 1502 2203 1738 1488 2768 1397 148 420 1922 1979 1591 275 1659 510 2303 1232 327 2030 474 2573 1205 423 2521 1641 953 594 1471 907 306 1080 2128 23 924 1371 1602 104 1605 1953 2791 1423 1113 1687 1487 1954 2245 1400 1144 2620 690 946 475 1866 2348 473 905 214 2263 351 851 1139 2014 454 20 40 2351 2841 167 488 1225 2195 796 111 2169 1570 2691 2508 1654 375 2124 1412 1960 1537 2154 205 1525 498 2359 2535 2216 2086 37 1199 738 1263 1326
743 2267 2629 1429 2428 2568 2539 2415 2380 427 2221 2217 2798 1430 1236 955 1886 901 1553 1699 1910 2423 1793 1070 2031 2120 1256 340 698 1521 2520 839 2117 2839 1399 932 1049 358 1329 2083 500 2210 2078 332 964 536 1272 121 2038 729 1499 640 1431 13 569 56 571 1337 36 1374 370 2640 2671 123 733 2150 2333 1754 866 193 1041 2421 1038 2047 1053 882 323 1668 2828 1189 377 988 2808 2570 933 1266 672 2602 2795 1952 2032 2335 1492 1949 142 2121 1197 2578 237 986
653 2236 314 1050 805 1755 799 1011 1273 1967 2812 1187 1475 53 2698 1961 1746 2017 464 2402 68 2061 2764 553 2774 268 2144 771 2177 2406 721 1873 1182 1774 1852 2059 2693 1991 1875 1647 2022 1376 1302 1847 1773 1921 1743 2787 2053 1213 1972 1417 1823 2103 1974 999 20 1706 2113 2527 1266 1635 2547 2552 1513 552 2777 1785 1503 646 2077 1542 304 2178 2674 182 1829 2610 484 2772 1117 131 1756 443 2081 1265 1042 2799 701 2316 95 1161 1228 162 1795 2478 263 1870 1135 1317
2452 2317 1183 997 897 863 761 376 393 2555 339 147 2136 1093 2080 1620 2524 1447 2275 2466 603 1300 1483 2361 1019 1727 2595 1646 1120 1244 2591 1319 1469 1147 104 905 955 2410 924 1324 1057 907 1355 1482 1073 2249 707 2838 1535 1521 834 483 581 85 830 932 1449 63 291 1732 832 817 2353 839 1683 2086 2208 547 835 2175 1450 1678 833 853 1685 1621 1200 1104 697 1757 2104 1491 616 2518 2560 1181 1514 1942 2576 474 276 599 2530 1242 2013 240 2675 1167 1904 996
1749 2058 1277 2555 1103 1298 1727 1631 1434 834 1004 2737 1304 629 2112 1999 182 40 940 2197 851 1343 1333 954 2022 60 63 198 1960 949 2497 270 1114 2566 576 540 2677 2125 1019 291 2116 75 931 2330 1113 1283 1232 424 1371 1930 2624 45 1197 1712 1269 1768 1336 856 1867 2386 746 1685 1221 2726 2522 1792 167 1665 1365 797 2571 1315 1922 1251 1661 2004 1760 1255 1364 2547 2305 37 2327 20 815 859 2072 1558 366 2542 1144 19 2056 1137 2186 2036 376 1722 2507 309
2070 1141 1356 1506 216 654 1781 49 27 2669 2164 2311 2025 192 525 1140 625 1248 2794 2173 1787 225 455 2280 1282 207 383 61 113 1924 408 679 2396 239 245 139 209 344 356 1274 838 449 858 1505 1612 252 296 1435 1598 290 1481 1262 1216 1124 2053 1037 2091 2698 52 1299 1168 1021 1875 1127 1500 1780 643 1024 131 138 1692 2505 2465 1843 495 2765 1662 2211 200 357 2279 618 2690 1941 1003 2565 653 574 775 2470 478 2105 2265 818 33 580 2630 346 1805 2467
835 1254 1310 1107 393 2136 1120 1147 2275 1678 1620 830 603 1732 1523 1450 2518 863 441 2695 65 2080 339 1244 1646 2383 1482 373 1908 1073 1512 845 1016 584 702 284 2395 1462 1114 1821 1336 1691 1013 1720 1830 990 997 1608 903 768 1315 1277 297 2555 1057 575 2738 103 1104 2079 2058 931 1323 2624 848 1340 2160 2471 166 55 2601 1669 1907 2340 1458 1449 2507 1904 1183 2754 205 2005 2388 834 856 2641 2560 126 1507 2176 728 1767 1400 2258 2576 147 462 678 1783 2317
1758 1575 57 2418 493 280 1034 2461 689 294 1665 1861 2229 1580 570 797 2330 2004 746 1930 2174 2125 1792 1234 2838 1276 1392 2327 1664 2374 859 756 1947 421 1375 210 2186 793 366 2456 1358 133 516 1765 1859 704 1724 934 2184 1196 1072 77 976 1279 2548 588 1292 2541 228 548 422 2581 857 150 583 2123 1776 2672 720 1551 2332 2694 2039 2206 1350 1457 287 1043 2155 1081 801 2739 885 263 1193 1877 1887 1191 1229 2321 656 1432 1633 884 1497 2659 2590 1542 1377 880
5 2457 1515 844 2725 609 2464 744 1889 1766 957 509 2572 2404 1696 2115 244 1616 1556 2448 466 1477 1744 520 1945 1637 232 1061 163 19 424 2566 388 498 2351 2162 592 1661 2508 473 1269 2706 1927 42 2109 2408 2823 2278 1844 1733 565 707 2169 1722 1108 2354 2726 2222 2366 80 1867 2678 1632 1214 1326 2014 2124 375 106 214 752 1426 2425 1171 1605 2521 1849 2744 167 1880 1596 1602 2048 2060 1199 815 2751 1032 2128 189 425 84 1296 941 213 468 1858 1080 1960 96
2250 711 503 1680 238 633 772 1532 2119 2479 1708 2552 2819 1563 28 587 152 505 2500 2099 354 696 2322 458 523 1741 849 2716 1827 2193 330 2674 313 2742 2283 2181 1896 1335 1339 734 2228 2191 972 2557 2370 2052 671 1376 1746 532 847 1111 175 2028 1956 2365 1852 2527 81 1704 2534 2592 331 655 162 2236 2689 1929 2053 1297 705 602 1706 726 1037 120 261 464 550 1216 2177 1789 1011 1332 1875 735 295 478 2698 1124 999 1475 580 1118 2402 1314 649 1029 2188 1045
1636 1316 1965 1496 2556 1840 1586 2046 497 992 2628 1897 2241 2439 1658 712 1544 1362 1218 2352 1051 1416 1948 194 1045 2272 1261 1381 2815 1096 1437 1752 2714 659 559 978 1860 2826 1148 2424 1369 1468 1146 970 925 563 524 1307 1428 2652 900 445 2724 2753 675 2649 977 2574 1848 489 1486 2337 2084 1878 2419 26 1046 1870 1208 2035 2007 259 1123 2840 2148 2358 1716 1795 486 2133 674 179 1624 518 904 2515 2367 260 715 562 1151 2200 1552 1035 1190 1839 1172 463 480 2606
352 2833 299 2269 2092 428 2371 2139 2576 879 1549 969 2484 1982 2844 2797 264 1925 2648 2776 2138 667 2226 1122 2255 1619 1349 2412 2094 557 2455 1863 1530 2811 1078 2213 1735 1242 317 1366 1816 1421 160 2063 913 741 1338 1201 837 403 2460 2189 1815 1480 1814 891 1826 1539 2403 90 2175 2385 1159 2473 1660 2607 1571 1589 226 2633 1009 2731 127 2710 1025 814 685 2431 2524 1069 2266 1520 17 2486 1 642 888 262 385 867 234 1101 846 307 273 1341 687 2104 2363 2727
540 1019 2242 1093 751 1561 2785 1914 2441 63 617 2827 1856 1346 1535 2022 940 2737 2542 2111 783 1685 1087 570 1004 1176 777 689 949 1999 310 1343 182 2112 2202 291 832 133 198 1103 1434 2374 149 2745 407 1631 88 132 2190 620 997 1596 2555 1318 57 1476 1298 1785 1197 2238 2129 732 1797 2507 2004 2562 766 2263 2585 2418 280 95 1215 1930 1904 2807 1996 1251 581 1665 2498 1867 1365 695 181 548 1091 756 1727 797 2522 983 1575 2125 1861 762 1536 228 1758 576
751 1019 2242 1996 1357 777 230 2114 2288 1091 2281 1818 2495 2239 39 12 1130 2073 63 1986 1561 926 564 1180 1825 76 419 725 2493 1389 2554 362 2489 1632 55 1940 581 1846 96 397 862 541 920 1353 1751 2603 2573 189 2204 1595 407 543 2066 2176 2022 737 187 1194 1087 117 1184 182 1032 2263 2060 1015 1601 2791 1841 1137 1502 165 1538 343 894 212 2153 1733 2815 2558 32 2293 874 275 2272 540 2542 1197 2036 372 739 2207 898 1927 1865 1906 1919 1719 545 1883
2362 2355 2512 1911 850 222 2218 1504 1436 1933 2071 1790 897 2691 836 2096 477 1098 935 2156 2645 1321 755 1638 1806 2432 1736 2342 2450 2201 2750 1305 2642 2446 1387 1599 2074 461 1023 1479 1709 1976 796 2098 2318 2009 612 73 981 208 437 144 1047 2747 2722 164 172 72 156 1628 2420 2317 1145 1682 2636 2577 380 480 399 666 931 2514 816 2587 2686 1183 2055 703 339 1226 2147 1462 660 177 2601 1233 889 1200 1041 1324 1144 955 1672 60 595 1073 1114 2812 1767 1747
1752 1799 1624 2069 626 1146 1545 1202 2389 1407 283 59 1644 2832 613 4 1737 826 1102 312 2501 2528 2411 556 1656 950 2477 2817 1934 2044 2367 547 2790 611 266 1319 987 1386 635 2148 2662 1405 741 440 735 2729 2588 977 472 1629 877 1815 943 518 697 1509 31 2270 2781 1807 2610 1803 1735 2198 1411 188 1983 1716 203 1092 221 2063 2385 2595 1446 489 1295 2797 970 1851 2266 1172 2635 2829 2619 2189 752 1135 74 1112 2652 1278 2714 1003 1099 2200 1615 615 2339 687
757 1728 1533 754 1231 2756 2021 646 29 545 218 2320 1394 529 2533 293 1149 1597 2277 1801 2323 1353 2024 304 2787 962 1883 2113 2784 240 5 1214 1300 558 1892 1515 2751 1556 2178 1804 1771 395 2172 1677 2066 1171 135 1213 2508 419 2554 1865 375 286 744 22 498 967 1326 2644 1839 163 2295 707 2625 634 119 2566 2014 1927 426 1632 2161 2124 2153 1006 251 2502 1689 1182 24 483 2673 2077 2457 2152 1766 2413 2054 189 1898 425 38 1637 2464 1798 1823 96 424 2478
1022 346 2821 2467 2690 1692 1378 52 1481 2398 758 138 1220 753 1612 786 628 418 108 1048 1662 389 478 363 467 2465 2505 1303 2669 225 1506 936 2611 1918 840 2634 1465 1568 1018 782 1787 89 1039 207 2232 2632 1140 822 1141 402 2301 2025 61 643 1026 2687 2396 471 2244 2794 1008 1438 2142 113 192 655 2070 412 780 1262 2429 654 2407 1275 484 1216 2765 858 241 1356 455 216 49 534 1124 2137 1789 1037 1831 1781 344 2806 1395 927 1813 1472 331 295 504 1730
899 137 1874 146 1212 2057 116 1223 2435 1606 2135 1899 494 2741 677 657 2291 2580 1185 574 1777 2683 2708 1452 682 647 1868 2438 140 97 804 2041 1463 491 686 2436 2286 1944 2639 2842 2598 329 1592 1876 447 2766 1935 725 2569 1076 2393 1639 2511 2825 948 1937 2272 1055 2207 2813 2728 204 1473 2583 1464 1963 2248 1547 2382 2294 1825 1965 2022 10 1439 650 2336 173 1810 1869 904 1576 67 1848 627 1362 1775 86 968 1134 182 1897 1586 2256 1195 2805 1721 607 371 2558
196 1625 353 869 776 1963 2067 276 98 2256 2474 1819 2361 1864 233 781 585 2081 1600 910 1042 701 640 1643 871 2462 2103 492 381 1744 1402 1038 841 2778 2157 862 153 1844 565 2027 40 481 1154 1754 1515 2001 1949 1579 919 819 9 515 244 2278 2798 282 2404 1751 729 2334 1667 1041 809 506 2116 1633 2363 579 1403 2677 952 2210 930 160 2336 1337 1661 1171 982 2421 1638 1354 1245 2026 1766 2582 1473 1204 1078 1279 2048 1770 1063 629 607 1344 592 2751 2838 609
1011 268 2285 131 1875 452 1843 495 2715 53 1503 2531 2565 33 31 241 290 464 326 580 1500 726 2693 1143 1293 1941 2091 1822 159 1097 1021 999 1929 2059 1706 331 449 1475 2142 2316 239 1118 1297 1024 1281 430 806 484 2765 456 1932 295 2236 643 2062 1275 1730 655 525 1187 324 1037 2407 129 2280 653 2137 252 1303 534 858 2301 1050 2173 1912 2794 1008 314 2406 113 2164 1062 471 1438 927 618 1124 1924 1662 402 1813 2429 1967 2611 1923 1635 2773 1612 200 1789
2414 1177 107 2641 2604 2176 55 728 2550 397 1194 1507 1104 1669 575 2754 2019 1691 1211 2326 736 1467 153 379 2234 2159 796 1028 2360 1748 1459 1919 2036 32 1690 187 469 1014 2254 920 2383 917 2233 441 2080 2733 1601 2297 1626 457 1482 1720 2368 1611 902 462 1832 2586 1198 1950 2033 993 541 1734 357 2073 2605 2239 1821 2192 1517 2447 1523 1372 818 1805 205 2603 2630 2780 2684 896 2695 2329 2494 2347 83 35 775 1534 1970 794 1382 1192 117 1120 517 2711 2752 1943
1895 433 769 2375 2289 197 161 2650 2482 1721 1876 1759 173 1473 1223 12 1701 2291 2702 2757 18 447 2315 2639 2057 2809 574 1874 2683 494 2022 329 647 608 526 2051 939 601 2435 677 2685 1228 2622 1439 274 860 1842 315 258 70 1029 1027 403 2220 271 2736 682 146 1931 1881 1785 2779 1834 1976 1825 2506 1980 2696 2089 1390 2015 951 459 1892 611 1710 2716 804 1130 1150 1899 168 2841 9 994 120 2370 2825 864 2778 580 2561 2436 443 2183 1584 1918 1427 1035 2526
299 2371 2833 428 2092 2269 1201 2576 2139 2484 1549 1826 264 2776 2412 1122 1982 2063 2255 837 2455 352 2648 2797 1925 2844 317 1735 667 741 2189 1338 2811 180 879 1009 403 1589 2654 969 2403 1071 1815 2213 2226 226 1814 1622 600 2266 2094 1159 2486 1619 1421 642 1698 1530 1571 2338 2100 1863 2385 1824 1078 846 888 2223 195 2731 2273 2138 668 90 2473 557 1994 203 17 414 891 1539 573 2717 262 1349 867 687 307 1 1366 814 2727 2431 2801 160 2460 2820 913 1520
2070 654 1356 216 1141 1781 1140 625 2311 27 1506 245 192 139 2053 2669 408 525 1124 455 679 653 209 113 2025 1282 49 1037 2794 1248 2173 618 356 1924 2062 449 838 2280 1021 2164 1297 200 1262 1472 252 1787 1780 344 207 296 2396 1274 1505 1612 383 2197 2017 225 2316 1961 858 1598 61 2644 580 2698 1008 239 1026 1662 1143 1635 2236 1127 495 1435 290 1216 2759 1118 2301 1484 643 2465 2505 1465 782 1018 1187 1692 2429 581 1011 2632 786 1843 215 1097 1822 1230
2608 171 2760 2182 1251 621 1064 2056 236 45 2522 2831 1364 183 2705 2401 2678 2612 1797 959 2116 1286 2502 851 506 2152 1560 2263 785 2197 1217 229 333 565 2141 1844 1726 1371 629 1605 2567 84 1987 2572 2807 40 1536 398 1960 1458 2278 815 2571 2386 42 2623 1768 636 2425 762 2726 270 309 1318 1365 2476 2554 856 2503 181 1232 620 2761 2591 419 2153 1515 2048 1013 894 2160 973 1661 2162 1108 1744 844 732 1015 1083 941 2751 1315 1907 1283 300 2457 106 1336 37
645 1054 1328 2011 1444 1663 2767 1649 445 1679 2837 1623 169 947 2707 2836 1782 2840 1993 1381 1617 1261 1422 1045 440 735 712 1544 1658 1029 2439 51 155 2050 2241 1552 2130 2352 197 134 1860 1218 179 2735 319 860 1253 904 260 1208 2088 1307 463 2076 1468 550 194 2084 1640 2628 1710 489 2649 900 769 563 674 348 1407 2133 201 1486 906 1369 1489 1701 659 2454 965 2287 2826 1437 925 2424 26 2714 1775 2646 2769 562 2515 1148 606 1870 2652 2815 986 2753 992 1491
1371 1960 851 40 1113 1462 909 1232 1757 482 594 84 1987 1199 941 1283 815 2308 2203 1605 2502 2494 2162 2361 2712 270 1591 2678 37 619 1866 510 1659 1144 2521 1139 2617 1738 2386 148 1198 1221 6 1502 2263 2197 1931 481 2152 614 1433 2220 2348 2089 1536 2726 2677 117 2526 2261 285 2404 2425 592 327 1768 2048 42 1927 2427 939 629 521 214 2183 1205 2704 2194 396 1364 1766 167 661 1184 1425 2831 2359 1137 609 1365 835 636 2476 1397 2278 1953 474 2056 1661 957
574 2291 2057 1223 2639 2683 647 1874 494 146 2435 2183 1439 1899 657 677 2708 140 1868 482 939 1452 598 1433 2704 2051 682 1777 1185 2436 2580 686 2220 2438 2598 2445 491 2286 2526 2569 804 1592 329 1931 2813 2393 1937 1555 974 948 2248 2499 368 1076 1725 2427 1639 2308 2712 2382 217 521 2089 1464 444 531 271 1408 619 637 1876 1473 2440 2617 1942 526 1088 2506 1287 508 255 608 2803 2625 2037 274 2657 1217 864 1721 1892 1771 994 1330 2719 1677 725 19 1695 791
550 2769 480 925 1422 179 712 1218 415 817 1319 1045 1253 2454 197 1617 1054 2714 1369 611 1172 2375 1870 2352 769 1444 2050 906 674 188 1414 2010 1489 2649 947 2130 518 2084 219 1710 1679 348 489 1123 2606 2574 524 26 2200 74 1261 1307 1102 1623 556 2817 860 992 2501 1158 1552 970 1663 1029 2735 623 547 221 1656 2707 312 904 1701 1878 2832 943 1993 2676 1486 169 977 833 259 1386 1895 1926 173 2513 1328 1417 635 1190 2241 911 2840 2790 1934 2082 1428 1092
2171 2043 650 2810 2666 2346 2816 1916 1723 475 1891 1541 820 807 1570 1603 2841 750 334 1260 285 6 372 1139 1605 411 1697 468 1397 420 1953 1221 546 2643 2768 1738 594 1922 2179 759 1858 2387 1502 922 2502 510 2348 1488 148 1188 2368 2130 2521 1153 2297 2240 693 2178 724 2714 357 1023 1259 2804 2637 2203 671 2254 1372 2347 1905 2684 2780 1253 1832 74 582 1626 2233 10 2805 179 1602 1043 2732 102 1517 1382 173 1184 279 321 1611 2020 1809 1014 2651 876 117 2733
1656 943 1934 2817 1405 1102 221 2528 2832 2411 635 2501 2044 312 85 2790 1644 987 188 1926 556 611 2300 817 1624 2082 2270 1319 1407 1386 547 2631 2770 630 2449 1092 2344 1029 4 489 2397 1414 904 2564 2800 1983 2574 2606 1046 712 977 2358 970 2312 1428 1151 2337 1172 2724 2133 1993 1627 74 1313 1468 1848 2035 2307 178 2652 1422 2084 1437 2735 2670 463 261 769 2676 486 1099 559 2007 622 1552 524 659 2148 911 1307 109 2011 2200 674 259 906 2272 563 978 260
2061 1972 1647 1472 2402 721 1921 430 1395 2406 655 1317 1756 1187 805 1755 1648 471 1438 1715 402 331 1216 1037 1008 2505 2465 936 390 1918 1118 799 344 1143 1635 2053 1475 2236 1967 2301 1140 999 1050 806 113 2407 726 653 1273 1822 108 1124 580 1924 159 326 314 1297 1929 478 628 1293 1568 2279 2059 2232 296 363 534 1011 1097 2062 1662 484 1303 2429 2531 31 782 1829 2715 1875 1275 467 753 654 2698 162 1378 1692 2398 2632 1022 1220 504 643 1026 858 927 1282
2843 257 1731 1871 1138 2613 742 1894 1800 2609 1645 1707 288 416 2341 1946 1419 1068 336 535 519 1455 2299 1466 774 2492 1498 1936 730 2377 1850 253 1527 1379 1094 673 568 749 821 1007 2830 2243 2746 1040 2680 1243 593 2151 1581 1966 1174 2251 2364 678 1913 392 1142 2697 881 1131 1020 1005 610 1670 2560 2290 2788 2006 338 2331 855 1794 301 800 1968 435 870 2005 2519 709 2196 2326 2549 1309 1454 1992 2417 1311 1442 2219 538 2087 1511 469 605 2730 1516 1192 1832 1573
1083 1702 620 732 181 759 1318 2643 636 1536 2807 42 2278 582 1797 546 285 6 1221 2678 468 2627 1188 411 1260 2425 2048 396 2677 973 661 2168 1251 1108 2476 2194 298 2608 2056 45 2522 922 1064 1365 372 2313 2760 1856 236 1525 669 2182 133 1596 171 2141 2448 40 1084 476 281 1880 2401 2562 481 1726 2190 1960 2263 2202 1476 270 1697 2261 1364 2498 1882 1768 2745 1172 2441 2111 807 88 2816 462 1285 387 2612 474 2116 621 2386 1151 2564 1227 132 974 2004 524
931 1114 848 1830 702 2624 2601 1767 2471 126 1908 284 688 903 1845 2276 990 1340 502 297 1235 1107 103 768 1821 1720 1323 522 1310 1186 578 65 1608 1413 835 1391 250 1975 1254 2388 1512 2314 684 2667 277 767 2738 40 1120 400 749 1691 431 2518 373 1232 1221 2251 1605 2383 1839 2005 575 1768 1459 960 2661 2299 1144 2747 851 441 2395 2510 582 1283 703 1147 629 1450 830 2036 339 347 2621 818 1462 2728 845 1122 1162 98 1819 1678 1748 1016 1733 424 166 2196
269 1548 531 2499 598 1555 2051 444 1073 339 1620 2518 1646 1732 603 2631 2695 1523 1120 2275 1439 1462 1980 65 1942 1088 1672 2510 2818 2251 2183 44 863 845 2005 368 1408 584 2068 1252 2680 2015 508 855 47 271 2437 373 465 143 1147 441 2136 830 2440 274 217 881 526 277 1853 2661 70 2 1247 1304 834 676 1016 1962 1834 1678 2764 1183 2335 827 1284 1739 1450 2077 718 1680 1906 1142 2653 1968 2445 951 870 1892 1865 2359 795 442 790 2383 1677 2243 2556 722
1697 285 546 6 372 1221 298 582 2643 411 973 922 759 1188 468 2171 1702 650 1284 1285 2666 2043 1456 2816 1570 1084 732 448 1083 620 181 820 1916 2268 1884 1015 980 2677 1260 2118 475 807 122 459 636 2810 1541 1723 2167 2346 1797 1891 1536 1763 1603 1318 1227 1858 2313 669 2168 37 2807 2791 661 1380 2194 42 443 586 1090 476 629 829 1610 1865 1153 2278 2623 1761 2627 1525 1006 1082 1476 905 2263 396 1205 2261 2425 2801 1425 95 888 1882 2086 2678 795 2202
458 2119 2674 2819 313 2479 1896 1532 1339 734 152 1335 849 2500 330 2099 696 238 28 587 2191 1741 505 1563 354 1708 2228 2552 523 2742 1827 2557 1376 847 972 2250 711 2283 503 175 2181 2716 633 2534 120 1680 2193 1704 671 1746 532 772 2365 2177 2028 2052 81 2681 2689 1555 2370 2322 705 1956 2527 2592 1297 2051 1111 261 4 68 1961 1852 2009 1092 2814 533 74 1439 872 1302 188 1428 2636 1873 1155 1241 2722 172 1848 1404 2007 1117 602 2764 1737 1405 408 1100
1371 909 1960 851 1113 1144 40 1232 2494 1198 117 1462 2263 327 2573 1987 1641 1757 1922 2203 37 1184 2620 815 2361 1687 629 1738 1502 1659 1400 167 953 924 474 400 20 856 2503 2677 1263 306 2245 420 396 1217 1205 1283 1397 543 762 270 510 423 1458 592 1768 2571 2386 1219 2768 23 2216 1839 835 2726 690 481 1954 2179 1315 1591 1866 2303 594 148 1423 907 2678 2502 1199 2162 398 1488 309 2152 205 335 2521 333 2761 781 1616 1471 2030 300 2197 2691 1066 2506
1870 26 2649 1369 348 2454 925 2769 2714 480 2538 663 179 518 550 1710 2050 1701 1417 712 1489 2130 1788 860 2513 161 769 445 1045 524 197 133 2375 1307 2011 2155 563 1319 2724 1795 2840 1743 970 1422 2174 1172 1859 1486 611 260 1847 463 977 259 1437 1716 1773 1029 1861 559 2076 746 2358 2646 1552 2753 2419 499 2004 1276 1513 2826 2564 1930 659 489 2574 57 1576 2084 645 2650 2721 2332 1208 2703 906 1860 2123 1392 1358 210 1624 294 201 2035 720 1776 1161 2344
540 1019 2242 1561 751 1346 1914 2785 617 2441 1093 1535 63 2542 2022 2827 940 832 1685 2737 1856 1087 1343 1004 291 949 182 310 783 1596 1176 1434 133 2112 689 2374 2562 1103 1197 2202 777 570 2498 1298 1999 2111 2190 2129 576 149 2555 1785 280 1631 1665 614 732 329 1055 620 1365 198 581 2004 60 1558 762 1590 366 2048 954 132 797 1476 983 1161 1867 2294 1797 1930 93 181 756 1536 2291 1760 2418 2238 1318 1251 88 1795 95 2745 75 997 1091 1394 1758 2184
676 2180 34 1116 1224 1714 47 2523 2422 683 1713 1838 1178 2700 1990 465 490 1836 2437 1672 44 16 1476 2249 2129 88 1176 2745 2317 132 2547 596 1469 761 2190 824 2202 95 1856 577 1170 60 1183 2111 874 256 1483 695 2226 1304 2734 1595 983 318 376 1449 1152 1036 1447 2165 2296 1347 2593 1758 632 2718 1025 1762 630 2204 1914 1751 862 1247 130 2453 212 1057 889 2441 2497 2672 265 1719 1631 2485 576 2123 294 2832 2487 1450 1693 2647 58 2174 1920 1539 1200 1043
2411 2528 1644 2501 2044 1624 1934 2817 2832 312 635 1102 1656 987 1405 1407 943 221 2790 556 85 188 611 817 1926 2082 1319 4 59 2270 2300 1545 2389 547 826 1386 266 2477 1737 1799 613 1146 2449 2011 659 1029 1663 1422 2836 2707 2631 2767 1782 2714 626 283 2312 1694 904 1135 1993 1468 1054 169 1181 563 712 1046 1617 2837 1640 1202 1649 1873 674 51 1552 1444 1623 2435 1099 2584 2088 771 1428 1860 2213 947 1208 2337 1948 2352 900 2133 1416 260 463 1185 1307 2168
568 730 1466 338 709 186 1379 2364 1442 1455 1243 1794 937 2151 610 2219 1581 2560 2746 2830 1020 1131 1670 2290 1005 538 1573 248 365 435 1968 2516 1783 2730 2788 1040 1516 1966 1110 717 1309 648 112 1079 1634 2549 1526 1969 1133 1325 1707 544 1511 1311 1007 843 678 434 519 1454 605 811 1992 1424 2251 257 742 94 1894 2005 870 749 1068 855 881 2341 1546 2763 410 535 336 773 1385 2243 1850 821 1138 2680 673 800 253 1779 2299 1094 593 2331 2519 406 392 2843
403 1815 472 1009 2455 1159 2063 837 264 2484 2340 1540 961 2738 537 1618 685 551 1025 2811 1060 2412 46 892 342 2255 1338 317 2833 1572 1059 352 913 299 1349 17 600 2648 226 1 1530 1982 1078 234 2092 2635 888 1607 2399 2094 2100 1925 1615 2139 1101 1341 2486 846 160 814 2758 2576 716 1069 2692 667 2269 573 2213 1803 154 642 1421 1622 223 2266 2834 1735 2205 1520 1044 90 2371 2338 166 262 307 127 2189 414 2138 2385 1619 1571 2717 1167 385 2226 1549 741
2755 2045 2023 1584 258 747 770 1320 2077 1739 1980 2478 2574 660 2782 710 2259 2777 360 2676 1125 436 463 54 1073 1557 542 1753 2561 215 70 74 1007 2800 737 2772 1853 2622 1390 2724 2635 101 989 2307 328 414 2344 1023 581 1092 1163 2494 631 1893 622 1900 178 1029 2282 997 315 2178 1615 2735 487 341 2015 2419 1906 924 1369 2122 1759 2055 1660 616 1673 1879 1993 766 364 2131 1740 1035 2829 1564 2064 304 1000 1264 2315 2564 255 648 1397 2302 2664 177 1088 2510
1584 2023 2045 2755 747 258 1320 770 2034 2545 1796 2259 360 1681 710 487 1853 1980 1073 2494 908 54 2282 2075 315 1000 1673 1739 1384 660 337 2664 542 2622 2713 1390 2782 352 1893 201 1670 1742 1462 48 1147 2309 1614 2757 277 2600 767 1557 2540 1101 18 942 1242 1707 2433 1842 1906 2064 93 1759 2315 2373 1499 50 1120 2385 1354 1770 882 2009 1705 2376 2363 1695 2030 2518 1516 1660 64 1757 391 853 500 1855 760 843 1783 123 223 2680 1968 1183 921 1678 2257 895
629 851 40 2677 1232 1960 1113 2494 1371 117 1891 1221 37 1768 1570 2573 1605 475 1144 1922 1198 2203 1738 2502 1502 327 1723 420 1283 2179 2048 285 1184 1397 281 148 2768 953 594 6 2152 582 270 1488 1462 924 1659 1471 1916 2666 372 1591 909 2841 835 2620 1979 1487 1866 546 2761 396 922 1641 973 907 1954 400 2555 510 1661 2726 1400 1536 42 2263 1687 2058 423 2361 1537 2216 2162 1007 2346 306 474 636 1757 1340 2128 1727 2661 468 767 2571 1108 2678 815 1015
28 505 1563 2500 1896 238 152 523 1827 458 734 2819 313 1532 587 2283 1339 175 2181 1741 1708 2119 2674 2479 2552 696 849 2191 2099 330 354 2716 2742 972 847 2193 2250 2534 671 711 2689 120 2557 2370 1376 2527 705 2365 532 1680 81 503 633 1746 2028 2322 2177 1111 1117 1704 1929 1956 772 68 1314 324 963 295 1240 1281 668 1730 2806 2764 2717 456 1923 1813 2387 1789 1852 2009 1955 501 2692 2636 1655 1543 2052 1615 1756 1335 740 2228 504 2597 1275 692 1062 261
2119 1532 238 458 2500 2819 587 2479 1708 2191 152 2674 1896 313 2099 505 1563 330 734 849 28 1339 2552 523 354 2716 696 1741 2250 711 1827 2181 503 2283 1680 2742 175 633 772 972 2193 1746 847 120 1376 2365 2370 2322 2557 671 2534 81 2689 2228 532 2527 1335 2177 1704 2052 2681 705 2028 1852 1956 1111 1555 68 261 2592 598 2597 963 295 2265 1135 1241 296 1319 533 1439 2183 1775 1099 611 553 368 2053 2809 2009 872 688 504 192 2051 2236 602 70 1029 703
171 2608 621 2760 2182 1251 2056 236 1064 45 2522 2831 183 1364 2705 2401 2612 2678 1797 959 1286 2116 506 2197 851 1560 785 2502 2263 1217 333 229 2152 1844 1726 40 565 1458 2807 629 1768 2141 1536 2503 2572 1987 2623 1605 815 1371 84 2571 309 270 1365 636 398 762 2386 2048 2761 42 2278 1318 732 2591 856 1960 181 1232 1013 620 1083 2425 2726 2720 2567 2160 2677 973 37 861 1336 1315 2153 2476 894 1661 941 971 2554 1108 2562 582 1750 2162 1288 1015 2079 1515
1481 225 52 418 1787 207 2396 61 2669 2794 1662 1378 484 2025 726 999 478 806 192 2059 467 1475 786 131 1465 346 2429 1022 780 534 1875 53 2244 1706 331 2821 464 2236 1929 2531 2690 1011 363 2467 1039 290 1692 239 389 758 430 268 840 452 1262 2173 295 1275 108 628 2398 2765 241 655 1124 1506 49 2142 2091 1730 89 1655 2634 753 2505 2465 138 1918 927 1612 1831 2137 2687 2806 1503 1789 1037 455 936 2285 1273 1187 1220 525 2301 296 2280 113 1281 1140
372 1570 475 1916 468 807 973 298 1015 2677 980 6 285 1884 820 546 2118 1285 2387 650 2666 1221 1865 411 2313 448 582 37 1858 2346 629 1610 1723 922 1456 459 2643 1603 1891 1697 1537 1260 1284 2816 1084 122 2268 1188 2810 759 2791 1702 2043 1541 2171 1227 454 396 669 117 275 2623 1083 2303 281 750 40 2030 1502 1205 2194 1153 829 20 476 2168 1560 661 636 334 851 181 2573 1525 732 2502 2167 167 1659 1184 1536 1750 420 1761 1515 2203 690 620 2627 1232
2792 998 9 1579 1583 1791 1470 1179 887 118 748 1531 567 2065 2252 2328 2491 2778 919 1977 952 2682 1651 1578 1769 2647 841 1854 1970 916 382 2711 778 517 1667 819 1354 227 930 2575 1063 1770 1920 114 1585 639 945 2723 2042 2310 1657 2729 808 928 776 369 1625 98 1460 873 2233 1739 102 1690 2360 297 2793 2550 1734 103 2334 1028 2234 1893 1830 1963 2192 1271 2297 457 393 1832 1626 1507 10 32 1372 357 902 1611 403 794 2347 2462 1277 279 2159 990 736 2254
654 1356 2070 216 1141 27 2311 625 1781 113 1140 1248 455 1506 679 2017 653 525 200 1924 408 2053 139 192 1961 383 1472 1282 245 618 2669 209 2062 1262 252 2173 838 49 2280 1505 1297 1021 1037 356 2794 2698 1124 1118 2025 2164 449 344 2316 1612 1274 782 1598 1018 296 1787 1026 2396 2644 1435 1187 858 2632 1216 1780 1974 1822 1143 1484 1635 1715 2236 207 61 2812 1050 1967 2505 2465 580 159 2293 1342 643 395 111 1008 581 2483 390 164 2197 1912 721 2406 1973
485 1306 1951 1175 2540 658 1798 727 962 589 2072 714 1427 1207 614 1558 2409 898 1166 1087 1361 93 895 1928 1137 1590 646 1451 853 1971 251 789 1257 2323 1115 2054 1106 1786 1801 2787 2546 1389 2066 1394 2579 1230 2504 2113 545 101 304 2242 483 374 2277 2542 2178 572 1559 240 2644 2759 803 395 1334 1883 954 1213 634 1353 293 2381 2430 1300 24 2022 724 2040 1900 1683 1869 529 2784 1197 1760 436 364 1298 1685 2024 2000 1434 2129 1161 63 1333 688 1597 2207 2400
67 1075 1810 627 202 2509 2583 1406 1012 249 2350 2121 1001 12 2809 1055 1944 2507 997 520 2728 2224 1904 1609 1689 1265 424 725 404 2615 1473 1448 2744 2533 1945 2748 1874 1733 2542 739 1334 2435 2294 24 751 960 2320 2777 232 1894 1721 2558 1252 165 1928 1722 2478 1820 2772 2623 184 775 2753 1296 1869 10 1166 2077 2143 1464 1707 1753 1149 2015 2207 338 2630 777 2621 1169 1130 2622 1280 2413 1383 5 2352 940 19 1466 1867 574 29 70 1805 135 499 1165 538 1876
1416 1948 2815 1096 2272 1362 1897 1496 2556 1051 1586 1965 497 1636 1860 1316 2082 712 2270 1218 1261 1422 2011 257 1834 1993 2506 1319 1045 2435 188 1617 1757 194 2808 987 904 2714 1468 85 372 2241 607 659 951 259 1694 2686 348 2352 746 2603 2721 2628 2843 2650 1029 550 2411 1679 1839 562 2767 1381 2790 635 2510 2204 611 1623 2162 2358 159 2726 1926 1901 1386 462 2818 1369 1782 1185 1684 2454 720 547 674 2708 445 1710 319 2077 1130 1102 137 1390 2613 855 1094 1848
2163 453 1085 1163 2679 177 401 2636 1628 1903 2829 99 816 2122 1023 141 1145 72 2009 2055 823 461 2747 172 595 981 694 460 208 1510 612 2722 1089 2577 1436 1241 2274 1784 1688 2587 2098 1100 2126 2469 399 164 2655 731 1404 1808 156 1155 477 760 1160 437 1504 2218 2775 1047 144 1088 1976 1233 73 1599 174 222 1415 748 1872 2355 152 1740 380 347 1717 703 520 2714 1531 935 2774 2567 1955 102 1666 2096 118 1974 2674 1605 182 86 2003 1232 2074 2819 313 1397
332 536 427 1793 2415 569 571 2217 121 901 2568 193 2090 988 340 743 2423 1132 1588 1249 2333 1256 680 1553 2267 1065 1699 2210 2520 56 2380 640 1430 500 1886 2117 2671 2047 1272 13 1431 36 2798 1236 2629 1429 377 323 955 2428 2539 370 2421 1888 1754 2221 2032 733 2078 1910 1485 1549 2075 1041 1053 1070 1242 2677 1540 1297 1038 554 2053 968 931 629 2400 2048 2406 1618 1037 40 2197 2524 2273 46 2578 1337 1140 1768 2013 2758 2120 1499 2601 1268 839 1216 1924 688
352 879 2833 299 1982 2139 2269 2092 2371 428 2576 1925 1549 2484 969 2776 264 1619 2255 667 2844 2648 2797 557 2412 1863 2811 1735 317 1122 2460 2226 2189 2455 741 2094 1530 837 1338 2213 1078 1201 2063 403 2363 226 2138 1826 1421 160 2403 1349 2266 1366 1009 1816 1242 127 2385 1539 1571 1589 1814 1815 17 1480 90 1159 642 2710 867 687 2731 685 891 2486 2431 846 600 2175 888 1069 1341 573 2473 1520 814 307 2100 1291 1698 641 262 1607 1660 1 1295 2607 414 2820
1788 1710 1701 1489 1417 860 161 2769 2454 1870 2649 1369 26 925 348 769 179 2714 480 518 663 2538 2650 1895 550 2482 2375 173 433 2289 2050 2130 197 1029 712 1253 1045 1422 2287 2513 2011 319 2358 178 445 1617 735 2724 2480 2652 1993 2626 623 1627 1313 1307 2241 2606 2076 606 2735 2397 2424 2646 622 2840 563 168 2344 1208 2800 675 1775 259 1640 1486 904 906 169 2564 2148 2753 1428 2676 134 645 1782 524 2312 674 1552 489 51 1414 2084 1468 977 1328 109 266
1472 1216 402 2505 2465 936 1008 1438 471 655 2061 2402 1918 1972 1647 721 1921 2406 1395 430 2301 1037 805 1317 1756 363 1187 344 1755 1140 1118 113 1568 2407 108 2232 1143 2053 1648 478 331 1715 1822 1924 1124 2236 390 1635 1050 1297 1475 159 799 1967 580 806 1692 2062 326 628 1293 1303 296 1097 2279 653 1929 1662 314 1022 999 31 534 726 1378 782 467 2715 1273 2398 643 1011 484 753 654 758 1789 1829 2429 389 504 2467 1275 927 2059 1612 1356 27 2632 2698
1453 1490 2433 1796 2545 2034 100 715 2721 2376 1569 48 2309 305 562 2713 1901 64 439 2650 231 201 51 659 1640 2826 343 2258 563 2305 206 1841 2229 260 859 697 2808 1743 2842 2391 132 2435 695 1785 1514 2603 976 1191 2007 294 978 1765 1847 1176 1773 752 1795 1860 924 1836 2088 588 1228 1266 71 2004 2272 2672 2642 1749 2001 2135 1445 182 153 638 559 810 168 787 2790 1424 30 2189 746 2030 2700 2741 1547 1363 204 2619 2247 983 362 2714 2567 1727 2335 857
645 2011 1054 445 1328 2840 1444 2767 1663 1649 2837 1679 169 2836 947 1623 2707 1782 1993 1381 1617 1261 1422 1045 440 735 51 1029 155 1658 2439 712 1544 1552 197 2352 2050 134 2241 1218 2130 2088 463 2735 1860 260 319 659 1253 550 194 1640 2133 1208 2628 1307 489 1468 2424 179 563 201 904 2084 1486 769 433 1148 2724 606 2826 2815 1428 906 1840 2076 2287 2419 900 965 1437 2337 2652 1046 559 674 1407 2007 2574 860 2397 2606 2358 1775 622 178 986 562 2714 1627
1874 146 1223 1868 494 140 2057 574 1899 1452 677 657 2291 2580 2435 2683 1185 1777 647 2639 2708 804 2436 2286 2598 686 682 2438 329 491 1592 1076 2569 1876 1639 1937 2393 948 1944 137 2248 2382 1464 116 1212 1473 2813 899 447 2308 2207 637 97 1869 2741 482 1606 2319 2041 2719 2135 521 2583 725 2712 485 1723 1721 1439 2022 627 2657 1055 2728 696 2272 1175 2704 1825 906 67 2294 2617 2748 589 2506 970 2827 965 524 2732 1012 1298 695 1463 2766 404 182 2256 2825
161 769 1710 1788 1895 2650 2482 1701 433 1489 2289 1417 860 2375 197 173 1029 179 2769 348 168 2454 925 1369 1870 319 2011 2649 2840 2130 26 712 2714 2735 109 1253 1759 2050 645 1663 1045 445 169 1679 1842 2837 1444 1649 951 1181 1617 1993 2131 1307 2818 18 2757 1782 2510 51 1834 623 2836 2622 2076 2088 1623 480 906 1135 550 1775 1099 1753 1422 2044 735 2084 1552 1054 1640 2553 904 1955 489 1381 2530 947 996 2501 1491 261 2439 1544 1956 1328 431 250 649 518
1419 392 301 2331 519 1894 1707 257 1138 742 1871 1731 535 2843 253 1992 2341 1527 773 2763 1007 2377 1385 1779 1800 1645 406 336 1516 937 248 1454 2145 709 538 1442 2102 843 1498 2613 1455 1068 1133 1546 2219 648 1969 94 338 1131 1670 730 2746 749 1020 2299 1526 288 1379 1325 1005 855 2516 678 870 1511 821 2251 568 1243 881 1778 1424 186 1850 2609 1573 1479 1387 610 2697 2095 1466 2519 1040 1581 2087 984 2196 673 365 2680 2417 2243 883 416 2543 605 2005 320
1672 2437 1990 44 1836 2249 1178 16 761 2317 2700 47 1469 676 2180 1224 683 2523 1116 1483 376 1447 1713 1714 1838 34 1183 2422 1449 291 465 1057 2190 95 1176 596 834 132 983 1914 2129 88 1277 1749 2058 1476 2202 695 2555 1727 1304 2547 60 2745 1743 1631 2785 2441 1856 1103 824 339 490 2111 2296 1693 576 2695 2827 832 269 2235 845 889 1561 1073 792 441 1044 2431 1069 603 1747 1523 2758 1431 1462 222 1346 1999 1790 820 91 1968 2226 680 2514 2656 888 385
631 1290 2282 921 2064 1017 1518 2596 2093 2796 1909 1879 2140 394 2049 1906 1058 451 1567 1604 530 1301 2392 446 1237 1981 607 908 1613 1119 662 1978 2262 2257 984 1621 2696 391 660 1614 1384 1331 1673 542 710 337 54 487 2259 1554 369 124 1739 813 942 2357 338 2782 1893 435 1002 1466 412 2318 1370 2006 360 678 1174 644 730 1147 1387 1904 2560 2830 708 1016 1581 1571 1460 1989 2573 2507 1324 774 1479 1853 1791 1305 2664 1634 1215 1407 1073 1615 1491 1181 997 2065
2716 2552 2191 238 1708 523 2181 2500 175 587 505 1563 1827 2819 2283 1896 458 152 2479 2119 1532 734 28 313 849 2674 1741 1339 2099 330 696 354 120 2250 2527 2742 972 2193 847 2370 711 2177 2681 2689 109 2365 2557 1111 1746 1376 418 633 81 872 671 1885 726 772 295 780 1929 504 1281 2199 261 1099 53 1924 2715 705 532 2137 503 1481 963 1216 1102 68 2534 2244 344 999 2470 1775 1789 456 806 113 771 534 1181 1568 345 2597 1438 1407 331 2273 389 1135
1911 2355 2218 2512 850 222 897 1479 320 1387 1200 2642 1504 1682 1436 2318 2691 1933 2071 1790 1621 2420 2446 2362 144 1267 599 2537 2452 2156 1676 836 2096 1098 2394 2645 2460 852 1321 666 908 935 1718 2432 755 2593 2098 1946 2750 2514 1638 1778 2443 99 1619 208 2587 1982 1305 1044 157 1599 1483 2201 339 630 1447 945 1425 2249 796 557 44 1750 1973 477 460 1002 595 1380 2342 459 105 2075 16 879 2450 1373 1925 1047 1863 2317 1736 1263 403 1709 624 1145 392 2298
2641 2550 107 2604 1507 728 1177 2414 1104 55 2176 1669 397 1194 575 2754 2019 1691 1211 153 796 2326 736 1745 1467 2159 2234 2494 2360 953 924 1471 1919 1089 1482 1601 1488 1748 896 1690 2383 2080 1162 441 272 1970 15 2768 1085 1184 477 2711 1028 2179 306 1738 2740 379 32 2233 1943 1198 102 1222 1957 2310 373 2254 560 917 1066 1602 1367 1487 1397 1459 357 2802 816 1423 187 2214 2073 2733 2636 2536 579 2368 541 2297 2661 1854 1950 2086 2106 1372 1420 517 778 1404
1495 1396 355 2660 1105 243 1002 1370 966 2458 607 1554 813 1742 1676 1031 2257 1237 1981 1565 1287 451 2369 1384 1567 1331 530 2803 446 1604 2049 1058 1301 2600 2140 2696 942 2796 2085 1673 984 1681 1518 1614 2282 50 1017 1705 1508 487 1695 2543 791 631 1290 908 337 2664 1739 1000 1119 1893 416 54 1853 2392 2147 144 2357 662 1978 2361 1879 360 871 1613 515 542 1766 1052 2259 710 2262 1906 2464 301 152 1035 177 975 2578 2782 1455 2404 1154 2353 2829 747 1839 244
63 2022 1019 1394 545 2066 1333 1213 182 304 2178 2113 853 1353 1300 2277 1685 1087 1801 954 1363 2242 483 898 2216 1389 149 2546 240 924 714 2504 1883 576 1785 2579 1288 2555 2072 1115 1712 1558 1760 1298 1749 783 751 1703 2542 1166 940 1928 540 198 1798 1971 251 1207 1197 1434 1590 1727 824 2452 1631 953 1343 2737 789 2777 1513 2547 2353 617 1471 962 436 2238 895 581 2666 614 1093 1487 1228 101 215 93 529 1683 1561 2497 2772 2540 724 650 2409 75 1753 2759
2510 431 1839 1035 70 1753 2561 2777 2772 1125 2077 2478 767 1252 2015 2818 1834 277 951 2622 1533 1557 1390 1980 1394 2757 1759 997 395 1938 315 191 1801 545 1130 1165 2471 1786 1747 2 2302 2686 2066 1310 2546 601 1115 889 769 646 1842 18 1300 707 1107 2507 2381 1904 1427 835 1971 2277 2601 2555 339 1137 2178 103 2574 5 101 85 63 2506 178 1908 581 1955 2504 393 165 20 1559 304 2483 251 2540 433 924 1357 2494 1323 1591 824 1830 1412 1443 230 508 1087
13 2210 1272 2520 640 2671 1754 2421 377 1038 2578 828 1041 1949 2083 2798 1374 2629 1429 1337 2828 2428 323 1668 672 2602 1910 2539 2415 933 2047 743 2217 2568 370 427 56 1329 2221 2839 2423 2267 2032 729 1399 1189 2038 1070 2120 2031 1256 964 340 1793 698 955 2335 865 1890 1888 901 571 358 332 932 2227 2380 2808 2743 979 1049 2108 2132 2570 1952 21 289 554 176 1053 2786 142 1521 2425 839 1562 629 1820 568 2640 868 1266 681 1068 1065 123 882 893 1393 1120
767 431 2510 277 1839 1443 1035 1747 1753 1125 2686 1938 2772 2777 1833 889 2478 2077 70 2561 997 1980 1390 1252 18 1759 2015 1842 315 2757 2622 1165 2507 2302 1460 2818 191 1904 1401 2496 1608 1235 1667 103 951 1834 2 601 1557 433 297 369 1533 1186 688 1323 1845 126 2494 578 2574 924 1895 2315 819 827 40 612 211 1137 2506 424 2663 769 374 998 2289 1821 1361 400 1720 2747 835 2702 173 2755 1397 325 1080 2460 2532 341 988 569 1671 2521 2706 1340 19 1733
767 431 2510 1938 1443 889 1747 277 2686 1839 1833 1035 2496 1980 70 18 1753 211 1842 2 2561 601 1125 2772 2777 2663 2478 2077 2532 2818 1834 997 951 2015 1390 1989 1252 2622 1557 2315 1759 433 2757 1460 315 1895 2702 769 2685 369 2289 926 395 1394 564 1165 924 2288 2506 1107 1533 2302 40 2494 1955 39 161 72 1401 2738 1733 1329 2507 1608 2650 1818 1949 835 1904 424 989 2175 1137 1310 2574 1727 2555 400 2210 2277 738 191 1462 1180 2375 1856 1219 173 76 1081
2809 1721 1874 1473 1876 2435 12 173 2057 67 627 2583 1223 2438 146 574 637 1810 1895 494 682 2683 2657 202 491 677 657 2291 1592 1265 1433 769 2810 2617 521 647 1406 2507 2089 939 1928 2598 1075 2736 403 1150 2779 2375 2708 1899 2509 2436 2569 2445 197 372 2526 2728 1759 1027 1439 997 1572 10 913 1865 1980 1165 1417 2297 1228 1723 876 145 2805 140 2580 447 161 1012 2427 2635 74 506 2666 2051 2653 2240 1844 255 2561 258 2022 2077 1832 433 2724 2804 1286 2099
1363 2216 785 2502 1288 1703 2841 2567 1605 2152 1365 1214 2141 22 2022 2612 2401 869 2751 2353 2153 1171 63 894 732 84 851 42 333 1217 419 1139 1333 181 40 1019 620 1632 856 2048 1797 214 2037 1232 941 1927 1661 2554 106 2562 1596 1371 1749 182 2666 746 1504 2348 1953 1425 1397 189 2278 335 1336 2720 2162 1103 1283 2079 96 1433 1727 2507 2591 1659 2498 1251 724 2726 2404 2425 762 1032 5 1394 271 815 2807 1108 2229 420 2526 2440 1931 939 2831 924 997 1738
28 505 1896 1563 2500 152 734 238 458 523 2819 313 175 1827 1339 587 2674 2283 2181 1532 2479 1741 2119 849 2552 696 1708 2191 2099 330 2716 354 847 2742 2193 2689 972 2365 2250 711 2534 1746 2557 671 705 2527 1376 2177 2370 81 120 963 633 1680 772 503 2322 532 1111 2681 1117 68 2052 2028 1314 1704 456 2228 2806 295 1543 614 1335 1282 2578 1475 481 408 1991 1883 569 1461 76 1065 2692 1240 1852 1610 737 1401 653 1835 2273 602 2561 2592 692 70 2396 207
1934 1656 2501 943 1405 2044 2411 2528 1102 2817 2832 85 635 221 312 1644 2790 188 611 987 556 1926 817 2300 2082 1319 2270 1624 1407 1386 547 2631 630 1092 2344 2449 2574 4 2397 2564 2800 2337 1983 463 2358 178 1428 2770 1029 2424 1552 2606 2724 559 1414 977 1151 1172 1848 2307 1046 1422 2676 904 489 2670 2007 784 1486 2312 260 1674 2652 622 1313 1627 1666 2419 1835 110 2035 74 970 259 712 606 201 826 1307 524 769 2735 659 2011 2133 2646 1468 915 2375 2272
1371 1960 851 1113 40 909 2263 1144 1198 2494 592 1232 2573 327 1987 117 815 167 924 2361 20 2726 2203 2152 1462 953 1744 2162 1659 1184 2502 474 1066 1687 1471 1400 481 1757 1922 1738 781 400 2521 2567 2030 690 510 940 796 1394 2620 629 1661 104 1019 2623 2661 2542 1502 84 182 1426 2141 2691 1605 63 2507 896 396 37 1880 850 1641 1477 1487 1591 2768 2022 1802 1844 1219 360 1632 1397 23 306 565 1798 1866 2831 1488 856 2410 1954 997 1616 738 1904 479 1402
1054 1328 1444 2767 1663 1649 2837 1679 947 169 2836 1623 2707 1782 645 1381 1993 2011 1261 1617 445 1422 1045 2840 440 1658 1544 2439 51 735 712 155 2352 2241 1218 2050 2130 194 1552 1860 1029 134 860 1640 2628 1407 319 197 1208 1468 904 1307 2133 900 260 2735 2088 1253 1486 179 674 1437 550 563 1840 1489 562 965 489 2076 906 2826 769 659 2815 2652 2084 1148 2424 2337 201 463 1051 1428 1369 1046 992 1710 2714 2358 1775 109 2046 986 2515 559 2454 259 2312 2606
1882 956 1802 1995 644 669 909 115 661 2442 971 38 2194 1880 1768 829 1536 2261 2168 636 1025 582 476 42 2688 2197 1520 2188 387 1283 3 2210 2573 1221 2727 1083 2720 629 2476 1642 2278 6 154 40 1761 2048 1227 2677 285 2399 2678 2726 372 43 546 2761 1318 1538 197 1895 1496 888 640 1 1476 1234 2431 1856 1392 1702 1594 2607 257 2425 991 814 2745 98 2386 416 1180 307 2783 1487 210 1108 1366 1744 1807 2202 2327 1947 741 2562 2498 1153 2807 1539 1215 1084
2502 1605 2152 171 621 2612 2608 2401 851 1232 45 2182 2831 1251 2056 2760 236 1064 2841 1286 2705 1364 2522 785 1371 2678 1217 183 1139 1797 2263 2348 333 506 40 594 2197 959 2567 37 2591 1844 335 2216 1738 148 117 214 1866 856 1703 1953 420 309 1458 1987 1198 1288 1397 1570 2571 1560 2203 2768 2230 1365 1907 2116 1641 1502 2141 2179 815 1960 629 1916 2079 475 1363 1184 1488 565 1726 2160 2572 2494 1315 1013 1144 2677 2386 907 229 861 2425 84 1659 306 1336 762
1252 2015 1834 2818 951 601 18 1842 2 2663 2622 1759 2757 1557 315 1390 1165 2302 191 2161 1753 70 2510 2077 431 2777 1125 2478 2772 2561 1839 1938 2667 1443 1747 2315 1833 1989 1035 2686 889 2685 2702 522 126 1980 767 895 2409 2755 93 1166 768 1767 1427 702 1533 848 1107 211 1122 1845 2395 1830 277 832 1590 1786 2653 1310 101 903 853 2247 769 1462 378 1928 2471 2381 2023 2496 2699 1073 2504 789 1646 2601 1114 1549 173 1971 1115 1670 2532 931 395 557 261 1900
1926 2790 2300 817 85 1102 221 943 611 188 556 1656 1319 987 2817 1405 2082 635 2270 312 2832 1407 1934 1386 2528 2411 547 2501 2044 1644 1624 2755 2045 1584 258 2770 414 2023 2631 630 2574 2344 770 2375 2449 2397 2735 1369 1552 2724 769 622 2800 1092 712 2307 659 2358 197 74 259 2753 1029 1417 2454 178 433 1414 1461 1046 463 925 1788 1870 550 2011 1993 141 977 2391 2272 860 2007 489 1848 480 1324 1320 260 2670 2676 559 1983 2649 2177 2714 606 2545 784 1796
1660 2607 1480 2633 1366 385 1816 2431 814 867 1025 160 1530 2094 1078 640 352 1069 2403 1041 1982 2210 1539 1421 2421 1242 166 1910 1341 2648 2175 879 2758 1619 1038 2738 1349 2460 1863 557 2833 2524 2783 342 685 13 2473 2811 2139 2520 2839 961 1754 299 1329 2092 667 1337 913 1 1607 2083 2269 1572 1059 2226 551 888 1925 2576 1814 2675 2385 1549 2671 234 651 741 955 1520 1764 1189 2412 1837 2335 273 1181 1988 1272 237 527 2246 370 1990 2727 400 2363 317 2437 476
1055 2728 2207 204 725 2766 1547 2294 2511 2068 722 79 2665 1056 1944 165 2825 2305 2842 1130 1940 2558 1825 1067 246 1134 2506 362 447 1841 1986 2258 1962 1126 442 2736 1935 790 692 2319 2292 2135 526 2741 1452 271 864 2542 2440 70 274 1721 508 2719 2054 2777 103 1300 1057 1212 545 2507 1942 1353 1798 1753 608 646 2066 994 2772 1252 1427 1323 1315 2818 1125 2555 1394 202 1606 1277 2015 333 997 251 137 140 1908 2478 2787 783 483 2576 1075 12 1749 240 1998 1464
1314 1955 2265 1302 2789 890 2105 2199 1117 2306 2470 968 1182 235 162 367 261 1974 2764 1156 1010 1003 507 1164 2814 2144 872 2799 771 1823 553 1543 92 2594 316 963 699 2812 1991 68 1873 552 1885 877 649 1441 1109 2237 2822 1099 120 602 1135 2597 2774 1327 2212 1917 2028 740 1332 2610 1461 1376 1650 670 1852 1956 1774 2193 1111 972 2527 2177 633 2343 2770 414 200 2698 2592 2773 532 2052 503 671 1680 533 1843 1961 587 655 1024 1924 2099 173 2557 2819 2565 2250
254 1642 3 2490 2405 2170 1958 652 2336 2536 1136 929 2157 1985 66 765 1246 2434 825 282 14 873 1574 2426 779 1245 1745 2453 2489 1403 862 1846 2699 1538 350 1633 2247 1751 2083 2783 2582 2843 1002 1336 2493 1040 2079 1013 1716 2838 569 2416 1966 12 131 1946 605 1228 610 1934 1576 300 2788 2230 824 1875 988 2256 2260 7 1431 919 2588 1656 294 2581 762 1963 2778 1396 247 495 2561 2718 33 2647 2830 2375 355 522 197 1910 193 1907 1102 1794 2571 2160 2228 2386
352 2269 2833 299 2092 2576 2139 969 2371 428 2484 2844 264 1549 2797 1982 879 1122 2455 1925 2412 741 2648 2255 2776 837 2226 667 2189 317 1349 1009 1201 2063 1735 90 2811 891 2213 2403 2138 403 1338 1539 1826 2094 1571 1242 1814 687 1159 1619 1863 1815 1366 1816 913 642 1480 17 846 2486 1421 2473 2731 2175 1589 234 1025 1530 1698 2266 867 557 1520 1078 600 685 342 1 2223 2633 1071 1622 226 573 2524 1572 1291 814 46 1238 160 1101 551 2100 2431 1660 2460 267
1314 2265 1955 2789 1302 890 2306 2199 1164 235 367 2105 1543 1823 1991 261 963 1182 1974 507 1117 2799 699 872 162 1873 553 771 2764 1156 1003 552 316 968 2594 1099 1010 2814 2597 2144 877 2470 2822 2812 2610 68 1885 1917 1135 120 1461 649 1650 2774 92 670 1441 1774 1109 2177 1327 2212 1852 1376 2343 2770 533 2773 2237 414 2527 602 200 740 1332 2028 1961 2017 633 2698 972 2099 330 2193 1956 391 326 1111 173 324 671 587 31 1118 580 2316 2500 159 458 1647
1298 2116 1114 848 2624 1434 1830 2022 931 1277 2503 1767 2471 182 2678 954 2737 2197 2522 702 2386 2058 1333 398 1749 63 1340 2601 45 1004 1336 688 126 506 1251 1364 2571 903 1908 1107 297 1315 2056 103 815 1631 540 40 1844 1960 1019 990 1845 2555 502 1235 1458 762 1821 2305 2831 2401 1608 270 1712 1726 768 1720 2761 2276 1013 400 1286 1064 1999 861 167 42 565 1310 2182 1685 2612 856 851 1987 522 2566 2112 1760 2072 1536 1323 309 2079 1269 898 2705 2615 1255
2700 1116 47 2180 1714 1224 683 1713 2523 1838 1178 1990 34 676 1836 1672 2437 2422 465 44 2249 16 376 761 1469 1483 2317 2190 2129 132 983 2745 1176 2202 1914 1057 88 1856 291 1476 60 596 1447 695 1449 2111 95 2441 832 1693 1743 2656 2785 2827 2547 1183 889 1535 1561 576 792 824 1747 1346 2016 2149 1631 310 2235 1103 1594 2327 1999 1727 1749 2694 834 1304 404 2206 2555 2672 339 1773 1609 1195 112 2686 91 1242 544 500 1795 1478 2 2296 1499 2514 2590 1849
2833 299 2269 2092 2139 2576 2484 352 2371 428 1549 264 2844 2797 969 1982 2455 1122 837 2776 2412 879 1925 2255 2063 741 2648 1009 667 1201 2189 1735 2811 403 2213 317 1338 1815 1589 1826 1159 2403 1619 90 891 1814 557 2138 2226 1349 1863 2486 1571 2731 600 1242 1622 1698 2094 642 846 226 17 2473 1421 913 2266 2223 46 2175 1071 2460 2385 1539 234 1291 2338 2215 1 2654 867 1530 892 1824 1994 1572 1238 180 2710 1366 1816 267 668 573 1078 2524 2717 2100 2273 195
1575 1758 493 797 1947 57 2374 2418 2004 1665 280 133 1034 746 756 689 2330 859 2461 294 1792 2327 1664 1930 1580 2229 1861 366 570 2184 1358 2125 1765 548 1724 2174 2456 1375 1196 976 2838 1279 421 1234 588 1392 2186 422 1276 2541 516 150 210 2548 228 793 704 2672 2694 1859 2581 2123 1081 2039 77 583 934 2332 857 1350 1776 1457 1551 720 1292 263 801 1497 2356 1887 2659 2590 1877 1229 2206 2739 287 885 1191 1086 1542 656 1377 2198 1043 2321 1345 1193 38 706
2755 2045 2023 1584 258 747 770 1320 1557 414 1007 2622 315 1707 2077 1073 1980 1992 1390 70 1759 2757 2494 2478 1125 248 2561 360 215 2302 436 2777 2772 1753 101 1325 730 1165 737 1739 1900 2510 2259 997 648 2015 257 773 710 1853 1842 2782 1442 1466 338 843 1968 328 2251 709 1454 18 54 542 1138 1020 538 742 660 519 1252 1660 1871 2507 2756 989 1800 1832 1133 1969 1476 2179 1731 341 76 406 1779 2315 191 1511 2676 2040 1231 94 2733 2630 2830 924 2297 535
1325 1526 2516 1442 2145 1779 1385 1511 406 1969 1992 773 2763 2102 1007 1707 519 742 1138 1800 1871 338 2613 664 1731 1645 288 2110 1894 709 730 186 257 843 248 1466 11 2609 648 1783 538 870 1133 2219 544 1079 1968 811 2377 1424 2746 2251 1546 1670 1005 410 568 2290 1573 535 94 2331 365 717 2730 112 1498 881 301 336 253 1454 1020 1455 2560 1516 435 1068 800 1581 1527 2680 2005 1794 610 2549 1850 2697 1379 593 2302 855 1309 2299 1142 2519 821 2095 1243 2243
751 1019 2242 777 1996 1091 540 2288 1357 230 1818 2114 1986 1825 2495 63 725 39 1940 1130 1561 2281 564 926 2493 581 1180 12 76 2207 182 362 1389 407 2022 1841 1943 2542 1353 737 1137 739 165 1197 541 614 2066 1394 2558 634 1685 1689 2073 2204 1947 1194 341 2603 2554 1334 1087 479 2489 1207 187 2759 548 545 2143 1950 2247 55 2430 2638 1257 212 543 24 2176 2579 1846 2506 2239 397 862 2184 2293 2036 419 2021 372 1971 920 853 1055 1219 29 1496 2728 2258
989 341 2040 364 803 2381 101 737 1900 215 436 374 2114 2759 581 251 328 766 1683 2238 2579 1357 1091 1137 2504 407 572 1427 2495 76 1996 926 1818 39 564 2288 1180 1971 2281 1230 230 1898 1257 1786 777 1115 2277 2113 1389 2066 2546 545 1883 304 1213 2644 1207 2178 1801 1559 1353 1394 1300 1951 1306 614 483 2540 2242 898 1093 1558 2072 1361 789 1166 1106 1087 395 2784 485 1451 751 714 2000 240 727 2409 589 790 93 2077 1130 1962 2478 646 692 1175 453 1590
909 1462 2361 115 1144 1891 521 594 1916 1723 475 2617 2494 2712 619 1371 1397 2308 420 1801 1232 2261 2077 2495 2346 76 1922 1502 1394 40 401 1757 650 2810 2768 2478 2203 1137 306 2179 2841 341 2194 1987 2055 851 1570 148 1180 614 1221 37 2644 1839 1738 1605 2816 1035 117 459 2666 2022 101 1023 2502 924 2573 1306 1865 989 2784 1487 2747 2277 2561 1113 926 2404 824 2089 980 1283 39 1184 1091 2288 1960 2043 1231 2772 400 1199 375 1198 1357 240 453 529 2245 285
1778 105 2394 392 1419 416 301 1882 144 2331 1946 883 355 11 956 1396 1200 1219 519 1002 871 424 688 1006 1880 502 2471 2452 58 1186 664 1416 38 1283 1495 1839 1170 2573 1287 1906 2188 997 2147 2204 1105 2197 103 971 1565 490 1263 1460 874 2601 42 1908 2110 2082 984 520 2803 19 908 1108 585 2562 1386 400 705 2270 1496 1948 284 1894 2528 320 369 2718 2272 2314 1096 635 197 2044 614 318 2507 2478 1621 85 988 1538 1249 569 2498 2772 2361 1323 725 2289
1394 2022 63 853 954 1801 545 1019 1333 2277 783 1685 395 182 149 2737 1298 1798 962 1087 2323 1760 529 1712 2072 1343 940 1213 2178 2542 304 614 2112 949 1004 1434 724 2066 485 1207 1631 1928 1230 1558 2656 1451 898 2149 1999 2555 714 2540 198 895 2113 93 1361 2409 2242 75 1590 1363 1103 1749 2016 589 60 1971 2644 1137 1166 1300 1306 2058 2054 1175 1727 1785 727 576 617 924 2579 2497 572 596 1106 1427 2353 1197 2504 1693 540 2841 2216 1951 834 1605 1795 1839
576 1019 1631 2242 1561 540 63 751 2022 2542 824 2547 1087 182 2555 1394 1103 1197 1590 898 1928 1166 1333 617 1298 2058 1334 1749 1999 1300 1727 93 1685 2737 1558 596 2072 614 1434 545 1277 834 714 1207 895 1343 465 2409 2112 95 2579 1801 2277 2066 483 499 954 1353 1389 1004 291 940 1535 1689 1883 2197 2493 1743 149 2827 1760 783 240 1798 1304 2441 634 1712 1483 1176 853 1115 374 376 310 2330 695 2504 2785 2700 1804 1137 2546 251 2016 1847 1971 132 304 366
1636 1316 1496 1965 2556 1948 1416 1586 2367 497 950 1897 1051 1096 659 2815 2272 1362 2046 992 2628 1218 1752 194 2082 1840 1658 2352 1261 85 2439 611 1319 2241 1552 1860 188 817 2270 987 635 547 1544 312 1386 2790 2411 1926 1381 712 1307 1102 674 1428 1046 1624 2300 563 221 2574 1045 1848 2545 900 1486 2007 978 445 2011 2713 1878 489 906 1437 2714 2084 559 2652 2528 556 943 2817 201 904 1208 463 1644 1710 1489 1468 2358 2337 2840 2133 168 2675 2034 2501 1123 2035
909 2740 154 2749 2442 2498 644 2688 924 2188 1596 2562 387 2720 1487 229 1059 1802 1882 953 1471 1167 43 1880 2513 1979 2448 1355 2444 2573 971 1811 796 1803 956 2476 1198 2494 1509 1866 2168 476 511 104 974 2591 1602 1324 473 1733 2823 147 1488 2179 2128 2710 1904 1995 117 127 2353 997 918 148 2508 306 701 307 2216 1144 2013 2339 2595 2507 1502 412 1278 1524 1194 2390 2351 1529 2169 474 907 2641 1629 1696 1184 2278 2111 690 735 2781 833 1407 2131 669 1608 1176
1055 725 2728 2207 1940 1825 1130 1986 165 2558 2294 1056 2766 2506 2258 362 1841 1944 1962 1126 790 2825 2319 442 2736 447 2719 2292 2305 692 1547 79 204 722 2842 2511 2068 1057 2665 1134 1067 1721 1601 581 2036 2165 2734 246 2741 104 627 878 12 29 2314 2809 896 871 2533 2757 2000 67 1417 1075 1464 1219 2013 751 2838 1125 2647 1391 404 2542 1334 1473 985 2359 1958 1935 103 555 767 1324 1401 864 532 1194 974 1019 1762 53 781 1252 193 1728 2777 70 1499 1452
2677 372 1570 629 1221 546 475 285 6 973 582 922 820 468 1916 650 40 2666 37 851 1232 2643 298 411 1891 1603 117 1198 2346 2494 759 2387 980 1502 1960 1702 1537 2816 1723 2179 1015 1184 327 1738 459 1285 2118 1659 281 420 1397 2768 396 690 2058 1188 1227 1697 1884 2043 834 1488 2216 148 1113 2171 1641 2203 2030 474 1456 1541 2268 1144 1084 924 42 1205 2573 1591 1462 1153 2791 122 1277 1023 1536 1284 339 1605 2168 2627 2507 829 835 807 2263 1340 2555 510
2185 1694 2584 143 1411 1684 1440 1129 718 2298 386 2529 2517 2616 958 1630 1445 787 30 1360 638 2271 1514 2619 795 810 1446 71 697 1294 2481 2246 1270 665 2363 1939 1112 752 741 1258 1629 203 557 2468 1925 1982 879 1549 2727 2139 2014 1646 1974 1814 1548 2499 1619 1297 1122 2731 2124 2075 2460 2213 641 2273 1524 195 155 2228 2677 1855 2011 624 1373 1807 1118 2385 1338 987 1824 1472 2844 2062 991 1061 46 299 1617 1324 2801 598 1295 888 2367 372 2001 339 85 134
2068 722 2665 1547 246 79 2511 1134 204 2842 1067 1841 362 1962 1126 692 1935 442 2506 2292 1130 2736 165 790 2305 2558 2825 447 1986 2258 1463 2766 2041 2319 2719 725 508 2728 274 994 2625 864 1825 2573 526 271 104 1363 1353 2207 545 2554 2037 2692 1677 419 42 1402 1163 1632 1606 1703 2153 894 2440 1893 608 177 1998 345 1892 567 1940 1408 1401 350 217 2530 1305 996 2335 2829 813 2257 1942 96 1396 2135 141 1336 189 459 1089 1584 255 2425 2741 1088 1315 1927
2555 1727 834 2058 1277 1087 1749 2242 1019 1631 2066 2178 576 1785 1590 1394 63 2785 304 1300 895 1103 1561 1928 614 2022 1115 1914 93 1389 1166 898 751 1558 2546 581 1513 545 1353 2579 2277 2072 1093 483 1228 2542 2504 2317 1795 2452 1847 1213 777 2409 1304 2114 1137 1801 824 1773 2113 2441 1904 997 1207 2202 2507 940 465 1161 2777 761 714 1176 617 2197 2422 1346 2547 924 2238 2745 1533 1883 328 724 2190 783 1476 1999 1856 1753 832 1996 88 1363 1125 2772 1971 2000
1453 1490 2433 100 1796 715 2721 2545 1569 48 2034 2376 2713 562 305 2309 64 1901 439 2650 231 343 206 2603 2305 2229 51 2808 697 2435 2842 859 153 1191 1749 659 2741 1743 2567 1514 2272 2391 201 2826 1640 976 1836 2672 2258 2135 1277 1631 2189 810 71 632 1785 1228 20 1841 282 204 247 1916 787 725 1727 1358 1542 30 1744 1445 899 2700 294 1212 1363 1266 638 2708 539 132 2271 2346 2001 1103 116 1765 695 746 168 182 1773 563 924 306 2642 38 588 1661
2843 257 1068 1894 1871 1731 749 2299 678 673 855 1850 1138 593 2492 774 1913 535 1936 2005 2006 2243 821 2251 2697 1142 1419 1174 1094 2417 1466 519 2087 1527 1498 2613 2377 2519 2196 2680 881 800 1645 2341 1670 730 1707 1800 742 416 2609 336 2331 253 870 1379 568 1455 1020 392 288 301 1946 1581 2830 1131 1243 2364 2788 1040 2560 610 2746 2151 435 2420 1966 937 1311 1992 1309 1442 709 1794 1007 1968 2290 338 2095 1005 1110 1454 883 579 2730 920 1387 337 1154 2326
2171 2043 650 2666 2816 2810 1916 2346 372 820 1541 475 6 285 1723 1891 759 1603 1697 411 546 2643 1221 468 1188 922 807 582 1260 1858 1702 750 1084 1570 298 620 334 732 973 1083 980 829 1456 1285 1763 1227 2677 181 669 2313 2194 1797 1284 2268 2118 1015 2841 2130 2190 1153 2168 661 2601 2733 2167 1933 636 1884 95 2684 1340 1059 2012 476 258 1517 2202 1865 2471 42 357 2714 2240 769 1536 2801 2261 173 2727 462 2745 1410 2058 2525 459 956 1169 2387 983 1476
2138 1009 2455 1159 1815 264 403 2213 837 317 2811 961 2484 1816 2648 2255 349 352 1366 2412 223 2820 1480 1338 2481 2834 1615 1349 2833 1060 665 299 2635 1618 46 600 685 2215 1939 2372 1101 1540 1925 1294 1660 1549 2607 1698 1982 1446 892 307 557 879 2092 573 1571 2371 2486 2139 2340 1994 234 1421 2094 414 2633 195 2063 1572 2266 2269 1 17 2576 226 2338 1622 1530 642 1258 1520 2100 1270 2223 1341 428 913 2158 90 846 1078 1826 667 160 385 2738 2835 2758 1619
2609 2843 2613 288 416 1871 883 1731 257 1645 1138 1800 1894 742 2341 1707 535 1527 1498 2377 253 870 1068 2095 2196 821 1850 881 1007 2299 336 2243 2417 1142 1455 1670 749 1936 2697 2251 855 2519 664 1094 2680 519 800 673 1466 2005 593 774 2087 1913 2492 678 2331 843 2006 1454 1516 1419 538 406 1174 1779 1385 2219 709 773 301 730 1992 530 1546 1372 937 2516 648 1832 248 2102 2145 2746 2335 2297 1329 1745 1526 2808 10 1743 1237 1266 338 1952 902 1079 469 2839
2766 165 2558 1130 2825 2207 1056 2728 447 1825 2506 1940 725 1986 2736 1126 1055 442 692 2292 2319 362 1962 1841 790 2719 2741 2294 2135 2258 899 1212 137 116 1606 1944 1935 204 1463 97 2041 1547 2511 2842 79 2068 2665 722 1067 1134 1874 246 1223 2435 2305 104 2683 494 2057 2291 677 146 1452 1473 574 1076 1899 2813 608 1721 2440 1937 251 864 2113 274 364 1408 2809 70 101 2569 994 2639 647 271 682 444 1427 2382 657 2777 526 304 1942 1555 1639 2540 329 491
2185 2584 1694 143 1411 1129 1684 718 2298 1440 2529 386 2517 2616 1445 958 1630 787 1360 30 1514 2271 638 795 2619 1446 810 1294 2481 697 71 665 1939 1270 2363 2246 1112 752 741 1258 203 1814 557 2468 641 2727 2731 1863 1982 2139 991 2801 2385 1925 1629 2213 2460 1295 879 1549 1373 46 2771 2273 1619 583 1122 2075 1297 2833 127 2367 2524 2844 299 888 987 1807 1081 2231 950 1824 85 2677 1215 2228 20 1097 1652 2710 2100 1974 1 1338 2269 1855 1735 1646 2011 2738
70 2561 1125 1753 2772 2777 2478 2077 2510 431 1035 1839 2015 1252 2818 1834 951 1759 2757 2622 1842 18 1390 315 601 2 1165 1557 2302 2663 191 767 2315 2702 1533 2161 277 997 1980 1340 1908 2601 2685 2289 769 433 2471 860 2130 502 990 2482 400 2755 1938 1329 2507 1747 1989 2494 904 179 1310 688 1739 2664 835 2686 173 2699 2782 1130 103 2259 1232 297 1502 1489 1904 2839 2661 1853 889 1786 2045 1833 1920 827 1443 1975 110 497 1962 258 2546 853 1895 1666 1674 250
140 1868 1452 494 146 2580 1899 2435 1185 1874 657 1777 2057 2708 677 574 2291 1223 2286 2436 2683 647 804 2598 682 491 686 2639 2438 329 1592 137 1076 1212 2569 948 2248 1937 2393 1639 2741 1464 899 116 1606 2382 2813 1944 1876 2135 2583 1473 725 2728 2207 627 1055 2842 97 67 1798 1869 2748 1959 1459 371 2041 1748 1463 404 962 321 876 10 2701 2319 379 485 1825 2605 86 1175 960 2719 589 1810 1195 145 2016 447 1298 1723 1950 841 1576 1609 2036 1067 2511 2329
2163 99 453 141 401 1628 2679 2829 177 1163 1023 612 981 2122 1903 1085 1145 816 461 2747 2636 2055 1436 460 595 694 823 208 2098 164 1784 2577 1510 156 1047 760 72 2126 172 2009 437 2775 399 1089 144 1233 2469 1599 2274 1688 2722 1976 1100 1160 174 1415 1088 1808 2587 2655 1404 731 2394 1241 369 1504 1460 73 748 1872 477 1455 380 1235 2218 105 103 1006 578 2192 1155 1734 1946 227 2314 1667 222 2229 684 2756 998 2460 1323 382 426 2774 1466 988 360 1265
1438 471 402 2301 344 484 936 806 1475 1918 1008 2059 2407 2531 655 999 363 1929 726 1568 331 478 2232 534 108 2429 2505 2465 1662 2236 1187 467 1037 1011 1216 1124 464 1706 430 628 1472 2053 1140 2765 2244 113 2406 780 1378 1648 314 1273 418 927 2137 786 1875 1050 1715 1789 822 1967 268 1275 1039 1635 805 390 2687 1024 1395 1048 2285 452 1831 653 1730 389 799 131 456 1655 295 2061 53 1465 1317 1262 1755 753 1921 2632 1281 1924 858 2142 1756 1813 2715 1022
67 1075 1810 627 202 2509 2583 1406 1012 249 2350 2121 1001 12 2809 1055 520 2507 2728 997 1609 1944 725 1473 404 1265 424 1689 2615 2435 1874 1733 1334 1904 2224 960 1945 2777 2478 1739 1448 2533 2077 165 1252 2772 574 1594 2744 2320 2542 2621 19 1464 2558 24 2015 1383 232 2207 775 1130 1753 184 1820 1869 10 1722 1296 2756 777 1033 940 2748 1928 751 1517 2352 1088 739 2623 1707 2211 1805 1557 5 173 550 1125 2143 187 2753 2733 1149 2413 1478 257 1169 2451 542
2342 1638 1736 755 1806 2450 2156 1321 1098 1790 2645 2750 836 2432 1709 2096 2071 935 2201 1933 1052 897 1305 850 2512 2362 1436 222 1504 2218 396 2355 2627 481 1987 1865 1858 189 2691 419 461 477 2313 1911 815 2002 96 2060 2554 1844 300 2089 894 565 1214 2712 1976 1632 387 807 468 2153 650 823 1425 2308 2577 1260 1599 476 1872 1153 208 2188 1536 521 595 2617 682 2666 1211 636 281 1145 2163 2657 619 2101 506 1032 240 637 1217 2261 453 612 2747 1088 102 1927
2738 472 2340 1540 1618 46 961 892 2758 166 537 1069 1341 1803 1607 2835 2717 405 2614 1964 551 223 2273 1828 1167 1324 2635 1059 1355 2524 1044 1811 1060 2834 1421 1615 2138 1449 160 2215 2444 273 342 1242 154 2104 2781 1101 1530 2013 969 2740 2094 1824 2339 642 1057 2158 1078 2372 2231 1409 1572 1 2100 1571 2648 147 1622 226 1652 846 1264 2253 2820 2486 1994 349 2266 17 234 352 600 913 668 1338 1095 2692 1524 716 1698 2338 833 2208 1255 2466 912 157 1071 203
582 546 1221 285 2643 759 6 1702 1083 732 620 181 1536 1318 636 1797 42 411 2807 468 1188 2278 2677 2627 1260 2678 973 922 396 372 1084 2425 2666 298 2194 661 2476 1891 2261 1365 650 807 2171 1618 2816 2048 1057 820 2518 112 629 1120 2168 1147 2202 441 2190 1914 1596 1523 1697 1541 373 1723 2607 2251 2695 1110 669 2005 2648 2383 1227 2359 2562 845 1858 2680 1476 2738 1255 481 1462 1183 1726 2830 2608 1243 40 2374 2305 1199 1761 387 1421 2633 584 2474 1379 1366
540 1019 2242 1561 2542 1535 1346 617 751 63 1197 1785 832 1161 2129 1513 1847 1087 2022 1795 1773 1558 2785 2555 1228 783 940 789 1914 182 2827 2441 1103 1093 1590 2579 1631 1353 576 898 2504 2072 1394 240 1343 291 1928 1434 954 483 1207 1749 1166 93 614 983 1727 2066 1298 1176 1883 2112 2058 1999 1971 2054 2737 949 545 1685 695 2294 714 1004 2190 895 2784 1300 777 436 1743 132 1333 374 198 251 310 1427 2238 60 2409 2493 2202 834 1722 581 133 1277 1055 2178
2731 1122 2063 2399 1814 1589 2727 2484 234 1572 2385 741 1 913 1520 1735 2092 2371 837 2833 299 2844 991 2139 2269 203 1159 888 2412 687 264 2189 1982 1025 1539 1349 2403 1291 127 2255 1807 317 2797 1238 262 428 2266 1629 1338 1009 403 2710 226 267 600 2648 2473 1815 342 2213 307 969 2100 1549 846 352 2662 667 1059 1925 2339 642 1411 2226 1571 867 814 1295 17 2455 2175 1622 2576 641 2486 2776 1524 573 685 1509 1278 90 551 1373 891 1863 2541 2811 1242 2771
2479 849 2819 1532 2119 587 238 458 2500 1708 2552 152 1896 505 2191 523 1563 330 2099 2181 2674 28 175 1827 734 313 354 2716 2283 1741 1339 696 847 2365 2370 2689 2250 81 2742 120 1746 972 711 2534 2527 2193 1376 503 705 2177 963 2681 633 1680 1852 1111 207 772 192 2557 295 872 261 504 2244 671 2322 1774 1465 296 1117 139 209 2806 61 1885 2799 1924 1281 780 2809 2597 245 1314 2265 1231 1929 456 109 1050 1143 1555 1789 1135 1568 2715 1425 1099 1240 2831
1944 2294 2135 1055 899 1212 137 1606 2741 2842 116 1056 204 2207 2511 725 2728 97 1463 1547 2825 2382 2248 1464 2813 1076 2041 2766 1935 1937 1134 948 1067 804 2068 2393 2286 1639 1874 329 1721 1223 146 2057 2558 686 2291 447 2665 1940 494 1592 682 2435 1452 1899 677 574 491 2683 647 1185 2436 722 2258 79 246 165 1868 1841 2569 1825 2580 2708 620 1777 2438 2639 2305 2215 1797 181 1130 732 140 1299 723 391 2740 1168 133 637 457 1986 271 1126 2598 2585 1408 2233
1422 1993 1617 2767 712 1045 1663 169 2836 1782 2837 1623 947 1649 1444 1679 1328 2707 1054 735 1381 2050 1261 2352 2130 155 2241 550 1544 440 51 1860 645 2439 1658 179 2011 445 1218 1640 194 2714 2840 2454 925 1552 2133 1208 480 2769 1486 563 1307 260 2628 1369 900 1416 904 992 1051 1437 674 2424 2631 2337 1870 860 1046 2312 319 2652 1468 26 2826 559 1407 1948 906 2046 2358 1428 259 74 769 1123 1148 965 1489 134 1710 518 1878 826 2649 1840 978 2082 4 2606
1038 1041 2421 1754 640 13 865 2671 2210 1272 2520 1949 1910 955 729 698 839 1049 1521 323 2798 2578 377 932 2640 427 2568 2415 1266 2083 1793 1429 1337 56 2047 776 2629 340 2539 370 571 2474 196 353 1819 2808 828 98 2217 901 910 332 536 933 1890 1268 1477 743 1329 70 2150 2077 2428 121 769 2561 276 433 123 569 1549 701 951 1834 1557 1399 1952 2818 18 2772 1839 2510 2375 1374 2090 2108 1231 1759 1842 672 1753 2038 2839 2602 85 1297 2032 500 2686 2650
1179 2491 2328 1651 1977 1578 2252 1583 2682 887 1470 9 1579 998 2792 1531 1791 952 748 1769 916 2065 118 919 841 2778 227 2647 1063 2310 567 2042 517 930 2723 819 639 1667 1770 1920 945 1354 1854 114 1851 1585 1211 2575 2711 2729 1507 397 2604 1194 2550 107 2097 382 1177 1970 2019 728 2176 515 2349 1162 2379 2603 2641 1066 2414 778 55 1669 862 781 928 1657 2067 982 2462 1819 2405 1403 461 1367 2459 153 812 1691 1104 353 2754 2329 206 35 703 311 2234 776
2713 1453 2721 715 1490 2433 64 562 1569 2545 100 48 1796 305 439 1496 201 2034 1965 1316 1901 2556 2309 1860 2376 1636 1586 497 2272 1051 1218 2650 1948 2815 712 2241 1416 2628 1840 563 2352 194 659 2011 1261 231 1552 1369 2133 2826 1640 2046 1148 904 2050 319 1897 992 1544 26 197 1045 518 1870 2439 769 1307 1422 51 645 1437 1096 2289 122 1658 2649 2652 1878 95 674 663 1679 829 2375 559 1428 1054 2454 2358 1029 978 2538 943 1123 675 1046 168 2076 1319 1623
133 1947 2184 548 2374 1765 797 493 1664 756 2004 859 1758 422 366 1358 588 746 1575 1196 57 1081 1665 1497 2418 976 280 294 2327 583 1930 689 1792 2541 2229 1034 1724 2461 570 1861 2330 150 2125 1580 1279 2672 2456 2174 228 2838 516 1392 38 2186 2332 1276 1234 421 793 1776 2123 263 2039 1877 2590 1457 801 2356 1375 1191 2198 210 1862 720 2739 2659 2694 1542 857 2581 2548 656 1859 704 1229 2703 77 514 1350 1551 1887 287 1345 1432 2321 115 798 885 1369 1494
59 1407 1545 4 2389 626 2411 2528 2832 312 2501 2817 1644 987 1624 266 2044 1102 826 635 1934 1737 556 2477 613 1656 2270 2790 2082 1146 85 283 547 1202 221 943 1319 1926 611 1386 1405 1752 817 950 2367 1799 2300 188 1181 1416 2069 2473 1261 1584 2783 2010 1218 2781 904 741 659 1948 2139 1552 1338 2011 299 1873 860 2707 2092 1291 1046 1051 2692 2731 2545 1814 1623 2185 1411 51 2312 508 674 1782 2716 203 2484 644 344 712 1897 2100 1238 1029 716 947 1362 2675
2755 2045 1584 2023 258 747 1320 770 257 1557 1007 2077 360 1739 1369 2714 2478 1992 248 1073 2622 1554 2259 259 1266 773 315 1832 2772 2561 1390 843 1905 26 2494 54 414 977 631 487 2653 1397 860 1442 1980 179 2768 2297 10 1681 648 855 2630 2782 519 925 2843 463 1673 436 1325 85 2574 1853 1372 542 1253 1370 1035 191 2649 742 997 2733 70 2756 1839 2290 538 535 102 255 1192 2777 2676 1753 2617 2089 2361 215 1231 76 1871 754 2257 94 1897 926 2495 1125
2171 2043 650 2810 2666 2816 2346 1916 1891 1723 475 2841 1541 820 411 807 1570 372 1953 1603 750 334 1139 468 420 1397 148 922 285 2768 1605 6 546 594 759 1188 1153 1333 1858 1260 2022 2643 1221 2502 2636 335 1688 72 1697 510 732 582 1487 953 1738 1761 977 2313 2747 556 2732 1404 1232 611 2348 1213 738 620 2179 1172 1835 102 1763 2216 1983 15 2606 2735 1319 2627 1488 2230 1361 485 2521 1023 396 2387 2214 188 2419 906 454 1468 589 1100 1089 2148 2107 2272
2267 743 955 2568 1521 2217 1256 2415 427 2423 698 839 932 1049 1699 1429 2380 2629 2539 1793 2428 2798 2520 2210 640 1754 2421 901 1038 1886 1430 2671 13 1236 2221 1553 1910 340 1053 1272 2150 729 1070 2031 1041 571 2120 2078 1399 964 56 123 377 882 2083 358 2038 500 1337 933 1949 323 2828 2047 1374 672 2640 2578 2227 536 1888 893 979 302 332 828 176 2668 2117 2108 1668 289 1329 121 36 370 2839 432 1890 2333 142 2602 1431 1492 2808 2786 554 1266 878 292
2171 2043 650 2810 2666 2816 2346 1916 1891 1723 475 1541 820 1603 334 807 2841 750 1570 411 1260 285 372 1697 1922 420 468 6 1188 1397 510 119 1027 2643 1953 1139 1502 922 148 1858 2768 2521 796 2179 956 546 2366 556 759 1059 2113 1738 304 1213 2128 2178 1383 1296 1089 80 1326 1221 306 1306 2610 1809 1153 2272 1690 690 1881 2016 1537 1488 1082 1600 2234 2012 175 1228 1905 953 473 2508 594 980 2252 987 582 1061 1319 173 1043 2044 1624 1487 2501 1951 2588 1333
2138 1009 2455 1159 1815 264 403 2213 2820 837 2481 2484 2811 1816 665 223 2372 349 1294 317 352 2834 46 1572 2412 1446 1925 913 1939 1060 892 961 2648 2255 879 1366 1338 1349 1480 234 2063 573 195 600 1698 1982 557 299 2215 1270 2635 2833 226 1540 1615 307 1994 1421 2158 2168 2340 1660 642 2607 1 1619 2266 414 1530 685 1258 2223 1622 2094 2460 90 2371 2253 667 2727 1618 1101 846 2616 1571 2139 2633 2466 1227 2486 2576 1520 2092 2100 1409 1112 1549 1078 2338 1524
1801 2277 1394 529 395 2644 1230 572 545 2323 1798 2504 2579 962 2066 1137 1971 2178 853 2113 304 1087 1207 1213 1389 1115 374 1786 789 2759 2072 614 803 2242 2546 1427 1300 1558 2000 2238 898 101 2540 1257 483 251 714 1353 93 895 436 1306 240 1683 485 2022 215 1590 2409 646 1951 1451 581 364 1900 1166 2114 2381 1019 2040 954 63 1883 766 1559 1357 1361 328 2542 1106 1928 1175 989 737 1434 2478 2054 2077 2494 2777 2772 589 1753 1125 751 940 2787 1333 783 341
1811 2444 1524 1803 1167 1355 2740 203 2749 1629 2548 1059 2468 1375 1 2013 1520 307 154 2727 2781 934 472 342 551 511 147 2403 1295 1242 2662 127 2710 226 2399 2776 667 1421 267 1540 2758 234 2709 1069 1324 273 428 242 687 641 2340 888 1807 1509 537 1025 2339 2104 2255 1373 1539 1238 1607 2189 2266 158 2385 2694 2595 1618 1341 2731 798 1291 1826 262 2175 1530 2820 2524 2811 160 2801 1863 2648 2473 685 2094 1349 1193 1338 1675 2187 1735 1078 2431 2206 741 1278 2371
883 416 2843 2341 937 2609 257 1894 1516 2613 1871 1731 1455 288 1645 1454 1546 535 253 1138 2746 1800 1527 2095 1859 154 336 112 664 2377 1110 2290 749 843 210 1005 605 1946 1276 1707 610 2417 2456 2399 1040 1020 811 1581 1309 2788 1573 2730 1068 1966 1634 709 1131 742 435 2196 1670 551 2331 821 687 1059 970 1079 365 2460 1709 1665 2548 1758 94 1279 615 1025 881 1072 450 332 340 2697 1578 1498 1968 342 794 2560 1830 1915 2830 648 2432 1311 2266 855 519 793
1513 1795 1161 1847 1773 1785 1228 1197 617 2542 2260 2247 1561 240 1535 789 1353 63 1019 1346 2242 2129 1883 2022 2493 783 483 832 2784 182 1743 1300 576 1343 2827 2504 2066 2540 2016 545 1394 1427 1213 751 2441 1093 2178 540 1176 1333 1166 304 2579 824 1928 2547 132 695 2054 983 596 436 215 940 777 2409 251 2190 2202 93 1590 465 1900 95 2113 2699 2737 1298 898 230 1685 2555 1103 70 101 1971 310 2785 88 1087 2112 564 2787 853 1818 1914 2238 2111 1999 951
2216 1605 924 2502 1232 2841 1371 851 2152 953 1198 1471 2768 2353 1397 1363 1738 2494 1488 420 117 1703 1487 2573 2179 1288 1184 1502 148 2203 214 2348 2567 594 1953 1139 1591 1979 474 2263 40 1922 475 306 1602 335 1866 2030 510 1641 1113 1659 907 327 2521 1144 2591 785 701 2620 2141 423 1960 37 2128 2022 2361 104 63 1954 22 2230 1019 333 1423 1891 275 1400 2303 205 905 2079 940 351 1217 1687 2507 309 1315 20 1570 182 2410 2178 1333 2751 72 1394 1023 1214
2741 2135 1212 899 137 1606 116 1463 97 1935 2041 2842 204 1067 2766 1944 2825 447 2728 2294 2435 2207 1134 1055 725 2511 1547 1874 165 2558 1056 1223 79 1825 2068 1899 246 1986 2736 1126 1130 494 2665 2057 722 1940 574 2580 2625 146 2506 1752 442 2037 1677 261 1892 677 2291 1001 2298 162 1998 2121 968 2719 2319 2283 2529 2790 682 2305 2292 1452 2683 143 1102 647 790 2213 650 2004 168 974 2610 2844 2286 221 2324 1099 1771 444 1076 2002 2438 1383 1182 1514 1841 1228
2484 264 837 2455 2063 1009 2833 299 1815 1159 403 2139 2412 2092 2269 1338 2371 1549 2255 2576 317 1982 600 1735 1925 352 2811 17 428 2797 2844 1122 1622 687 573 90 2486 667 2189 642 2648 2100 2776 846 2338 1571 1698 741 1994 226 2266 1589 195 2223 879 557 2213 2403 1619 969 1814 2731 2138 1409 867 891 1095 2253 685 1201 1863 1060 913 1349 2094 1826 1 1828 1242 1101 349 888 1572 234 1887 342 1530 2399 414 1421 1025 262 1440 2460 2226 1539 2372 127 668 203
2218 2512 2355 1911 222 850 1436 1504 1933 897 2071 2362 1790 2691 2642 935 2096 836 2645 2446 1638 2156 1098 1321 1621 755 1387 1806 1200 2750 2318 1479 2432 1736 599 1682 1044 2201 1305 2537 2450 2342 1599 1483 320 144 2420 33 2317 99 477 81 595 2098 2560 2738 1966 399 16 208 1145 495 460 1447 666 1021 1279 1183 376 1717 1047 44 150 1500 2541 472 1619 2587 1023 761 2555 1581 1811 2788 2655 1672 2175 1421 2151 1803 1727 717 73 2058 166 1309 1469 1131 2168 1941
1684 1360 958 2298 1630 1129 2616 787 638 2271 2619 30 1445 810 71 2584 1446 2246 1694 2481 1270 1258 665 1294 1440 1112 1411 2185 1514 718 2529 386 143 1939 697 2517 203 1629 2801 741 1524 795 2727 195 1571 1698 307 2223 1520 577 147 1994 1 642 2372 46 1548 1278 1409 2468 2363 2253 2338 752 1215 573 2189 2213 234 1572 2100 892 2595 685 1826 349 17 888 1615 412 2412 1618 1099 2266 1540 846 2269 1101 1349 1421 1407 2399 1509 913 570 1135 472 641 2731 600
1280 1596 2562 1525 2498 387 2720 2442 2141 1318 1797 2278 2374 1880 2807 2476 106 894 42 1084 1083 1927 636 1536 2048 732 2554 644 419 620 1979 1032 181 2688 2263 84 43 2188 96 2153 133 2623 2448 1632 1108 971 2060 2678 189 270 1283 2608 1064 1702 2572 150 2582 1251 752 2425 1425 1365 228 1802 941 2760 2305 57 2168 366 2522 548 689 1866 1758 481 1661 582 2348 236 2761 1364 756 300 1204 797 859 1947 1380 2182 762 2004 2831 2823 1768 1199 2725 183 957 2627
557 879 1982 1549 352 1863 2139 2138 2833 2363 1925 299 2460 2092 428 2576 1619 667 1735 2371 2269 1814 1122 1539 2094 2797 127 1589 2776 2844 741 1530 2731 969 2648 1366 2266 641 1069 2484 2385 1078 1242 2758 1421 349 160 2524 1816 264 888 1480 143 2431 2189 2473 2403 687 2412 2175 273 1607 2820 262 1514 1341 1497 991 1081 2104 2213 1338 2710 1660 226 2607 1201 867 1509 1939 2063 1807 1295 537 1324 2771 913 2226 814 718 2738 166 697 2595 1440 2529 583 1828 2835 2633
752 2725 2464 2448 957 2572 1889 1766 609 509 2404 2823 2457 2115 244 1696 744 1616 844 1515 5 1596 1477 466 1880 2562 1744 2278 1945 2351 520 498 1280 1556 2498 42 388 1802 2442 2720 232 644 387 1061 592 106 1637 1927 1064 2807 163 2188 19 1032 2623 2678 2128 473 2263 2706 2109 2168 2182 1632 2522 2056 2060 1525 1318 424 1661 2566 2508 636 2141 1536 189 183 2608 229 2468 2014 2760 1960 419 2162 2124 1269 45 894 23 1364 974 236 2116 2554 1904 2751 1251 2153
1394 545 2022 63 2277 1801 853 1019 1213 2066 1333 304 954 2113 2178 1798 962 529 395 182 1087 2072 2323 714 1353 898 1685 1300 1712 1558 614 1760 1207 1298 149 485 1883 240 1166 1928 576 2644 1306 2242 1434 1137 251 2542 2504 589 1230 2540 483 1590 93 1427 1363 572 940 783 2546 2579 1785 1631 2112 2555 1951 1175 727 1103 1451 2784 1343 646 2737 824 650 1847 1971 789 2409 658 2547 2666 75 1197 1389 1228 1161 1513 1004 1795 1361 895 924 1749 60 101 198 1115
1850 749 1068 2299 2697 673 593 2251 2196 2417 855 1936 678 1094 2005 1142 1498 1913 2087 800 2492 2243 774 2006 2519 1174 821 2341 535 2680 881 1894 2843 1527 2377 1670 870 253 257 2095 336 2609 1871 1455 1731 288 1645 2613 1138 1466 1800 883 416 742 1454 1707 730 1516 2331 2219 937 538 709 301 1419 1546 519 843 338 1007 2746 435 1794 1379 248 1110 610 2364 1581 1020 1243 2788 1005 2560 1968 365 2487 1573 1079 648 2290 392 1966 112 1040 2405 1131 2420 2830 2224
59 4 2411 2528 2389 1545 2501 1407 2832 1644 2044 266 2817 312 826 1624 626 1102 1737 1934 2477 635 613 283 1146 1656 987 556 2790 943 221 1405 1799 1202 611 85 817 2082 188 1319 2270 1926 1752 547 2300 1029 659 2011 1386 1208 2069 1552 463 2312 904 2367 2133 1181 1307 2574 1428 2781 1468 1486 1663 2424 1782 1983 712 674 900 906 1313 2606 950 947 1046 1054 1172 1437 2010 169 489 563 2836 51 2515 1444 2652 1092 860 74 2007 1422 1414 2707 2084 2724 645 259
2282 631 1290 1017 1518 921 2596 2064 2796 2093 2140 2049 451 1567 530 1301 1058 1879 1909 1604 1237 607 1981 446 394 2392 1906 662 1978 1119 1613 908 1554 2262 813 2257 984 1370 1105 2357 243 1384 1396 2005 1331 1002 660 355 2243 2519 542 2696 1142 800 710 391 360 2259 2251 1739 942 1387 2782 1676 1853 1673 54 1614 855 2344 1581 1466 1989 2196 678 337 2697 1000 1742 1893 1151 2087 338 2417 2560 1794 1052 1172 774 2492 369 1271 1850 1094 1621 1147 1264 487 2299 124
9 1579 998 1583 1470 1179 2792 887 748 1791 2491 1531 2328 1977 1578 1651 2682 2778 2252 118 952 2065 919 841 1769 567 1063 2647 916 1667 930 2575 819 1970 114 517 1585 639 1354 2723 227 1770 2042 382 1920 1854 945 778 2310 2711 928 369 1657 1279 1460 1154 515 2729 492 579 2459 776 1625 1507 2550 2019 98 150 353 1459 2460 1819 2519 1748 2488 2730 2186 2532 2331 2434 211 1005 2146 1211 247 793 2754 107 1142 575 2349 422 2071 1114 923 153 156 1665 2604 1246
2555 1727 834 2058 1749 1300 1277 483 1394 1883 1353 2197 1103 1801 240 2277 2452 1019 576 1304 2317 1631 2579 63 60 1087 824 395 2504 581 783 304 2547 2178 1106 545 1559 2066 1363 2381 1999 1683 2249 149 940 1288 1685 1115 2546 596 2022 2216 2114 251 1230 2113 1483 1093 1427 215 1451 436 2644 1971 1703 924 2497 95 1786 954 1389 1904 529 2737 374 2507 761 75 2242 2759 1357 1476 70 572 803 1213 101 789 737 1004 132 1178 198 997 2238 341 1672 2777 2772 2784
2011 645 2840 445 1552 197 2088 134 1029 260 463 659 1054 2826 2419 563 1649 1663 1444 1148 1208 51 947 1328 2836 169 1307 559 433 1782 2574 1045 1486 2133 1679 2837 2707 2735 1993 2289 2076 1422 1617 1437 1261 155 1319 900 950 712 201 1623 735 2530 1901 996 611 978 1640 1983 2767 562 2652 2208 2650 440 904 2007 1181 2439 489 319 2375 1988 2424 85 674 2050 2367 1468 906 1046 1878 2130 1491 486 784 1428 2724 474 769 1315 1123 41 1253 2714 1799 2389 986 237
1273 1635 1967 390 1050 1715 1187 2053 2236 653 1648 2406 314 1124 1475 2059 1037 2698 805 999 484 799 726 1140 838 1011 209 53 331 2280 655 1929 113 356 1875 1282 806 207 2173 296 1274 27 1755 408 1317 139 2794 1780 1127 1829 131 455 430 192 2316 1262 1216 61 200 2693 245 2025 1024 2396 2017 2531 239 2429 1506 654 1662 2279 295 1924 1168 1299 2669 1275 49 721 2232 418 344 2402 2061 268 464 580 2070 1921 618 525 534 1972 33 2765 216 1756 326 159
2502 2152 851 171 2760 1605 2608 621 2182 1251 2612 2401 2831 1064 2705 236 2056 1364 2678 45 2522 2567 1371 183 785 1286 1797 40 1232 84 2141 2263 333 1217 2841 2116 959 506 22 2197 1171 629 2751 1214 1960 1726 2153 2216 941 1661 1365 894 1560 1632 1363 1987 1844 106 37 2554 1703 419 815 1927 2571 2726 2572 2348 565 300 42 1288 856 96 1139 2162 214 2591 762 1768 1458 2807 1536 335 2160 1013 2230 2386 1336 2476 270 229 2079 2425 1199 309 2278 636 1750 592
1416 1948 1096 2815 2272 1362 1897 1496 2556 1051 1965 1586 497 1860 1636 1316 1218 1261 712 2082 2721 2270 1422 194 2713 188 201 2352 2628 2714 1993 659 562 2046 992 1468 2358 1045 904 259 1617 85 2241 2312 635 563 674 257 2454 715 1319 1569 1123 1848 1552 1369 987 1307 2790 221 1901 1710 2826 1428 26 2544 348 2011 1046 2337 611 943 1679 1405 1102 305 1185 445 319 1963 2649 1623 260 1437 2424 100 1029 550 372 2300 2076 2606 978 1313 1381 2204 439 2652 2767 2545
1244 2136 393 1646 863 339 830 1678 1450 1732 2275 1147 1120 603 2518 1620 1073 2080 845 1016 2383 1523 373 1482 584 441 2395 2695 1691 997 1088 1462 575 2754 1104 1669 357 1507 2254 775 2630 1805 1832 187 469 2733 2586 2641 1192 2780 2297 742 2621 462 1014 1517 2234 2347 538 2550 2368 1690 2233 794 1372 2697 2159 1626 2211 2605 2604 2326 2684 2176 435 2020 457 2251 55 774 1611 2360 818 1966 1466 2701 2196 960 730 2788 336 678 1028 2005 32 1748 1169 593 1783 107
751 2242 1389 2066 1019 1087 545 898 1115 2178 2546 1213 63 304 540 2113 1590 614 2542 1207 1166 1558 895 1561 93 1394 2022 714 1928 2072 2579 2409 1137 1353 2114 1685 182 2504 1971 617 1334 581 1357 374 2759 12 1300 576 725 1883 803 1940 777 1257 954 1689 251 1197 739 1825 483 2277 1333 1434 1130 1986 1760 149 1631 2495 2288 165 1798 1091 1801 634 940 1786 2555 91 1093 1535 419 407 2184 1683 853 230 24 2554 1427 101 1075 548 215 792 2558 2238 39 96
2843 257 1731 1894 1871 1138 1645 2613 1800 2609 1040 742 2788 605 2830 1707 1419 1131 1020 610 1311 1309 1966 1379 2290 1527 519 288 1243 365 1581 535 2377 1110 434 1670 2364 937 2560 435 2746 1794 2549 112 2331 2151 410 1634 544 301 253 717 1946 1007 1005 730 416 1079 1455 1498 2730 1968 821 1573 392 1068 648 811 336 2341 870 1133 1783 2095 1424 1850 94 2680 568 1466 749 2697 2087 248 2299 593 881 1992 538 1516 673 2219 338 855 1142 678 2417 2251 709 2196
1231 967 1996 777 407 1091 1804 540 1093 754 218 2756 230 1019 2021 2785 739 1683 1733 328 1898 2242 2744 1180 341 581 926 564 1719 2495 1728 1914 757 184 2288 766 1818 2281 2224 2238 2354 1689 2040 2390 737 2114 1529 39 1945 1867 1722 1849 63 707 1269 76 558 19 2320 520 213 2408 2533 2024 751 2566 1596 481 232 42 2060 1880 2124 2143 2278 498 2441 2295 40 24 974 1064 1535 1149 1904 2638 2562 388 387 29 424 2579 293 1889 1561 189 1357 2277 2014 957
1960 851 1371 40 815 1987 592 1113 481 167 20 1144 2162 2726 396 454 1744 84 281 565 1844 506 941 629 1198 909 2263 23 2627 1661 2116 183 959 1232 2030 327 2494 1286 1866 117 856 2831 1064 1659 2101 474 205 2521 1768 2691 2705 2623 1632 2677 1217 1880 1365 690 2573 2503 2303 2152 2197 894 1757 333 2522 2386 1066 2203 1080 2401 2554 236 2502 2612 510 1251 419 2153 1364 1462 796 1907 2760 1515 2567 1400 171 2678 423 96 1591 2608 22 189 270 2222 1184 2060
1394 1363 2216 545 1019 63 1703 1288 2022 2277 1801 1300 304 2178 2066 1353 853 2113 924 1213 2555 1389 1087 1727 2579 1685 2546 2242 2197 576 2353 834 1749 483 1883 395 2452 2644 905 2114 529 581 954 1115 2591 2317 1631 1333 2759 335 1230 614 1487 474 182 953 1217 2573 724 761 333 2058 785 907 341 1785 1471 751 737 2238 2547 824 2507 2504 240 1683 60 328 940 1561 997 1093 1971 2249 2785 1476 989 1914 1654 783 1641 42 215 895 374 572 2072 803 1137 2737
834 2058 2555 1727 1277 1749 1300 483 1394 2197 1883 1353 1631 1304 576 1103 1801 240 2452 2277 1087 1019 2317 2579 60 63 783 1363 2504 1115 1288 2249 824 2178 2022 1483 2546 304 2216 2547 2784 1389 1703 1685 1672 581 2437 596 1178 1561 2066 1971 395 954 2242 2113 1346 95 1451 940 1683 1990 465 2054 1106 1999 545 1928 251 2114 922 2409 676 198 967 1559 2737 895 1230 1590 614 2759 789 1904 2497 924 2666 2507 149 333 1798 376 1476 724 650 2072 1357 761 1166 529
802 429 878 2333 555 866 733 36 1492 1431 500 432 1499 2117 2029 142 2078 1053 417 2108 1268 2668 886 62 1418 597 1890 1562 1686 199 1393 868 2743 681 554 1065 1888 289 332 1430 1398 78 1699 361 427 1256 536 2786 21 680 1033 302 176 340 1557 2258 1057 1783 2523 1390 2422 362 1072 88 2560 1476 2686 1920 2423 2746 610 742 2227 2757 292 698 952 1429 1257 2647 1759 1329 132 365 2290 2202 2417 923 2818 121 2217 979 835 639 2839 1236 660 1354 1992 2830
722 2068 2665 1547 2511 79 246 1134 204 2842 1067 1935 442 1126 2825 2736 692 2292 2766 2041 447 1130 2319 1962 97 790 1463 362 1940 725 2719 165 1986 2506 2305 2558 116 1825 2135 2207 1841 2728 2294 2258 899 1055 137 1212 1606 2741 1056 350 677 1721 2813 2598 271 1892 1944 1408 2382 2248 2625 2235 1464 217 333 329 804 1076 2058 967 2440 1277 2702 1677 309 491 91 483 2436 1942 2296 1876 2037 1304 1937 894 1439 1639 2555 2239 1015 856 1646 1783 834 37 2554 682
2843 257 1731 1871 1138 1894 2613 1645 1800 2609 742 1419 1707 288 1466 519 1455 2788 730 336 1379 1850 2830 2341 1498 2364 774 1966 2492 1040 416 2299 1068 392 1131 301 1243 535 2746 2151 610 749 1527 678 253 2560 1946 673 2680 1094 2290 2331 821 435 338 1142 1581 1309 1020 2697 1174 2377 1794 2243 855 2251 605 2006 1936 593 881 1005 800 1913 2417 2549 1454 2416 2519 2005 870 1670 1311 365 2087 717 568 1968 538 1573 1110 937 1147 1516 579 2349 2196 1783 688 1732
67 1075 1810 627 202 2509 2583 1406 1012 249 2350 1001 2121 12 2809 1944 1609 2507 997 1055 404 2224 1904 1517 960 1265 520 775 10 2615 2630 2684 2748 2728 2733 1169 2435 1689 2621 1805 1448 1869 2106 357 2586 2368 1382 2077 462 1874 2637 2780 2533 1594 1252 2447 2015 818 2478 1410 2297 187 1259 2525 24 2320 2777 777 1611 2413 1149 165 876 1832 1894 2211 2772 794 1670 1945 338 2622 1372 2756 1334 1084 2295 725 1842 1557 2623 1325 424 1165 184 1707 2347 499 2753 1959
2265 1314 1955 2789 1302 890 235 1164 367 1991 1823 507 2306 2799 2199 261 699 1182 1010 1099 162 2814 968 2764 2597 1650 963 1885 2822 316 2144 1917 1117 1774 1135 553 1376 92 1873 1852 872 1441 1974 2610 120 649 68 1327 2212 2177 2343 771 1543 2470 1109 2105 1461 533 2527 972 670 552 2812 2774 414 1003 391 1156 1332 2594 740 2028 2237 1956 1746 877 602 2099 2592 2773 633 532 2770 1111 561 330 587 354 2716 2052 2714 173 2231 2648 2100 1237 2819 671 1741 2223
2792 998 1791 1579 9 1583 118 567 1470 1179 2065 887 919 2328 2778 2491 1531 1977 952 2252 748 1651 2682 1578 1769 841 1354 930 2647 916 1063 517 819 639 1970 1667 2711 1920 1854 1770 945 2575 227 382 1585 975 2723 2729 1657 114 2042 2349 928 2310 875 2416 808 778 102 1851 2793 2192 2347 1372 2658 579 10 1809 1626 1690 1734 1832 371 2297 982 86 357 2342 1259 2097 2805 2234 457 923 2368 1271 990 1611 279 2329 2637 2630 311 873 1382 2802 345 2254 2106 693
2171 2043 650 2666 2816 2706 1671 2810 8 2535 1916 2346 325 1537 1891 1723 745 1474 690 475 922 1763 372 37 1082 2167 2268 1308 2449 1090 1541 1570 997 1904 2507 820 1603 750 6 586 1080 1697 285 1456 459 1286 1858 468 414 1006 2168 1284 506 1703 1844 334 307 443 122 920 2216 807 1363 1806 2617 1288 510 23 2412 565 521 317 2521 1188 903 2100 860 1401 1736 1827 123 1221 1340 403 619 813 2677 2811 882 173 829 600 1338 411 2486 1260 1895 1572 2482 2657
1663 1444 947 1679 1623 2767 1328 169 2837 2707 1649 1054 1782 2836 1993 1617 1381 1422 1261 1045 712 440 2352 735 645 1658 1544 2439 51 155 2050 2241 2011 1218 445 2130 550 860 194 1407 2840 179 1860 1640 1029 2628 1369 925 26 2714 1870 1552 2454 2133 489 1051 1489 2084 2649 904 556 319 563 2046 674 900 2721 992 1307 480 1253 1468 1208 1135 1840 1102 348 197 2790 260 965 1644 1416 1710 1428 2735 1701 134 2411 2287 1417 518 221 715 2076 1046 1437 2528 562 769
1796 2545 2034 1453 1490 2433 2721 715 100 1569 48 2376 64 305 2713 562 2309 439 1901 201 1640 231 51 2650 2826 1860 1584 563 2556 659 260 1316 1496 2023 1948 2007 2649 1369 165 168 2272 2258 910 2103 978 497 1965 2088 2030 1586 2027 559 1307 2815 1051 1417 85 2494 2558 1841 26 1148 924 784 832 2129 2623 420 1130 920 747 1773 712 2391 1848 218 2419 1973 2808 1042 1397 2454 2768 2353 808 2207 286 2132 2358 1416 1319 2714 1149 860 1176 31 188 1502 1878 725
2269 2833 2092 299 352 2371 2139 428 2576 2484 1549 264 969 2255 2844 1982 2797 879 2648 2412 1122 2776 1201 837 1925 317 2455 667 2811 2063 2226 1338 1735 1826 2189 741 642 1571 403 1009 17 2403 1159 557 600 2213 1349 867 2486 2094 90 687 1698 1242 1589 2100 1622 1619 2138 2266 2223 846 195 573 2473 1421 1530 226 2731 1863 2338 1815 1078 1366 1814 1816 1539 1101 891 1480 1994 160 685 2460 1520 2607 2385 203 342 1 1291 1660 307 814 2431 127 1238 888 267 1025
1363 785 2216 1288 1703 2141 869 2612 2401 63 1019 1365 620 1797 732 42 2567 1214 894 181 1251 2562 84 2502 333 2022 22 1318 1596 2807 2353 2841 2278 2751 419 1880 2048 2720 1536 2153 1171 2554 2498 2760 1661 636 106 2425 1605 941 724 1336 1032 2608 2168 2182 171 387 1217 182 1927 214 1364 1749 189 2522 2678 2056 1504 2152 1394 1727 2555 1632 2666 2547 1108 762 2507 661 2831 824 2705 576 1283 2442 997 1677 924 1353 2222 2037 1083 2726 1744 96 2197 2079 270 38
1125 1753 2077 2478 2777 2772 70 2561 1035 2510 431 1839 1252 2015 1533 2818 951 1390 1834 1165 1759 2757 1842 2622 767 18 315 2302 1557 191 103 997 2178 1785 1513 304 1323 1228 2113 2546 1186 601 297 1213 2504 1847 2 2066 1740 277 2507 101 215 1150 1904 924 1835 581 2022 436 1163 15 433 1795 1980 2574 1115 85 1773 1389 737 751 369 1161 1412 2506 769 712 2779 783 1739 1102 2344 384 2353 2260 178 424 622 2542 1821 465 20 1027 1666 182 1130 179 2810 987
751 1357 2114 39 2288 581 1818 777 564 2281 1996 1091 1019 926 230 2495 1180 737 215 76 1559 2242 1825 436 2542 407 1130 725 2493 1561 1137 1940 2073 1986 165 1197 1971 374 341 1900 2022 2207 63 1786 1257 989 543 12 803 2759 2066 2558 1353 182 101 2040 2239 2579 419 2554 2506 541 1219 739 2647 2573 1943 1087 2381 2263 1389 1723 1632 55 540 117 1194 940 1595 781 2247 362 2787 2728 1324 1891 1685 2000 1841 2293 1654 1536 1371 2224 189 1950 1184 372 1263 328
1055 2728 2665 1547 722 204 2766 725 2068 2511 2207 79 2294 2825 2305 1056 1067 2842 165 246 1134 1944 2558 1130 1940 1825 447 362 1841 1126 1986 442 2258 1962 2506 2736 1935 790 692 2292 2319 271 2135 1212 967 2719 2440 1942 2741 1721 483 1277 2555 526 2542 350 137 91 1300 2058 864 70 274 608 333 1408 2037 1883 2625 1677 2015 1749 1353 2777 1452 2296 1057 1463 202 1892 1252 2054 2818 1727 2235 240 116 834 2041 707 2136 1217 1928 1672 2509 1606 545 251 205 508
1054 1328 645 1444 1663 2767 947 2837 1679 1649 169 1623 2836 2707 1782 2011 1381 1993 445 1261 2840 1617 1422 1045 1544 1658 2439 440 712 735 51 155 2241 2352 1218 1029 1552 2050 134 2130 1860 194 197 2628 860 319 1640 904 2735 1208 1253 1407 900 1468 2088 1307 1840 179 2133 463 260 1486 2084 550 2515 2424 674 1489 965 992 489 563 2076 2046 769 201 906 659 1437 2826 1775 562 1148 2815 1710 1428 1046 986 2652 1416 2337 1051 606 2287 2358 1586 559 259 2454 2714
2171 2043 650 2666 2816 2810 2346 1916 1723 1891 475 1541 820 1603 750 1570 6 334 285 922 411 2643 1221 759 372 2841 546 2179 420 148 1397 1502 2768 2216 2387 1738 594 510 1703 1488 1363 1605 1763 1288 1697 1953 468 1897 807 620 1184 2521 1188 1590 93 1319 582 1537 298 1362 1386 547 181 1260 895 2022 524 2203 732 1797 1584 37 2023 2494 258 1702 980 1087 2425 1153 2778 1524 214 42 2348 304 2073 2755 1617 2502 1213 297 1587 188 970 2168 215 1504 2058 1905
2061 1972 721 1647 2402 1921 1395 1472 805 1317 1756 1755 1187 2406 799 655 653 430 471 2236 1635 1648 1273 1037 1438 1967 1050 1475 402 1216 390 2053 1715 314 1118 1143 2465 2505 344 1008 296 326 2059 936 1140 1822 484 1918 2301 113 331 1124 2407 159 999 1293 108 580 726 2279 1011 31 2698 1875 1929 1097 478 1924 131 1774 1127 806 2812 1297 1282 68 2144 2765 1378 467 2715 1829 1303 1568 2531 643 356 1662 2316 162 782 2062 363 268 2822 968 92 1302 553 1024
962 1798 485 1306 1951 1175 589 727 658 646 2054 1361 1451 2323 2787 395 529 572 2540 2644 1230 1394 1801 2000 1559 1106 1427 2277 1334 545 853 2784 1213 2113 240 2066 789 304 251 1353 614 1839 1883 2409 2178 714 1166 2072 1928 898 1558 293 101 1035 1115 1137 2542 1971 483 2504 1161 1207 431 2561 1257 374 1300 1847 2546 1786 2016 1513 1197 1666 2510 954 93 1228 182 2320 364 2653 1087 1695 514 2478 70 2022 1785 790 783 944 2127 1265 438 167 1345 803 2803 617
1054 1328 645 1444 2767 1663 1649 2837 1679 169 947 2836 1623 1782 2707 2011 445 1993 1381 1617 2840 1261 1422 1045 440 1658 1544 735 712 2439 51 155 2241 2352 1029 2050 1218 2130 134 1552 1860 860 197 2628 179 2735 319 194 550 1253 904 1640 1407 1710 1208 769 1307 1468 1489 260 2084 2076 674 348 1701 2287 463 489 900 2649 2088 1369 992 925 1486 1775 201 2815 563 1437 2046 659 1416 109 906 2714 26 2454 2133 1840 2424 2358 2769 2652 2646 1135 965 1586 1428 2480
1811 2444 1167 1803 1524 1355 2740 1863 570 2385 667 203 2468 2013 127 1629 1735 2781 2749 2776 641 689 1 147 1421 1059 2371 428 307 516 511 154 2094 2838 1375 472 2403 1530 2548 2727 1619 2710 2431 1069 342 1295 226 814 1242 1520 1078 1618 2595 741 262 888 2456 160 2783 2811 1341 2255 2524 1540 1792 1665 267 1826 2004 2709 2339 2266 2063 2340 1373 2412 2758 1580 46 1607 1930 2541 352 551 273 1925 2175 2648 1861 2797 2694 1797 150 2576 1291 1025 2104 280 2820 1814
298 1697 1284 448 973 1285 1456 1884 122 372 1015 1570 2118 980 1610 468 2268 459 6 37 546 922 285 1221 1084 2313 411 2643 1858 582 1188 2791 807 759 1702 2167 1260 1916 475 1227 1537 820 1763 2677 586 275 669 443 1865 2168 1082 1308 1603 1083 2816 181 1723 732 2194 829 1541 661 629 2303 476 1380 1090 2623 636 1560 620 1006 650 1153 2346 1205 1761 2171 2043 20 1797 2263 1536 1525 1318 1891 2535 117 2666 1659 2810 2261 1184 2706 205 690 2030 474 1502 796
1416 1948 1096 2815 2272 1362 1897 1496 2556 1051 1965 1586 1636 497 1860 1316 1218 2082 1261 2270 194 712 2713 188 2721 257 1319 259 2352 2628 659 1123 201 221 1422 2300 904 2241 674 1569 1468 992 2312 1046 2358 2714 943 137 2309 1185 1963 635 439 2046 1926 978 1405 1307 1901 611 2790 563 2204 562 1848 85 1757 2454 173 1045 2708 1617 987 1437 2076 100 2544 1552 821 1878 1428 547 2012 817 1386 549 715 1212 319 1172 607 1527 2433 2826 462 168 2606 2580 372 1710
1453 1490 2433 1796 100 2545 2034 715 2376 2721 1569 48 2713 562 2309 64 305 439 1901 231 51 2650 2305 1640 343 206 2842 204 201 2229 1836 659 153 2708 2258 1363 2603 2391 1661 1277 1749 2272 1584 1672 894 20 2738 2582 247 168 2826 350 592 1727 2058 2135 2030 2435 1744 2335 899 2094 2247 1283 859 2249 2326 725 1542 2714 1232 2437 978 1605 38 1910 1204 957 1514 1078 2007 1743 1530 1841 810 2726 424 2317 419 746 2808 1757 508 30 747 1738 520 2153 1948 539
1865 229 1560 281 1858 795 2372 629 396 2677 807 468 1260 2627 2313 1095 2801 1215 642 122 2101 661 829 1409 448 2253 387 2100 1761 195 644 481 2194 1278 1227 669 1768 1153 2338 2614 846 1587 2168 1964 1994 237 2223 476 203 1698 372 651 1622 1318 2498 1880 454 1571 2442 752 527 2835 2562 1425 2823 2675 636 503 2720 17 181 2466 1828 405 600 43 2486 729 1456 2688 1536 511 1015 270 1797 2423 1744 613 2339 1285 20 573 1618 2387 42 167 491 682 941 84
546 582 1221 285 2643 6 759 1702 1083 732 411 468 620 181 1188 1536 636 2677 42 973 1797 1318 922 1260 372 2278 298 2627 2807 1084 1697 820 807 1891 396 2678 2171 2816 2194 2666 650 1723 2313 1570 1603 2425 1227 1541 980 669 1285 281 2048 1858 1199 1456 475 661 2261 629 2118 476 1015 1591 1916 702 2251 1254 845 148 117 1659 1884 2371 2005 1830 2168 126 730 678 997 2043 1153 1837 1502 2476 848 462 1147 1421 2179 338 2747 2494 1462 1989 1205 2269 931 2810
576 1631 1561 2242 2555 1087 2058 834 1019 1727 1749 1277 824 2542 2547 1928 1394 63 1103 1590 898 540 751 1166 1300 465 2022 2197 93 1558 895 614 2072 2409 596 483 545 714 95 617 1999 1801 2066 2277 1197 1207 2737 1353 2579 1304 1389 182 1883 291 499 2112 2785 1343 1115 1685 2504 1798 1176 1334 1914 2178 1298 940 1434 783 2441 2493 1483 132 1743 60 304 376 2054 240 1004 2546 1785 676 1346 1971 2700 2827 1178 1535 832 962 1333 88 1513 581 1672 954 2113 333
2756 293 2320 29 1149 286 2533 2021 2224 2172 2787 2673 739 1231 184 2615 754 1448 1689 2161 646 1296 24 2295 135 918 708 2814 2121 757 119 1265 1383 2428 2350 1001 1766 218 2120 853 1070 2472 2430 1478 2031 1984 571 2221 1728 2267 27 80 2024 700 2822 2413 558 634 1696 2798 2629 1945 415 1099 414 235 2539 1956 2583 1650 162 1597 1158 965 244 2143 1886 1491 124 1564 649 1904 1477 609 2115 623 520 249 1253 1598 1266 426 1312 1852 2775 1012 2371 2060 1894 2131
1934 1656 2501 2044 2528 2832 2411 2817 1405 943 1102 312 635 1644 85 221 987 2790 188 556 611 1624 817 1926 2300 1407 2270 2082 1319 1386 547 2631 2449 630 1092 1983 712 1029 439 2344 2397 322 305 562 4 2574 64 2007 2148 489 659 2011 977 2800 1414 1627 559 1151 970 111 2084 2133 2564 2358 1796 2312 2419 2337 2724 261 1848 1428 1306 2652 2545 1172 2770 1146 1046 860 563 904 74 2307 1099 2721 260 178 2606 1417 197 2670 2676 1729 1993 485 1617 622 414 1308
1037 1124 1140 2244 2429 1438 534 780 471 402 1662 2053 344 806 786 1465 363 2301 418 2531 484 1008 1475 936 1918 478 1216 2407 1929 2059 628 1568 726 2505 2465 1715 2765 1648 1481 1635 2687 467 390 1472 1039 999 2236 52 1050 1011 1187 1262 1024 2406 113 2232 1273 295 452 1843 2137 331 2715 858 1924 1730 108 653 1220 1967 2285 1378 268 2806 430 324 1813 655 927 53 1143 2173 1048 314 1789 495 1923 2316 408 131 296 1111 1395 2470 1049 1780 580 225 290 464
752 2823 2725 2464 2448 957 2572 509 1889 1766 609 1696 744 2115 2457 2404 244 1596 844 1616 1515 5 2562 466 1280 1880 2498 2278 106 1032 2623 1927 42 2060 387 1525 1945 2442 498 2351 1477 1632 644 2263 2720 1802 189 1744 592 520 1556 2109 2807 388 229 1064 213 2188 974 419 1637 2468 2305 183 2554 1318 2168 894 636 473 2608 96 1536 2128 2706 2408 2476 163 2182 236 1061 2014 1797 232 2153 1269 424 2508 1560 2522 1960 2124 233 2222 1867 2162 2354 1661 1084 2678
795 1392 2330 1861 2468 793 2229 1234 2461 2363 2125 294 1375 210 421 1930 570 2186 57 2548 1034 879 1072 1792 746 2174 1859 1580 1684 1514 704 280 1575 1619 499 1105 1440 2460 2298 143 2727 1633 2418 1694 2226 1396 1925 797 516 741 2456 2838 77 756 1043 787 1758 1276 689 1620 1863 557 386 85 1982 2327 1078 934 2332 1665 299 1539 861 2004 2529 2385 2271 1350 2484 720 810 1630 859 2619 2185 1664 1411 2710 1839 984 1122 1462 342 1814 2123 30 1947 2749 133 969
726 806 1475 999 2531 2059 484 113 1438 402 534 1262 2429 471 2236 1216 331 1662 780 936 1929 344 1918 53 314 430 455 1829 1273 2244 418 1187 1924 2279 655 1011 1140 1875 363 1050 1037 478 464 2232 1024 2465 2505 1124 2053 1275 2301 2765 1568 1967 2137 131 295 1706 108 1481 467 452 1715 268 1635 2407 1465 1168 1039 390 1299 504 2406 1008 1648 1303 628 786 1503 1378 2470 52 799 2285 1730 2698 389 2794 1472 653 858 1274 2142 927 239 1127 822 1789 840 2806
1280 1596 1525 2141 2562 2623 2498 2263 2720 2278 1084 1880 1318 2807 387 2442 42 106 894 636 1797 1536 1927 2448 2048 732 2554 2572 233 419 1083 2476 2188 620 2374 2678 1032 181 43 644 84 1170 1632 2153 96 1802 2582 1108 971 189 1365 2688 752 2060 150 1064 133 1251 2608 957 2725 2760 1380 744 941 270 1979 2464 1661 1702 1283 2168 1171 1371 592 2522 1425 1204 2751 2425 2823 2734 183 1616 1214 481 22 2305 2182 1766 2116 1768 2457 509 1364 236 1744 2761 1696 1726
848 702 1830 931 1114 1908 2601 2624 1767 284 2471 126 903 990 1107 688 1845 1340 502 297 2276 1821 1235 103 1720 768 1310 1323 522 1608 835 1186 65 578 1254 250 1391 1413 1512 2388 1975 2667 684 2314 767 400 749 1759 277 2196 2036 923 2757 227 1536 40 2706 2744 45 2251 579 1459 997 1232 2661 2383 2754 2056 818 1691 1748 2507 2605 1733 148 952 1221 2737 2302 1277 1670 916 2630 1165 2349 851 2058 2697 1286 1368 960 190 594 1605 2203 1819 919 1434 18 10
485 1306 1175 962 1951 1798 2540 658 589 727 1427 2072 714 1207 853 2409 1361 898 646 93 1166 614 1558 895 1928 2323 1087 1137 1451 1590 789 1971 1801 1394 251 2054 2787 395 1230 2644 545 954 2277 1334 304 240 2113 529 2066 2022 1257 1786 572 2542 1115 724 2178 1298 2579 293 1333 2546 1213 483 2504 1869 1685 1106 1149 2320 101 1389 1760 634 374 1883 1300 1197 1434 1712 182 1265 24 540 1609 2430 2784 1839 601 63 1161 1513 2129 1847 431 378 286 2759 803 2667
1962 692 442 2292 790 1126 2719 722 2736 2068 2319 2506 2665 447 362 79 1547 1130 1841 246 1986 2825 2511 1134 165 204 2558 2258 1940 1067 2842 2766 1825 2207 725 2728 1935 104 1055 2305 1463 2041 1056 1632 419 2554 894 2153 1286 506 1057 481 1703 42 350 360 1606 1199 856 974 1927 2259 96 677 309 2427 1363 1893 1844 2183 189 1733 1032 1987 97 1217 217 396 913 815 2782 2633 2257 813 1288 274 1088 565 710 2359 236 2598 2702 1677 1064 1554 2696 2608 508 2507
1081 1947 1862 1497 583 588 548 2184 133 1765 143 2517 1440 1514 2363 2529 1939 718 386 2185 2298 1129 1684 1196 697 557 1295 641 1863 38 1724 1664 991 1445 1373 756 795 1982 1694 366 2659 879 2327 2771 30 1807 2460 1744 1549 1630 961 2833 801 2321 810 5 1446 859 798 2739 2619 1360 638 228 2581 514 2356 1877 2332 299 570 2694 2661 2138 1619 2222 685 741 160 976 1735 2271 1294 2139 516 1078 1530 2198 2246 667 1358 2584 1 2385 1793 787 2014 273 888 577
9 1579 2792 998 1470 1583 1791 887 748 1179 1531 2328 2491 1977 2778 118 2682 1651 1578 2065 2252 567 919 952 841 1769 1063 1667 819 2647 916 2575 930 1585 1770 1354 114 227 2723 945 639 1970 382 1854 2711 778 517 1920 2042 2310 928 982 808 2729 369 1657 2097 2225 873 1989 2586 1625 902 2349 357 1460 1014 776 1169 1005 2234 2621 1690 2550 975 579 917 469 2297 1832 345 102 2395 1805 98 2360 2347 1372 1016 373 1611 794 2106 1734 10 775 2702 2329 1626 2159
2502 2152 851 1371 2567 2263 2751 1605 1171 22 2141 1214 84 40 2153 629 1960 419 2554 1661 894 2678 2572 1632 1744 592 2760 106 1515 2608 1251 1927 2726 1064 2109 2162 941 2522 2056 2182 96 2623 1987 2116 815 236 2278 189 171 2222 844 785 1364 2831 2612 506 5 2401 183 744 45 2457 621 1232 565 42 1032 481 2705 1536 2305 1286 636 2060 1768 1217 20 300 1797 1726 2807 1844 1015 2048 609 167 1766 2841 1283 1556 1199 959 2203 2386 973 2197 2404 1560 971 2571
352 299 2833 2092 2269 428 2371 2139 879 2576 969 1982 1925 2484 2094 2797 1530 667 1549 2844 1078 1619 264 1421 1122 160 2776 1863 1539 557 741 1069 2648 2138 1349 2455 2412 2431 1366 2811 2255 2189 317 2226 1816 913 2385 2063 837 2403 2213 1814 1242 1341 1607 1735 2710 226 814 2460 1480 127 2758 2473 2175 891 1338 1009 2266 1201 403 888 90 1589 262 1815 2607 1660 1826 1291 867 267 2633 1159 1520 385 1025 1 342 307 2524 2731 2486 1238 846 234 1571 46 166 273
751 2242 1389 2066 2178 2546 304 1115 1213 2113 1087 1019 898 545 895 614 93 1590 1207 2579 1166 2409 1558 714 1928 2072 2022 2504 1137 1353 63 2542 1561 1394 540 1971 1300 2759 1883 374 483 617 251 803 1197 576 2114 1257 1786 1427 1685 215 777 581 2277 1357 436 1801 12 101 2238 1683 1333 737 182 2784 2381 1825 149 1130 1900 1125 240 1434 725 165 853 2040 1093 1334 24 407 1891 2077 2558 1631 2555 328 1996 2777 2478 2430 1940 1798 789 1760 1906 2540 1230 2073
536 2090 332 569 121 1268 988 193 2333 1132 340 427 571 1588 839 955 2772 2415 85 178 2574 1753 1249 2777 2137 2077 680 2478 1627 698 1540 2747 1125 166 612 622 2561 1288 508 2273 1300 2009 36 2607 2738 2675 1793 2344 997 2626 606 666 905 1341 2670 362 1824 1065 1431 1186 1703 1924 2280 2507 237 2568 2440 1533 1521 504 2410 500 215 2117 2424 858 645 474 2471 2100 70 2818 901 327 223 961 1835 72 1181 383 1158 1900 2676 2287 2098 2724 304 2178 252 2717
2138 2811 1816 867 1366 1480 1660 385 2607 961 2431 2648 2455 1530 2633 1421 352 2094 317 1078 1338 1159 403 2412 2255 160 264 1009 600 667 1341 1069 1815 2213 837 1982 814 2403 1607 2484 557 1925 1618 1242 1863 2820 1349 2758 879 1619 226 2266 685 2100 166 2833 2486 1622 2139 1540 2460 2738 90 1994 892 2835 1828 573 1 2614 46 2338 223 665 2783 1060 1735 846 2635 299 1549 1122 2215 2371 2340 642 2092 537 2481 1698 2834 1446 1814 349 2372 1409 2473 17 2063 1615
1300 2555 1019 1394 483 63 1727 1353 834 1883 1749 2022 2058 1277 2197 1087 240 2277 2066 1801 576 545 1389 1631 2452 2546 304 853 1115 1363 2178 898 2579 824 2547 2113 251 1213 792 2072 895 1928 1288 924 1590 596 1103 1427 2296 1166 2114 1804 2504 1483 1685 465 1304 1137 714 967 1719 1703 2242 93 95 376 2216 2381 291 614 149 2317 2288 2422 1971 2540 2235 1558 2409 1659 1683 724 789 581 2249 374 751 1561 2281 1207 2784 2759 832 34 954 230 1469 1785 2777 1786
1280 1596 2141 2562 2498 181 1797 2278 620 1318 2807 2720 387 732 2442 42 2048 1525 1536 636 1880 1083 644 752 2448 2476 2688 43 2623 894 1702 1365 1251 106 1108 2678 270 2188 84 2760 2374 971 133 2554 2608 1927 2425 1084 2168 1283 1064 2182 419 150 2522 1802 1768 941 1032 2823 2056 2761 2263 171 2643 1364 2153 762 2116 1744 2582 183 2572 1947 236 2725 759 570 661 2612 96 2831 785 2705 189 2060 959 689 2401 45 1726 1979 1665 1632 1661 2726 582 1960 2441 592
213 707 1945 2408 2354 1867 1269 520 1849 424 19 232 1529 1722 2566 2390 1733 954 2744 783 2737 1685 853 940 1889 949 1749 2112 149 1394 1298 1019 1999 2022 1004 957 1103 2555 1712 63 182 1727 2725 1760 2197 198 609 2457 2058 1631 834 2572 1363 1434 1904 1801 1766 967 997 60 2464 2542 42 2404 1288 844 509 558 1343 1277 2507 617 540 2295 1535 466 304 2216 1093 75 832 2497 545 1304 905 5 474 80 1659 498 135 2277 2014 1703 1448 2178 2351 2576 2522 1087
1125 1753 2777 70 2077 2772 2478 2561 1035 431 2510 1839 1252 2015 1390 2818 2622 1533 2757 1759 951 1834 1557 315 1165 2302 1842 18 191 767 601 2 277 2546 2663 103 101 1980 433 997 1115 1266 1137 2289 769 1786 297 1389 2504 1323 739 374 2685 1427 1186 369 2579 1130 2161 751 2808 2315 426 1895 24 1971 251 2381 293 1228 2113 688 304 1900 853 924 2702 1597 2178 1740 1962 2506 85 803 436 1904 1608 1847 634 161 1235 926 1329 1818 2288 2066 2533 2409 1487 1513
1453 1490 2433 2545 1796 100 715 2034 2721 2376 1569 48 2713 2309 64 562 305 1901 439 231 201 2229 2842 2650 1743 204 1785 1547 343 1836 1363 2068 1277 38 2305 2841 1228 1672 2511 1749 2272 1727 1631 153 2567 2426 2391 810 2336 2346 1916 206 2603 2435 2437 20 71 2700 2189 859 873 899 1625 659 2665 168 1847 1035 725 924 1103 2335 182 1191 2570 2058 722 2826 2808 1839 116 2022 704 282 1397 1542 294 888 2563 2030 834 2752 1224 475 2502 1985 1304 2327 894 796
2755 2045 1584 2023 258 747 770 1320 1488 1397 1738 2494 2768 2478 2259 1839 360 2561 2772 2179 2077 1266 54 1853 1739 2664 2777 420 1035 1390 487 924 997 2361 1088 710 1893 2622 1073 1753 1125 2506 2808 85 2782 1605 2015 1252 2195 631 1695 542 335 2093 1557 1879 1000 1502 2421 1922 953 1970 2282 1007 1673 1759 2507 701 1130 2757 1471 1198 1165 1369 909 315 414 1906 1029 1301 1757 1591 1980 2203 104 1740 1232 1508 214 306 2510 1184 70 1137 2030 2653 1681 444 2302 2617
1570 1916 475 372 2043 2171 1697 2346 1284 298 650 2810 980 37 468 1015 2666 459 2268 1884 1456 2118 1891 1723 122 1285 411 922 2816 546 448 973 807 2313 1610 1858 2677 6 1221 285 1232 582 117 1260 420 629 2768 820 1537 1198 1397 2179 1603 1738 2643 759 1084 2167 1502 148 1488 1541 275 474 1184 2791 1023 2747 1865 2494 2841 594 1227 396 281 2627 1340 306 2203 907 2303 851 2387 1954 1659 1641 40 1908 953 1605 72 1153 1082 2535 2086 1702 2573 1254 669 1308
9 2792 1579 998 1583 1791 1179 1470 887 748 2328 1531 2491 118 1977 1578 1651 2252 2682 2065 952 2778 919 567 841 1769 2647 916 1063 2575 1667 819 1354 227 1770 1920 945 1585 1854 2723 639 930 114 517 382 2042 1970 2711 778 2310 776 2729 98 808 928 353 2349 579 923 1625 781 982 1657 2097 2459 1963 369 873 1460 1114 1154 1819 975 2334 1459 2416 725 2462 2225 1279 543 2516 2658 515 1739 1528 1287 150 896 1809 2186 1748 902 1228 2054 102 2304 1277 1690 182
834 1727 2555 2058 1749 1277 1300 2197 1394 1304 1103 1801 2277 576 1631 483 1883 1353 1363 1019 60 240 63 2317 395 1288 2022 783 824 1483 2547 333 2216 1703 596 2452 529 2249 2666 2737 1672 1999 2437 954 1685 95 545 940 905 2644 376 650 1217 962 42 2784 761 1561 2507 304 1904 465 149 309 1087 2178 922 676 856 339 474 182 2112 924 1839 1990 2579 2510 1836 2323 2497 1798 1659 1230 2263 997 1004 2401 1677 117 1178 70 75 2030 411 198 1476 2661 949 2542
1870 26 2649 348 1369 2454 925 2769 2714 480 2538 663 179 518 550 1710 1701 2050 1788 1417 1489 2130 161 860 2513 712 2375 769 2155 197 1930 1276 1172 445 133 1776 57 2011 2418 2840 2332 2327 1861 2004 1716 1358 2289 524 1029 1030 366 2174 970 2650 746 1895 1377 1665 228 2461 2753 588 1045 2724 2206 884 2374 645 976 433 1792 421 2123 2581 704 1348 793 1575 1947 1193 1086 280 977 1765 2493 797 1758 2184 689 210 514 1580 287 1859 1795 720 1012 1034 2084 1432
1159 1009 2455 1815 403 837 264 2484 2063 2811 2138 2255 317 1338 2412 600 573 2266 226 1925 2648 2481 352 299 2833 1982 665 2486 17 1622 667 2139 2100 1994 846 642 2820 1294 2338 1421 1698 1446 90 2094 2213 1530 1816 2371 1409 2092 961 2576 879 414 195 1571 1349 1549 557 1078 1619 1863 1735 2253 1939 1060 1480 867 2269 1828 2223 1 685 1258 913 2635 349 428 2403 1660 385 1366 160 1112 2372 2835 2834 1122 234 223 1341 2607 1607 1630 2616 2431 1572 2460 1270 1520
1882 956 1802 669 1995 644 38 829 115 661 971 1880 2442 1768 2168 909 2194 2188 1520 154 476 582 1536 2688 1025 1761 1227 2727 636 1947 2261 1083 42 2399 1 3 2327 387 2127 2720 98 307 6 2210 1221 40 2677 888 991 2573 143 1807 2726 1295 43 629 2197 1702 1234 2678 285 372 2476 1392 1642 1744 640 1318 2623 1283 2278 2758 2048 1059 1215 2694 1375 203 546 1895 2375 1856 197 234 1814 776 133 1496 2562 1196 1086 433 2456 1069 1153 2581 801 448 1539 1747
1451 1361 2054 1106 1559 2000 395 1951 1230 962 485 646 1306 2644 1798 2787 589 572 727 2323 1175 1801 658 1786 1593 1394 529 853 1257 2277 2540 1971 293 954 304 2546 2113 2072 240 2178 1137 545 614 1389 1427 1300 2579 2066 1683 483 789 835 581 1115 1213 783 2504 2759 803 60 1087 2494 2409 2381 1207 1353 2022 2197 1346 989 2317 1735 895 576 1357 1386 2114 328 101 1908 1883 1561 251 1334 547 2040 907 93 2542 104 2238 436 148 420 1197 2555 1900 1462 1231 688
1911 2512 2355 2218 222 1436 850 897 2071 1504 1790 1933 2362 2691 2642 935 2096 1479 1621 1387 595 1200 836 2156 2446 1638 1682 1098 2645 2098 208 320 99 1023 1321 144 1628 1510 1717 1145 1047 2587 460 2750 2318 461 200 1806 612 2537 755 997 1599 399 477 908 2163 141 105 2452 1736 1634 2834 1364 1778 2316 1619 1309 1251 424 1873 940 2830 783 717 2560 1925 1961 520 81 1904 1020 1305 1424 2201 2470 2460 2507 849 2055 2317 569 127 2469 988 760 2190 1040 2655 1803
967 1804 739 24 1689 1719 2143 91 2024 2430 426 634 792 2235 1597 2296 218 1231 2320 707 213 2756 2408 2533 2260 29 1722 1149 1478 2021 1849 1529 2354 184 2638 2615 1334 293 1867 1448 853 2390 424 1269 2295 558 2744 1945 19 520 2413 286 2172 2472 1733 232 1265 1535 2566 2224 754 135 1728 1753 1593 291 1533 1252 751 2673 832 1075 1406 1125 2542 2785 2015 2777 2757 2622 777 2787 1296 1842 1984 1055 627 202 548 67 1383 1759 388 1165 1012 2748 540 18 2772 315
574 2057 2639 2291 2683 1223 2183 647 1439 1874 494 146 2051 2435 598 482 939 2220 1433 2704 2526 368 1555 2499 2445 1931 1725 1899 677 444 657 1868 140 974 1452 2813 2427 682 2708 271 531 2393 1408 274 526 1592 2569 608 491 2438 2440 948 2248 2308 1942 2436 637 864 2089 329 2712 1937 521 217 994 2580 1088 2598 686 508 804 619 2037 1777 2625 1892 1639 2617 1771 2382 1677 1185 2286 2657 255 1330 1464 2719 1473 1076 1876 2766 1217 2319 1998 447 944 81 790 2728
2431 160 2094 1530 1078 867 352 814 1480 385 1660 1421 1816 1366 2607 2633 1069 879 1619 2783 1341 667 1982 1607 1539 1863 2226 1025 1242 2648 2758 2139 2460 1925 299 2833 2709 557 2811 166 2269 2403 1814 1349 741 2092 537 969 2385 1122 2175 2844 226 2266 2371 2576 428 2797 2473 1735 273 2524 2738 1549 2776 641 2484 342 317 2189 685 888 264 2063 2363 127 2255 1059 262 961 2412 2104 1338 2710 2835 1520 551 2213 1 2614 687 1295 2820 913 1509 837 1291 1828 2731 403
767 2510 431 277 1839 1443 1035 1833 1747 1938 70 2686 1753 889 1125 2561 2777 2772 2077 2478 1980 997 2496 1252 1759 18 2818 951 2015 2622 2757 1842 1834 315 1390 1557 601 1460 1165 2302 1608 2507 2315 2 433 1401 211 1667 374 191 1340 769 2532 1080 1904 1137 2702 250 2494 2521 103 2289 510 2663 1845 101 1895 1533 369 903 827 2482 1394 803 297 2506 819 1821 1235 1107 2706 1198 23 578 1720 2381 2685 126 1989 40 2128 688 2471 924 835 860 1733 325 173 400
1051 1496 1948 1897 1636 1416 2556 1096 2815 1965 1586 2272 1362 497 1316 1218 2713 1261 2628 194 992 2046 1860 1658 1840 2352 201 2241 48 1544 2439 2721 100 1569 64 1381 712 715 2545 659 950 1796 1054 1679 1552 2309 562 1045 439 2433 1623 1319 769 2034 1901 611 319 1444 1307 904 674 1649 1710 1148 563 1782 231 1453 2084 2735 2367 2376 635 1046 1029 445 1422 1486 1878 188 2007 85 2707 2358 1328 489 1428 1663 2011 1369 2133 2836 2826 2652 1437 906 2649 1848 947 559
2843 257 1731 1871 1138 2613 1645 742 1800 1894 1707 2609 288 1946 1040 1419 1966 2830 535 1311 1243 2364 519 2151 2290 1007 1794 2746 1379 2341 610 1005 1068 434 605 1131 2788 2377 2549 2730 1527 1020 1455 336 1466 568 253 2560 1581 544 301 392 410 730 1309 2299 593 416 1498 1110 1968 1442 1783 338 1992 435 1670 709 2331 365 1511 1969 717 112 1850 821 2680 1634 673 870 2516 248 1526 855 406 1385 774 749 2251 2492 1573 1779 538 2243 2087 2219 1079 881 2697 1133
1363 2216 785 2353 1288 1703 63 2502 1019 924 2401 2612 333 2567 1217 1214 419 869 2554 2022 22 1365 2751 2153 42 2152 1661 309 1632 894 1394 182 106 2277 2841 2555 20 1605 2507 2263 824 856 2591 271 620 1677 181 1727 1353 732 2573 5 2440 40 2141 189 545 1171 1371 2066 2726 2037 576 1251 997 1318 205 851 2222 304 1927 1336 1744 1797 2060 1801 2374 752 1659 2113 2807 424 2777 96 1032 19 103 724 2178 746 1892 1536 608 636 2162 1942 1300 2278 793 335
540 751 1019 2242 63 1561 1093 2542 1087 2022 182 1535 617 1434 777 1685 1346 940 1558 1207 1197 1091 898 614 739 1689 2441 1996 634 1590 1940 2112 725 1343 2040 1137 2785 310 1004 2072 1357 198 581 149 2638 1760 1334 832 93 1298 2579 2827 570 1914 548 407 2737 714 2114 12 2143 2066 1166 803 954 1280 2430 1389 184 341 436 1394 1971 24 75 1712 374 1075 133 215 895 291 1928 2207 2238 1353 1818 1055 2184 251 1257 1943 2748 2495 39 1478 1213 2288 1130 293
79 2665 722 2068 1547 246 204 1067 2511 1134 2842 2305 1841 362 2258 1130 442 165 2207 1126 2558 2766 2825 2506 1962 2728 692 725 1940 1057 2292 447 1055 1935 2736 1986 350 1825 2294 2319 2135 2741 2086 790 1056 2738 1462 1606 2719 166 1183 2136 1757 1212 2113 304 104 2041 1942 2440 508 864 271 2178 795 393 1998 2005 994 2636 2777 1620 1147 526 1120 97 137 2066 72 2359 1404 608 2494 2251 2275 1125 1596 2478 85 1463 1115 1186 599 2040 1085 1944 205 2747 2772 603
2624 688 2471 2601 1908 297 103 1235 848 1114 931 284 1845 702 1830 126 1323 502 2276 1340 990 1186 1767 578 1821 1413 903 1720 1391 1608 1107 2314 768 250 522 1975 1310 65 835 2388 684 1512 1254 2667 277 1232 400 1605 2706 2661 767 40 1144 2207 2561 2478 725 1891 2728 10 2502 1723 997 1839 579 2841 420 227 2022 919 2507 851 2254 1397 1667 614 1165 2077 148 70 86 1825 1277 1809 2036 1137 102 1372 1959 20 2072 2553 2349 2772 2630 803 2535 690 1904 827
2331 392 1419 301 248 843 519 1133 538 648 1424 94 717 1546 1634 410 937 365 434 2549 1573 1783 544 1079 811 2560 605 1516 1454 1581 1969 2102 610 1992 2290 1131 1442 1040 435 1020 2746 2219 1309 1005 773 1794 1511 1968 2830 1311 1379 2730 2763 1966 112 568 1894 1243 2151 2145 1779 2364 730 406 1385 1007 1707 2788 1387 1044 338 1110 1670 336 742 870 709 1466 1527 1200 1325 1526 2516 535 253 1068 186 2318 2377 881 1455 2251 2680 1449 2005 1138 1871 2420 257 678
1140 1124 1037 344 2053 1438 2531 471 1843 1011 2765 402 1216 1875 495 2285 113 268 1662 2301 1127 484 478 452 1024 363 1780 1924 534 1262 936 2429 290 1475 1500 131 806 2059 1008 2693 1274 449 1918 2465 2505 1021 2236 786 33 1568 2244 618 1187 1941 726 2173 2232 780 838 408 139 654 216 418 245 2407 239 2794 655 209 1781 1282 455 390 1635 1506 2565 525 49 241 108 858 999 1356 331 1648 296 2070 467 356 2316 2164 2025 1472 1465 2698 2406 2142 2279 2280
1870 26 2649 1369 348 2454 925 2769 2714 480 663 518 2538 179 550 1710 2050 1701 1489 1417 1788 2130 860 161 712 2513 1045 769 2375 197 735 2011 1422 2840 2650 445 1895 259 2289 463 1552 1029 1617 433 645 793 173 2724 1172 1307 1253 2753 524 1146 977 1993 2530 746 996 2076 704 2241 1437 1328 2084 2247 2424 606 623 1319 906 1837 489 2544 563 943 659 1930 2482 2123 210 2287 1663 611 2676 2200 1218 2564 556 1679 260 904 2652 188 1208 57 2358 2790 720 2397
2578 377 828 2083 1337 1910 1668 2602 2640 1374 933 672 2038 964 1266 1399 2798 2828 1038 2421 1329 2335 2808 729 1041 955 2120 1952 2520 698 2839 1070 2570 2221 1754 2031 2629 13 1251 2539 1521 2150 1256 1764 1429 932 2210 1049 370 2056 358 2428 959 839 1272 2413 2441 2220 949 2725 183 2445 1431 1170 2384 1364 2737 2448 2831 2513 640 2760 979 2671 1383 2464 135 1947 2190 2795 1064 520 1217 565 1004 2182 1393 2827 88 1433 1797 2745 2224 60 1476 2013 1200 571 123 119
2510 431 1839 1035 70 1753 2561 2777 2772 1125 2478 2077 767 1252 2015 2818 1834 277 951 1557 1938 2622 1747 2686 1390 1980 1833 1443 997 889 1394 191 315 601 2757 395 1533 769 1759 1842 1801 1298 18 2496 545 1310 2 1107 2506 2277 2644 1165 824 2289 433 1586 1266 20 2547 1130 497 2566 2507 757 2302 19 1798 1666 1922 182 853 2046 646 5 2482 962 1674 2066 707 2532 63 2555 1162 1427 178 675 424 1904 1150 1999 827 2661 2352 135 992 2471 2653 596 2808 567
575 1691 2754 1104 1669 2550 1507 2641 728 55 2604 2176 107 2019 397 1177 1194 2414 2080 393 1482 441 2136 1244 1211 1523 2383 1120 1147 1450 2695 2275 373 863 1678 830 1732 1646 2518 2452 2395 603 584 845 997 1620 339 1016 1073 835 1254 2326 2733 736 462 2254 796 1462 2159 153 2233 2234 2740 897 457 1517 2360 32 147 969 2591 379 834 187 1734 1310 1690 1467 1162 1748 276 1107 1919 1621 767 2086 2684 2555 335 2466 1028 490 1093 818 1583 1907 1626 2317 357 87
247 1359 2585 723 153 1772 450 303 1403 539 1121 2453 2718 2008 764 2582 719 2146 2551 2284 2018 1204 862 2485 1289 1751 206 343 190 1351 914 1997 1493 1633 35 1534 2603 1577 2824 2209 1157 615 812 2474 2254 2604 107 575 457 2019 2233 1595 1507 2550 1691 1915 1392 441 233 1669 2754 2740 462 1626 2733 1136 1177 2136 1517 1169 1690 499 212 2586 776 2368 2684 357 736 2192 2383 2067 2734 1734 342 2641 1066 2174 55 2360 873 2780 1611 2234 2405 1104 2334 1245 775 2414
2502 2152 851 2567 1371 1605 22 2751 1214 1171 84 2841 2109 1960 40 1661 2153 2141 1632 2554 419 2263 941 106 2726 894 96 1927 2348 1139 592 1232 2162 189 5 785 2060 2222 1744 214 629 20 2457 1032 594 1365 2404 454 1953 167 1515 420 1397 2623 1659 744 2203 300 957 2572 1199 1866 2612 815 746 1333 1738 2831 828 2566 481 2705 1198 1283 2401 43 1987 270 1364 1750 1217 244 1602 1113 37 424 150 2768 844 520 1203 565 856 509 2022 1844 1251 232 2678 985
645 2011 1054 1328 445 2767 1444 1663 2840 1679 1623 2837 1649 2707 947 169 2836 1782 1993 1381 1261 1617 1422 1045 440 735 1544 1658 155 1029 51 2439 712 134 2241 2352 2130 2050 1218 1552 197 1860 319 2735 1253 904 194 2088 1208 1468 2133 965 1775 1840 1307 2084 1640 463 986 489 2287 260 860 674 906 2815 2628 769 900 1486 550 1407 2515 2076 563 179 2424 1428 1046 2337 1148 659 606 1437 2652 2724 109 201 1710 562 2646 1489 2358 2606 1158 992 259 1135 2482 622
2011 645 445 2840 1328 1054 1679 1623 1444 1663 1649 1029 2707 1422 1993 169 197 1617 134 1552 2767 2837 1045 947 1782 735 2836 712 1261 2130 440 1381 2050 51 2769 518 155 2076 860 550 2454 179 1253 2241 463 2714 1658 1788 659 348 769 319 1208 1710 1701 2649 663 1544 1218 2088 2289 904 1640 563 1369 259 260 26 1870 2735 1489 1757 925 2650 1307 2375 1860 2352 2513 2424 480 161 2538 1468 2753 2287 1412 2439 2652 1775 674 906 986 1930 1135 2480 2544 1901 2084 2515
1934 1656 943 2501 1405 1102 2528 2044 2411 2832 2817 221 635 85 312 2790 1644 188 556 987 611 1926 2300 817 2270 1624 2082 1319 1407 1386 547 630 2397 1428 2631 2574 2344 4 2337 2800 1848 2358 2307 1414 1046 2564 1092 2670 2007 1151 2312 74 659 2606 1172 2724 622 1422 178 2133 712 977 259 463 2424 2449 1983 1437 489 1552 559 1307 904 2676 970 1029 911 1993 1158 2515 2652 606 563 2753 1486 826 2419 524 486 2084 784 1627 260 1617 2646 1253 2035 1190 675 219
2512 1911 2218 2355 850 222 1436 897 1933 1504 2362 2071 1790 1638 2691 2446 2318 2156 1098 2096 935 2642 836 1806 1387 1621 2645 1044 1321 1682 1200 599 376 1880 1479 2750 755 761 2317 1483 2249 2432 2201 1447 2562 1469 16 2420 2537 2710 2450 99 1047 127 1449 795 1736 339 495 1802 2098 2468 863 267 2709 1183 1634 2442 2720 1421 2560 1069 166 44 320 1355 1309 644 1524 1672 1596 2758 33 1132 2151 1131 472 846 1291 1588 1238 2738 1941 1 1966 2788 717 2168 2175 1341
2843 257 1894 1731 1871 1138 519 1645 1800 2613 742 1419 1707 2609 288 1007 2331 392 301 253 2341 416 535 1527 1992 2377 336 773 1779 1385 406 2763 1455 709 1498 1516 1131 2102 937 2145 1068 1040 1442 2788 1454 1020 248 749 2746 605 1969 1670 2219 1526 1379 1946 1133 1466 1581 1850 365 2830 538 435 1966 870 648 821 2560 1511 1243 1005 1309 883 410 1311 338 2697 610 2290 678 2516 544 2299 434 2680 1573 730 1079 843 855 673 2251 593 717 1794 1968 2151 1110 881
1083 1702 620 732 181 1318 759 2643 1536 636 2807 2278 42 582 1797 546 285 1221 6 2678 2627 411 468 1188 1260 2425 2048 2677 2168 2476 396 1108 1251 973 661 2608 133 669 1084 1064 2522 1365 1596 2562 2498 2004 1525 2194 2760 2182 298 2056 45 236 1856 922 1880 476 807 2313 2141 1792 894 2305 270 2745 372 171 387 570 689 2441 2111 1280 1947 2202 57 2190 281 187 1697 1758 2548 1914 2448 2374 1364 1421 189 1930 1861 2720 2263 2827 2554 462 419 1530 2468 2229
1870 2649 1369 26 925 348 2454 663 2769 2714 480 2538 518 179 550 1710 2050 689 769 1788 2155 280 161 2123 874 2513 2418 493 1580 57 1417 1576 2581 704 1489 462 1347 1861 1172 133 1859 977 524 884 1146 2211 2039 970 2564 1410 1193 210 259 712 2184 1901 1792 1551 1319 1934 1716 2206 1785 2004 934 310 2159 1895 1377 1348 1838 421 1656 1847 1626 1092 2724 548 2125 2525 283 2198 1382 1701 1247 2733 188 2586 1075 794 422 2344 1276 1151 178 902 2358 570 457 187
2788 1040 1966 605 1110 1311 1131 2830 1243 2151 1634 434 1309 1379 610 2364 1946 1020 1794 2549 2290 717 2843 544 1005 2560 1581 937 2730 112 2746 435 365 1573 1783 410 1968 568 811 1133 257 1079 1424 648 94 1731 1138 1645 1894 2613 730 1670 519 1800 2609 1707 1871 1044 301 923 825 392 1246 1583 1642 538 1279 248 2328 3 254 1516 1419 742 2331 1882 2252 975 2754 2416 952 593 1691 2573 551 1487 953 875 2349 1002 1367 2490 416 2304 930 123 1891 515 227 749
2502 2152 2567 851 22 1171 2751 84 106 894 1214 1371 2153 2554 419 1927 2141 1632 1605 96 2109 1960 1032 1661 592 189 2060 2162 2263 941 40 1744 2726 1280 2841 1199 2222 2305 744 481 42 2313 815 2720 2678 1525 629 1365 2807 2572 1596 2278 785 2562 300 214 2404 1108 746 636 171 2048 1232 621 2623 1536 1251 2374 2608 167 2004 2784 1064 454 2457 270 762 5 2831 2498 1139 2401 2348 1766 2522 133 971 2760 844 1004 1283 1797 20 2112 1083 150 1768 859 957 1318
522 1767 768 1114 931 848 1830 126 702 903 2667 2624 2601 990 1845 2276 2471 688 1340 502 1908 1235 578 1413 1391 65 1107 284 103 2388 1720 1821 1323 2314 297 1186 1310 250 1512 1608 1975 684 1254 835 601 2663 18 2 1842 1989 2787 1759 10 2395 145 315 1723 1834 2121 593 1165 347 2583 2622 2299 2755 1670 1001 1122 404 371 1012 1959 1252 2757 2701 876 1594 775 1891 67 2240 1805 2653 853 2172 2302 2748 1869 920 2269 249 1243 2746 114 321 627 2341 409 1239
1141 1506 2070 1356 216 1781 654 1140 2669 49 2311 27 455 113 2025 2164 625 192 2794 225 525 1612 1248 1924 1262 344 207 1787 679 1274 408 1282 61 239 2173 209 1692 2396 858 245 383 1481 139 2280 356 1216 52 838 1780 2465 2505 1124 252 1662 2765 1505 2467 2690 1022 1378 296 1598 1127 1435 2821 1037 418 2053 478 1024 363 346 758 290 138 786 936 2398 2232 389 1438 2091 2429 449 628 643 471 1568 1465 2698 2632 1299 1168 402 1048 1918 1021 108 467 2611
1513 1795 1847 1161 1773 1785 1228 1197 617 2247 2542 2260 240 1561 789 1353 1535 63 1019 2242 783 2022 2129 2493 1346 483 832 1883 1743 1300 182 2784 2066 2540 576 2504 2178 304 436 1093 215 1213 2827 1394 1176 1427 132 545 1343 824 1900 695 2579 596 2547 1333 983 2202 2016 2441 2054 540 2113 95 2190 751 940 88 251 101 777 2699 230 2787 1928 70 2238 1166 2381 951 2737 564 2111 1476 926 1685 2040 1818 2277 1298 465 2818 1996 2745 1971 1590 364 1103 310 1999
1436 2163 99 2218 1504 2636 177 2829 453 2679 1163 1145 1085 222 595 1903 2122 2775 816 72 141 460 2009 760 823 2655 1628 174 1023 2071 1790 399 1160 208 401 2747 461 1510 1415 2587 2098 164 612 2055 2691 73 1599 1047 1088 981 156 172 731 2512 2096 1933 935 2355 1872 437 850 144 520 694 424 836 1976 974 2126 12 477 2002 1638 2362 19 2405 2577 755 1233 2003 1241 1945 707 1688 1305 2028 703 2161 2469 2722 1766 746 609 1784 1806 1052 1717 793 797 671
834 1727 2555 2058 1300 1749 1277 483 2197 1394 1883 1353 1801 240 1103 576 2317 2277 2452 1304 60 395 1019 2579 2249 1631 1230 581 1106 2504 304 2644 2547 2381 824 1087 1559 1683 783 63 2178 2546 761 1115 1483 1288 1389 1363 1451 1685 2114 1971 2759 2216 1703 376 251 2238 596 436 2497 529 1476 789 75 766 1427 149 2113 572 328 341 803 940 1786 1904 2507 2066 954 332 95 2737 905 215 577 1361 2022 1357 1093 1999 374 2540 922 997 2190 333 1346 737 1004 545
1216 113 1924 2279 1829 504 344 402 1262 1929 1275 1438 471 455 1168 1299 295 1140 2470 2407 936 2465 2505 1240 1472 1918 2059 1730 1568 726 2698 2232 1303 1008 2301 220 1789 655 806 927 2806 412 391 389 2137 430 2142 108 758 1118 363 1037 331 1143 999 1662 2687 1475 418 2236 654 2715 1708 484 1039 383 27 2053 53 467 129 561 1273 2531 2552 628 2343 799 858 31 2716 324 1409 580 1692 1875 1774 1022 1124 478 1050 2429 780 2398 330 159 1822 1327 2212 1831
1422 2767 1993 1663 1623 2837 169 1444 1617 1679 1649 947 1782 2836 1328 2707 1045 1054 712 1381 2352 1261 2050 735 2130 550 1544 645 2241 2439 155 2011 445 1658 179 51 1218 440 1860 2840 194 2714 1552 1489 860 769 925 1640 992 1407 1208 1710 2628 2454 480 1416 1486 904 319 900 2133 1369 563 2046 1307 1046 1586 674 1029 2424 260 2545 1102 497 2769 1051 1437 2312 2337 1428 1468 2358 556 1948 943 134 635 26 489 1253 906 1848 1123 1148 965 2082 2652 1870 659 2735
70 2561 1753 1125 2777 2772 2077 2478 2510 431 1035 1839 2015 1252 2818 1834 951 1390 1759 2622 2757 767 18 1842 1557 315 2 601 1165 2302 2663 191 1533 277 1980 997 2601 2315 1329 990 2702 1908 2506 1130 2161 2471 2755 1962 400 2685 101 2507 1340 1739 2686 2178 2839 2546 327 2782 1853 860 215 502 1747 1786 1137 433 1938 1904 395 660 1502 2381 751 2653 1893 567 2699 165 306 2054 1401 2289 2045 2573 1920 581 2664 2647 54 1186 1115 688 1584 1197 436 2247 1559 542
2512 1911 2355 222 2218 850 897 1933 2071 2362 1436 1790 1504 2156 1638 2096 836 935 1321 2645 2318 1098 2691 1806 755 1621 1387 2642 2750 2446 1200 1736 2450 1044 1682 1479 2201 2342 599 2432 2317 1449 1672 2420 320 376 2537 717 1634 908 1305 1483 666 1224 1530 683 1424 2820 495 1178 2514 1078 2226 2190 1447 2168 2523 2058 2249 2100 2094 160 16 2261 761 353 1619 339 846 1966 2627 1914 1132 1880 2560 44 2437 1982 1421 2555 1941 888 1469 1727 1990 834 2497 2180 1838 1925
2636 1085 1163 2679 72 816 1903 177 2009 2122 172 2829 2163 1145 2722 453 2274 1688 694 1089 460 1808 1100 823 164 2577 1241 1155 1404 1023 1784 156 99 141 1628 401 174 2775 2747 1415 595 612 208 2055 1510 2098 1436 477 461 2587 144 2126 1504 1160 399 2469 2218 731 2655 666 1047 981 748 1088 102 222 760 347 887 2841 1531 1976 2003 2567 118 152 567 1667 2355 2252 2537 1605 1232 703 1955 2714 1666 650 1401 2507 520 997 1397 1585 1740 2674 2349 308 2819 1305
247 2585 1359 723 450 1772 303 539 1121 153 1403 2284 2146 2018 2008 764 719 2551 1289 2453 2485 2718 2582 1204 862 1751 206 343 1997 914 1493 1351 190 35 2209 1534 1633 2603 812 1577 2824 1157 615 1915 2734 1595 462 2604 2254 2165 2019 107 457 2233 1245 1517 2733 1762 1507 2550 2536 2586 1177 575 1626 1611 1805 357 794 1028 2414 2780 2434 728 871 1104 2368 1734 2684 2754 233 775 1136 1169 187 2360 2176 1170 1963 55 32 1690 717 736 648 2159 2234 2192 1669 1066
2844 2797 1122 741 2139 2833 2269 299 2092 1814 1589 1982 352 428 1291 2731 1539 2371 267 2189 1238 1549 2403 2576 2385 891 2473 2710 2484 2175 879 1925 2776 667 2412 1735 1863 969 795 127 264 1619 2648 90 2094 2255 1530 1338 557 2811 2820 888 1421 1242 2468 317 1078 262 641 2460 2063 1411 1509 1295 160 867 837 1373 687 2771 2431 2226 2455 1201 991 2213 642 1059 1826 1571 1807 2266 2486 1069 2100 226 203 846 1349 273 1994 2138 342 1698 2338 195 1366 166 1816 814
9 1579 998 2792 1791 1583 2778 1470 118 748 2065 567 1179 1531 887 2252 919 1970 952 2491 930 2682 1651 1977 2328 778 517 2647 2711 382 1578 1769 1854 841 1354 1667 916 227 819 928 1920 1657 1770 369 1063 639 114 1585 945 1460 2729 2575 2310 2042 2550 2723 776 1279 1906 2532 808 103 1821 1879 107 1507 1739 1720 1608 353 725 1753 2507 888 993 1323 2567 1989 2604 1893 83 719 2478 781 767 2022 997 403 182 1258 2460 297 2077 1194 345 2820 2802 2414 542 1025
999 1475 2059 726 2236 314 484 1050 331 1967 1187 806 1635 430 390 1273 1715 2406 1648 655 53 2531 1929 1011 464 1706 2053 534 2429 1124 805 1662 780 478 467 1875 1024 2244 1037 2765 268 1275 131 1438 113 295 471 1262 799 1503 1730 2693 402 418 1755 1281 456 452 1127 1216 2698 2285 344 2301 455 2715 936 1395 1918 108 1780 504 1465 653 1378 1039 2061 1140 927 1317 1829 1274 2407 1921 2552 721 1972 363 1789 389 587 2091 2280 239 1568 2402 2181 2279 771 858
909 1371 1462 851 1113 40 1232 1960 1144 1757 2361 629 115 2573 2494 2216 2263 37 924 1659 2507 835 1283 2678 84 1394 1661 2197 327 614 997 42 1198 1641 1336 1502 762 1199 2562 1536 117 1726 270 1357 1559 688 576 1137 482 20 1363 989 1073 1750 2677 2404 894 1605 2222 581 2706 1221 2720 300 2726 2308 2261 2547 2772 824 737 2571 905 1596 1425 953 2498 594 2114 215 400 2203 341 474 1768 2555 387 2607 214 1205 2022 60 1801 2691 2077 2471 1219 2202 1476 2288
1796 2545 2034 1453 715 2721 100 1490 1569 2433 48 64 2376 305 562 2713 439 2309 1901 201 1640 51 231 2650 2826 563 1860 1316 2556 1584 659 1948 2272 1051 1496 260 1965 1369 978 2030 497 2007 168 1586 2023 2649 1416 2808 2815 1148 2179 155 1006 2623 1973 2289 559 869 2129 1502 167 2258 2103 20 2027 218 286 2120 1283 832 2088 85 420 1307 2791 712 920 1397 1319 1591 586 795 1625 2305 31 1096 2207 1525 1738 747 2391 26 2671 1488 1848 188 1476 924 165 1878
1583 1179 2252 2328 2491 998 1651 1977 9 1578 1579 1470 2682 887 1791 2792 118 1531 748 2065 916 1769 952 2778 567 919 1063 841 930 227 1667 2042 819 1354 2575 517 2723 382 2310 1585 1854 2647 1970 778 2711 1770 982 639 114 928 945 2729 808 1920 2225 1657 2349 1460 369 1211 2754 2550 2166 903 102 1919 1690 2234 1832 2097 2297 1372 2347 1748 2360 2159 1028 917 1734 1512 1809 1691 2563 2192 2658 1254 107 736 1507 902 469 2254 297 1459 83 2532 579 763 1014 1169
830 1450 1732 1678 1244 1147 603 2275 1120 1620 393 2518 2136 1646 2080 1073 1805 775 863 2586 2621 1169 2211 357 960 794 1611 339 2630 1482 2383 2701 462 2020 2780 1626 1517 2368 2733 845 818 1523 373 1016 2329 693 2447 2605 279 1832 2297 2254 2695 441 2347 187 2684 457 1372 2395 1382 2106 584 469 2651 2192 1192 371 2637 2019 321 2233 2754 2525 1088 1734 1691 2240 2345 1259 2804 102 876 1690 10 2360 1014 2805 2234 2159 2326 1462 1028 997 575 1959 2239 736 1104 2166
835 1254 1310 1107 65 1512 1908 903 2388 702 768 990 284 1821 1830 1114 1720 502 1340 2471 2601 848 1608 250 931 1975 297 103 1323 684 1767 2624 126 1186 2555 1336 688 2661 522 997 1235 1845 1120 1277 1013 2276 1523 2738 1147 393 400 1315 1727 2695 205 2507 2058 1620 1401 2818 2275 1678 1834 441 834 2136 603 2510 1732 951 576 1646 1904 166 70 1450 2079 824 830 55 1057 1659 2518 2015 2478 1104 1300 2383 856 309 483 1252 1907 1753 2160 333 276 20 2777 2277
4 59 2389 2528 2411 1545 2501 266 1644 826 2832 1737 2044 1624 312 1934 2477 283 2817 626 1407 1146 613 635 1102 1656 1202 1405 1799 987 611 188 943 556 1319 2082 221 2790 2270 817 2312 85 1926 1172 2011 1983 1468 2564 2652 1029 1752 1486 1313 1948 659 1307 1552 2606 1208 2069 904 74 547 900 2574 1092 463 2424 1416 445 1151 2419 1428 2724 2344 1437 1123 674 1414 977 1422 2337 906 1640 524 2133 2009 1848 2714 712 2636 563 1878 2300 197 2397 2836 260 2358 2007
1672 2437 1990 44 1836 2249 1178 16 761 2317 2700 47 1469 2180 1224 676 683 1483 376 2523 1116 1447 1713 1838 1714 34 1183 1449 291 2422 1057 465 95 2190 834 596 1749 2058 1727 1176 132 1277 1476 2129 1914 1304 2555 88 2202 2547 983 1103 60 2745 824 695 490 1856 1743 339 1631 2785 576 2441 832 2695 1693 2111 2296 1999 441 845 1346 1523 2827 577 603 1044 2235 1790 2431 269 717 792 889 385 888 222 1933 1968 1732 1431 1073 2560 1783 2275 1561 830 126 1462
540 1019 2242 1535 1093 1561 751 2785 1914 1346 2441 617 63 291 832 2827 689 777 940 1856 2737 2542 2022 1004 133 1685 1087 570 949 310 2374 1343 2418 2562 280 1251 2112 1280 1596 1999 407 620 57 1996 1797 2111 1091 1665 1176 2498 1064 2129 2522 2202 2004 182 2190 548 732 462 2585 1930 1861 1947 1103 2733 2125 783 2238 1365 762 2582 2745 1434 1359 1580 387 366 228 2332 756 1318 797 198 149 181 997 1867 2838 2039 2048 2184 2748 421 1758 2555 1558 1169 2608 1075
137 1212 2741 2135 1606 899 116 1463 97 1935 2041 2842 204 1067 1944 1134 2580 2294 2435 1899 447 2207 1055 79 2068 2766 246 1547 494 2825 1223 2511 2728 722 146 1874 1185 2286 1056 2558 2665 677 1777 1464 657 574 2708 1452 682 1937 2121 2506 2382 2057 1771 2438 1001 1076 725 2719 1639 444 2037 804 1012 1677 2583 453 1940 1725 1825 249 2625 2004 2291 948 165 1986 2352 627 491 1555 1592 2683 1752 12 598 140 2133 2393 2588 1810 1130 1721 287 974 589 1439 368 2319
574 2057 2291 2683 2183 1223 2639 647 1439 1874 146 494 2051 2435 598 482 939 2220 1433 2526 2704 1931 2445 2499 1899 1555 368 1725 677 657 444 140 1868 974 2708 2427 2089 637 521 2813 2436 682 2308 1408 2598 1452 217 2712 531 2440 271 1088 1942 2393 2569 1592 491 2438 2248 526 329 686 1937 2617 1777 608 804 948 274 2580 2037 2657 619 1185 2625 864 994 255 508 1892 2286 1771 1677 1330 1639 2382 1876 1464 1076 1473 1998 2719 1217 2803 1721 81 2404 2365 1287 696
2135 2741 1212 899 137 1606 116 1463 97 1935 2041 2842 204 1067 1944 2766 2294 2825 447 1055 2207 2728 2435 1223 2511 1134 1547 1056 1874 725 1899 79 2068 494 2580 2057 2558 165 574 1825 146 1126 2665 246 2736 2291 1940 1001 722 1130 677 2625 1986 968 1677 2305 1926 2121 2790 647 2037 162 650 1452 2592 1012 682 2719 2529 1102 2683 2286 2844 2583 1571 2509 2370 2004 2319 2371 2352 1810 974 1892 221 1771 2283 168 1076 804 2708 143 1861 657 2181 2438 193 2298 965 46
1638 755 1806 2342 1736 2450 1790 836 1321 2156 1098 2432 2750 935 2645 1709 2201 2071 2096 1933 1052 1305 897 2512 2362 850 396 1504 481 222 1436 2218 2627 2355 281 2691 1987 815 2101 629 1844 2677 2313 506 1153 1858 1865 1015 565 2318 1911 141 1761 468 477 453 1610 829 1286 1872 1976 722 401 2027 461 1337 65 2098 2055 959 2747 1572 1425 50 1402 448 164 2674 734 300 2283 2191 841 856 668 1354 952 1047 2387 2163 2068 2118 419 2446 2153 2571 980 1628 2235 2074
213 2354 707 2408 1945 1269 1867 1849 520 1722 232 424 19 1529 2566 2390 1733 2744 1019 853 2737 1889 783 967 1394 957 1749 1685 63 1298 2555 940 1087 2112 1727 954 2725 2022 2457 1999 1004 149 949 1631 2058 1804 466 2464 609 834 182 1103 1434 558 2197 844 2572 1448 304 1712 198 509 1904 498 1760 2404 1363 997 2615 1766 1277 540 545 2124 2072 1535 1061 42 2014 2178 2351 2508 1659 5 2579 80 1590 2576 2024 1608 1343 2066 2507 898 2295 2777 832 184 2542 2522
2365 81 2689 705 2370 2534 847 849 2119 2479 2819 2250 1532 696 1827 1563 152 1741 523 2283 2181 505 458 1117 238 28 2674 2552 587 2716 330 313 2099 2557 354 2191 175 1896 1708 2742 2500 2193 1339 734 503 274 1955 2440 1680 271 633 994 2183 2177 526 295 120 2144 1942 864 574 711 972 1704 53 1555 2764 508 647 68 1408 2265 608 2806 2445 2291 2322 1394 2507 131 1314 997 2527 2565 2471 2168 2639 1908 1824 614 1376 1111 1433 129 2831 2470 2683 1231 1114 324
2624 688 2471 2601 1908 297 848 1235 284 103 931 1114 1845 702 1830 126 502 2276 1323 1340 1767 990 1186 578 1413 1821 903 1720 1391 1107 1608 768 2314 250 522 1975 1310 835 65 684 2388 1254 1512 2667 277 767 1232 1605 2706 400 420 1165 1891 1691 1723 40 1397 1839 2302 393 148 919 1144 2738 2561 1916 2196 594 10 579 1570 749 2768 475 227 2349 1277 997 2747 2754 851 575 2661 2478 2400 1809 1583 1221 70 191 1759 2510 431 916 2772 2003 1959 1244 2348 86
2093 1879 394 1906 1290 631 921 1017 2282 1518 2064 2796 2596 2049 2392 1567 1909 607 2140 1058 1604 530 451 1237 1301 1981 446 2357 1119 1978 908 1613 662 391 337 984 1331 1614 369 2257 1673 2604 1002 2733 2550 107 728 397 2660 1970 2696 2711 2414 412 1554 778 2262 1507 1194 813 1177 2176 1460 2641 487 462 1384 917 55 1370 2684 1893 793 1517 1104 357 517 1621 902 1669 2507 2019 54 997 1566 32 382 2259 710 918 1072 2754 2254 1382 1739 1841 2360 2005 2600 2747
1422 550 480 712 2769 518 179 2050 925 1045 1993 1552 1218 1261 1623 74 2454 663 2714 2574 2130 826 1679 2606 1617 445 1486 1444 2241 1253 2707 943 2312 977 1489 1102 900 2515 2352 1054 259 1369 906 524 2011 489 2840 992 1172 4 1437 1307 197 1414 659 2649 2652 2676 2200 2538 2270 463 1319 2082 2724 1208 1428 188 947 1878 169 1123 2832 1381 1328 674 1468 319 635 2544 1983 1948 2337 312 1870 2046 1092 2397 1658 1663 2084 1640 904 563 611 817 1782 2358 2837 266
536 2090 569 121 988 332 193 1268 1249 2333 85 839 990 2108 571 2574 1753 698 2077 1739 2777 178 729 36 1835 1329 2650 606 508 1181 1521 1793 2753 2772 2478 1754 2471 15 561 864 955 1186 1065 427 1033 1627 1272 904 2561 1132 2724 2671 1049 70 2083 2664 2818 2137 1888 1035 2601 1431 1125 622 2029 1740 994 384 2440 1890 1908 2602 284 1072 2344 362 1341 20 1418 951 202 442 2415 675 680 2839 555 970 274 1893 716 1099 103 886 562 1588 1222 2335 733 2084
1934 1656 943 1405 1102 2817 2528 2501 2832 2411 221 2044 85 635 312 2790 1644 188 556 987 611 1926 2300 817 2082 2270 1319 1624 1407 1386 547 2631 630 2449 1092 2770 4 2574 1983 2344 2564 559 2397 1029 1414 2358 2800 2724 977 2337 1486 2419 1172 260 463 1428 2652 2606 1151 74 2676 2133 712 1848 489 2375 178 2307 1046 970 2312 2670 1552 563 2007 259 1307 1461 2035 978 1835 1437 1208 2424 524 904 1674 1666 784 2148 2200 769 486 1788 1313 1422 433 197 2391 1627
1489 1417 550 860 1253 2545 642 2707 480 1218 2515 1623 1679 846 925 489 1369 2352 2100 1409 992 1622 1658 2084 1710 2046 1054 518 2050 2439 2034 712 2817 659 497 2649 2574 1422 1261 1586 947 906 1407 1158 2454 1656 600 1135 1544 1870 1099 74 2010 1428 663 649 179 2724 2714 2486 1045 1848 2338 26 1190 1701 1437 1837 1444 1102 197 556 1051 943 2606 1046 312 1307 2358 900 2597 1381 769 1948 173 2397 2769 524 2473 622 2676 188 2241 817 1095 1486 2200 1649 463 1328
2282 631 1290 1518 1017 2596 921 2796 2064 2140 2093 1301 2049 530 1567 1058 451 1237 1604 1981 446 1909 607 1879 2392 394 662 1906 1613 1978 1119 1554 908 2262 1370 813 1105 2257 243 2357 1384 1742 1396 2782 984 710 1673 542 1151 2259 54 355 360 660 2564 391 1739 1614 2344 1331 2696 1676 1853 1893 2035 2676 487 1000 2243 2519 942 1172 2607 2205 2692 463 2724 1264 912 1002 1387 2574 400 1638 1660 338 1455 345 2577 2633 2660 1142 124 1092 259 1848 977 755 337 1695
393 2136 1244 863 1646 339 1732 830 1678 1450 2275 603 1147 1120 1620 1691 2518 1073 2080 1104 997 2641 1507 1669 2550 575 2383 1482 1016 55 1523 2754 2176 728 845 441 2604 584 2414 373 2395 1177 107 2695 397 1194 1462 2452 1904 1088 835 2507 774 834 1277 2492 1254 2326 2006 1174 2251 678 796 2555 2005 2697 462 2058 2733 153 730 2151 1821 1913 2661 1379 1670 1498 2196 2560 800 2788 147 1466 2680 1094 1243 1707 1107 1142 1783 870 593 187 1791 1794 2364 1354 1720 1727
1096 1948 1416 2272 2815 1362 1897 1496 2556 1051 1965 1636 1586 497 1860 1316 1218 2046 1261 194 992 2721 2713 201 2309 2358 2628 712 2352 2082 188 1848 2270 259 2544 2312 1123 1901 2714 1428 563 978 1046 1414 2337 1437 1468 904 674 1422 2652 173 2826 221 2241 1569 1307 623 943 715 2606 1796 559 1878 2204 2287 562 970 1710 85 2076 635 305 2649 2454 1313 168 2007 906 1486 372 2545 257 2034 219 2035 2564 784 1963 1840 1405 524 260 1775 1148 2424 2790 100 319 1045
582 1221 285 546 6 2677 2643 2387 973 759 468 1188 298 372 1702 1083 1285 1884 1015 820 922 411 2313 980 1610 1570 629 636 1858 2118 732 396 1536 1260 1797 448 1541 42 1603 620 750 334 1456 1153 181 1318 1084 281 1697 1865 1560 1227 807 2627 1284 2268 2278 661 669 1761 2678 2791 829 2261 2194 476 2807 122 1844 459 2168 1723 1537 2210 1660 481 2607 1891 1462 768 1286 506 2425 1205 2535 601 2520 475 2633 1366 1073 2359 1480 1767 2816 258 117 668 2 2663
897 2452 147 2595 2104 1621 2524 577 1242 1200 997 863 273 1811 2080 393 697 599 918 2781 2275 2466 1319 1482 1620 1521 932 1355 2136 66 1167 511 2013 1244 174 603 1415 276 1183 2775 2339 2740 1757 1653 1514 1324 1445 477 1120 1104 955 2446 547 2838 853 2395 666 2648 104 2361 2208 2541 708 1998 1093 30 2537 871 2317 499 1642 908 907 422 1646 339 2823 833 924 583 540 839 1691 1147 1803 1859 1529 1049 584 630 2688 2098 515 12 2175 707 254 1354 969 1047
1672 2249 44 2437 761 2317 16 1836 1990 1469 1178 376 1483 1447 47 1224 1116 676 2700 1183 2180 683 1713 1714 2523 1838 1449 291 34 1057 2190 490 2422 60 2745 2202 1914 1476 88 1856 2129 983 132 2441 95 577 1462 1176 1073 1304 2695 1482 465 2547 2111 603 2785 832 1103 2694 596 1523 2261 834 269 2080 1346 1727 2327 695 441 339 1693 1749 2518 112 661 2827 2431 2058 889 1867 824 1678 1732 2555 2226 830 1620 2275 1243 1120 2672 1618 756 1849 717 2648 576 1424
1753 2772 2777 70 1125 2478 2077 2561 1035 431 2510 1252 2015 1839 2818 1834 951 1842 18 191 1390 2 2622 601 1759 315 2757 1165 2302 1557 2663 767 2161 1533 277 2315 2685 1989 1980 688 769 103 2702 2653 1786 997 2574 1895 297 2686 1137 1186 1747 1412 2506 1513 1323 1847 1298 369 2022 1795 497 433 1740 2471 182 1333 1235 1723 860 1130 2483 2676 85 992 2714 1197 2046 924 101 1586 2769 2755 2344 2542 1869 1329 627 179 2314 2770 1075 2295 1955 1092 2724 1773 173 436
550 2352 1679 1663 947 2707 1261 179 1623 1417 860 1381 1218 2837 1489 1658 169 480 1782 2714 1444 1649 1054 1328 1045 925 2439 1253 1369 2050 1993 1544 649 2836 735 51 712 1422 26 1870 518 2649 2241 2769 1617 2130 2034 2515 2545 2767 846 1135 663 2454 2084 2840 497 489 906 642 900 992 532 2046 1569 1099 1586 2100 1327 2212 2010 2513 2817 943 1190 1640 2076 613 1158 769 197 1701 1710 74 556 173 1051 2574 635 2411 348 2648 188 1837 1407 2028 2501 2486 524 623
638 810 787 71 30 2271 1514 958 1445 2619 1360 1440 2529 2517 697 1270 386 1684 718 143 2298 1630 1129 1939 2246 1258 2616 665 1294 1446 2481 1694 2584 1112 2185 1411 2363 795 1548 741 2801 203 1629 1324 1524 2339 1295 1373 2771 1059 879 969 641 577 888 2524 2468 2710 511 2662 2758 557 991 46 2820 1807 127 583 1539 1540 1355 273 2013 262 350 1619 2213 2104 2460 1982 2094 551 1069 588 685 1167 752 160 2466 2269 1664 2727 1814 1509 299 1765 1530 1497 1242 2833
2649 1870 1369 26 925 348 2454 663 2769 480 2538 2714 518 550 179 1710 2050 1788 1417 2513 1489 161 712 1701 689 769 212 874 178 2358 2130 1901 1453 860 549 2626 548 524 2646 622 493 2581 1347 2564 2204 2800 977 283 57 606 1895 1422 280 133 2424 623 1075 1318 1193 2724 1633 2753 2312 1247 259 884 1172 872 2307 1406 1859 2544 970 2670 2397 2652 1218 2375 826 2148 2344 2287 2418 2206 202 2123 1319 1151 2676 1203 2350 1146 1536 1092 266 613 1307 1586 4 1280
1814 2385 1539 1863 2403 2094 1122 667 1530 127 1078 641 1735 2731 160 2710 1589 2431 1619 352 1421 867 2844 2175 2797 2473 267 1291 888 814 1242 1295 991 262 1607 2771 1069 741 1238 1982 1807 1925 1373 1341 2139 2776 428 2811 891 2833 299 2092 537 1549 2266 2269 385 2607 557 879 2371 2468 2412 687 1660 1366 1480 2460 1816 2758 226 273 2255 2576 2063 2633 2648 90 2783 317 2484 2524 1862 2709 1509 1338 2138 2189 1059 342 166 2339 264 1025 1618 961 1349 2363 837 2541
1672 2249 44 2437 761 1836 2317 16 1990 1469 1178 1483 1447 376 47 1116 1224 676 2700 2180 683 1714 1183 1713 2523 1838 1449 34 291 1057 2422 2190 490 60 2202 1914 2745 1476 2129 1856 88 983 2441 132 95 465 1176 2785 1304 832 577 1073 1482 2111 596 1462 2547 1693 695 2694 1346 2695 2261 2827 1103 603 2327 2080 1523 112 1727 834 1535 2431 441 1678 661 2226 2518 339 269 889 2607 824 2672 2648 2555 1743 1732 1867 1660 2058 1749 2275 1735 2403 1424 830 1618 756
146 494 1874 2057 2291 2435 647 1223 1899 574 2683 677 1185 2639 657 2708 1452 2580 682 1868 140 491 2438 804 1777 1592 686 2286 2569 2436 329 2598 1876 1944 137 1639 1076 1937 948 2813 2393 1212 899 116 2248 2041 1464 1606 2382 2135 1439 1473 447 2741 1721 2825 97 2183 2207 725 2842 1055 2766 1463 2728 1810 2089 2294 2511 939 2051 2841 2509 637 1134 2583 204 1825 2022 627 1625 1433 249 1012 1931 650 1547 2558 2220 2704 1950 1963 10 1763 2272 482 1869 968 1574 1935
13 640 2210 1272 2520 1754 2671 2421 1038 377 2578 1041 828 1949 2083 323 1910 1337 2798 2415 2217 2428 2047 1429 2629 56 2032 427 2539 370 955 332 1374 2828 865 1668 2602 672 933 1189 1329 1793 729 698 2568 743 340 1256 2839 2335 2743 1120 2425 2423 2518 901 629 2132 1890 2299 1620 1049 1504 1462 1068 2029 1393 1888 932 2267 19 886 568 1114 1605 571 5 1753 855 2678 1906 1243 2251 839 2108 2243 1661 2005 42 1065 2476 1283 1369 925 1142 2125 2555 2077 1732 881
540 751 2242 1019 1561 1087 2542 1346 63 1389 617 1535 614 1093 1207 898 2579 1590 1558 895 93 2066 1137 1166 2072 2022 1971 777 2409 1928 581 714 1685 832 436 1334 1257 1357 215 2785 1786 2114 803 293 2759 1091 1394 2040 739 2430 1197 1115 2504 2381 182 1914 1996 634 1353 374 1689 940 2143 165 1900 1434 39 1940 2238 101 24 2441 1130 251 737 341 291 2178 2748 2129 12 2533 1213 576 2787 407 2546 545 2288 29 1683 1943 2638 2827 149 1427 310 286 853 483
732 620 181 1083 1797 1318 2278 636 1702 2807 1536 42 2141 1596 1280 2048 2643 759 2562 2678 2498 2442 387 2720 1365 1880 1525 1251 582 644 1064 2608 2760 2476 2448 2056 2425 2522 2182 2623 133 894 2263 2188 1768 1364 540 419 6 2554 2688 2116 2401 45 1019 2831 236 106 43 40 1960 1108 171 2612 1927 2153 1802 2374 844 752 270 481 2168 973 183 1726 2386 1744 2627 468 1632 2761 762 84 2572 785 2705 96 1084 971 1661 189 396 1283 1616 2162 2457 63 2726 546
1870 26 1369 2649 348 2454 925 2769 2714 480 2538 663 518 179 550 1710 2050 1417 1701 1489 2130 1788 860 712 161 2513 1045 769 1422 2650 735 2011 2482 2375 197 2840 2289 1895 445 1993 259 1617 2724 2241 433 704 1029 645 1860 1313 1193 2646 2544 2155 2753 1307 524 1253 2530 185 173 606 1172 622 2626 1716 977 2287 1679 2606 996 884 1552 2344 563 2076 1837 2652 2581 675 1623 906 623 1468 178 904 2312 463 202 562 1576 2034 1218 2084 1569 305 319 1930 2564 1148
1944 2294 1055 899 2135 137 1606 2741 1212 2842 116 1056 204 2207 2511 1547 2766 725 2825 2728 2068 1134 1067 97 447 2558 2813 1463 2382 948 1937 1721 2665 1464 2248 79 804 2041 2393 1935 722 1076 146 329 1874 1639 1223 2286 2057 246 1899 686 1825 1940 2291 1452 494 165 682 2435 2683 574 1868 271 1592 647 677 2580 1841 2440 1408 2708 2258 2719 2639 1130 1725 1185 2569 491 140 368 2438 1942 1716 2736 362 526 1986 2319 2436 2841 1777 2305 2292 1126 939 2370 1876 1555
568 730 1466 709 338 186 1707 742 1007 1442 1511 1969 1894 2516 1526 519 1138 1992 1385 406 1325 1779 1455 773 2145 2763 257 1731 1800 1871 1516 2102 2219 1645 538 1454 248 288 336 253 843 1670 648 2613 1379 2251 2843 1546 535 678 1243 1133 2151 937 2331 1005 2560 2341 1581 2005 1068 749 1498 2746 191 2302 435 1020 1165 1419 1131 2830 1732 1783 365 1968 392 2290 1573 2609 2377 1079 855 593 610 717 1488 673 1499 2299 2730 1794 1040 1390 2788 662 94 870 2680 1424
1768 40 629 2677 851 2048 1283 270 2761 1960 281 1108 1232 372 37 1221 396 84 941 971 2573 285 1659 1371 2425 42 1536 2726 117 1802 1954 582 2494 636 1880 1570 1661 2197 1882 2627 922 20 1605 1866 2678 1979 1744 661 2720 2168 835 327 2502 2562 351 6 1144 1113 815 1198 2162 973 475 2666 2691 924 2203 644 1423 468 546 1891 1363 2555 1502 481 2738 2216 474 167 1394 2141 2607 2442 909 2263 1591 1654 400 2387 1225 2476 43 2620 1487 1007 2278 2571 1641 2261
5 2457 1515 844 509 2725 2572 609 2464 744 1766 1889 957 1696 244 2404 1616 2115 1744 520 1945 424 1556 19 232 466 2566 2448 163 1637 1061 388 1722 2351 1477 707 1269 1867 2162 1849 2408 2354 498 2508 1661 473 2222 213 1733 752 592 1214 2169 42 2278 2726 1927 2823 1326 2751 1171 1108 2425 1265 1858 565 80 2521 375 1632 2390 1529 2744 2014 2109 2124 1080 2706 22 1797 119 189 167 419 1296 510 1383 270 1426 629 1904 2060 285 2128 468 2502 2678 84 20 2554
2552 523 2716 1708 175 238 2181 2283 505 2500 1827 1563 2191 587 28 2819 1896 152 458 1532 2479 734 2119 313 1741 2674 1339 849 696 2099 330 2527 354 120 847 972 2370 2250 1746 711 2742 1852 671 68 2177 2193 2365 726 1376 314 771 2689 81 999 2534 532 1099 503 963 1052 2557 2799 1281 2059 2470 1929 633 1182 1885 1050 1101 1991 705 553 53 2597 367 2610 1774 1473 1407 1135 1102 2832 1875 324 131 1837 2144 1240 1924 1637 456 2077 649 163 2493 1503 261 772
620 732 181 1318 1797 2807 2278 1083 1596 1536 42 636 2141 1702 2562 1280 2498 2643 759 387 1365 2678 2048 540 2442 2720 1019 1251 2608 1525 1064 2476 2056 133 2522 2760 2182 1880 2263 2374 644 63 752 2612 2425 45 1364 236 2688 689 2401 2448 183 570 762 2441 582 106 1093 171 894 785 229 43 2623 2116 1856 1947 1726 2831 419 2627 1665 2827 2554 2823 2386 2582 974 548 189 2188 182 2004 2111 1979 1632 2168 2022 1914 1343 366 1004 1927 270 2737 1960 1032 2838 57
751 2242 2066 1019 545 1087 1389 2178 304 1213 898 2113 1590 540 1558 63 614 2546 2022 1166 1207 1928 1115 93 2072 714 1394 1561 895 2542 1353 12 2579 2409 1631 1137 2504 617 374 2277 576 499 182 1333 1883 407 803 2114 1801 2759 1785 483 1334 251 1093 1683 777 1300 1898 1685 581 1971 2784 2555 2260 824 725 204 1228 677 1056 1434 853 2604 1996 2558 20 1091 1473 2040 419 1940 2573 101 2176 165 1197 1835 2554 240 2153 1825 2495 2414 1130 215 894 364 1661 2666
203 1684 2298 1630 1129 1360 958 2616 787 638 1446 2619 1258 2271 2246 1445 1294 2584 665 30 810 1694 2481 1629 1270 71 1112 1411 1440 2801 2185 1939 386 143 1514 2529 1524 697 718 2517 1571 741 642 17 2727 307 1278 1698 1520 2223 195 2372 573 795 1101 1409 1 1826 1994 2338 846 2412 317 1338 2100 2266 2468 2189 600 577 2253 2486 1622 1060 2255 2213 90 234 2648 1572 2399 226 685 1095 2371 1201 2269 2484 1215 1615 1407 2833 1421 147 1349 264 913 1181 1837 1509
2755 2045 2023 1584 258 747 770 1320 1759 1853 2757 315 414 2622 710 18 70 360 1000 2494 2259 1681 2782 1980 1739 601 1502 1695 2510 2302 1842 487 2561 1340 1753 1673 2 2663 1707 2664 1198 1855 1557 2075 2179 542 1834 1073 54 1165 2134 1390 2341 2702 2373 117 1512 1893 148 820 2015 660 1125 1603 462 2257 2534 791 325 406 531 2077 1476 1384 745 2696 1891 1738 2315 676 2600 1839 2699 1975 50 2777 101 2183 2644 951 1197 2478 1221 2535 191 157 546 767 275 1252
1475 999 2059 726 2236 314 484 1050 806 1187 1967 1273 331 1635 390 2531 430 534 2406 53 2429 464 1648 1929 1011 2053 1706 655 1715 780 2244 805 1875 1124 1662 467 1024 268 418 1503 478 131 1037 2693 2765 1465 653 799 452 471 1438 295 1755 1275 1730 402 2285 1127 1216 2061 239 1274 1746 2698 1262 113 721 1039 1972 1918 1481 771 1532 2280 1787 2527 2552 587 2396 1829 2794 936 2181 296 1780 1281 838 2173 207 2091 504 963 456 847 2144 1378 1921 1240 344 1317
2068 2665 79 722 1547 2511 204 246 2305 1067 1134 1841 2766 362 2842 2825 2258 442 1055 2728 2558 725 1126 165 1130 1962 447 2207 2736 2506 692 2292 1986 2294 790 1825 1057 2319 1940 1056 1944 271 2719 1942 2440 508 526 864 2738 1935 350 166 2136 1408 997 274 1076 2507 1315 1998 1401 1168 1299 37 1868 608 1394 1363 1183 994 2382 103 1336 140 1223 2625 400 919 1353 2248 1904 1908 2037 1677 2251 1464 2478 2005 1217 2135 835 2813 1703 304 2818 12 393 1892 545 1452
433 1895 2375 769 2289 197 2650 161 1473 2482 12 2685 1390 1980 1223 2702 1354 952 1759 919 1721 118 2757 1228 1955 2506 2809 1701 173 611 1874 2051 567 1027 2315 1785 2561 1666 2792 1876 1753 2622 2252 1674 315 2370 2511 817 70 1891 188 1319 1102 608 2265 9 2778 140 2057 601 1926 191 2302 767 860 930 1557 2291 677 998 2022 526 2779 2435 1452 1150 110 271 401 650 18 2589 1839 2574 1769 1035 1881 2499 2419 1579 1314 2588 2647 1983 2510 1868 943 951 1710 2790
2713 1453 2721 1569 715 100 2433 1796 48 1490 64 2545 562 305 2376 201 1901 439 2034 2309 1860 1965 1496 1316 1051 2272 2556 1586 2815 1636 497 1218 712 2650 1948 1422 659 563 194 231 1658 1552 1416 2352 2337 769 1148 2050 2358 1428 2628 2652 2241 1261 2826 1046 2133 260 943 1307 1096 1544 2046 312 319 2007 992 1045 1934 1649 2439 559 635 26 1870 978 1878 518 1369 2538 2289 611 486 1848 1405 1640 663 161 674 169 2011 2501 2714 784 1710 1437 1782 1054 1697 2204
1926 2300 2790 817 221 85 943 1102 611 556 1405 635 188 2082 987 2270 312 1319 1656 2817 2832 1386 1934 547 2411 2528 2501 1644 2044 1624 1407 2631 2449 630 2770 2391 1983 1092 659 2574 1046 977 1878 2367 1788 2272 259 1948 674 2358 1848 1414 1496 1428 950 2012 2007 439 2344 978 2753 168 2564 1151 489 1552 559 1208 970 563 2781 1123 1820 900 463 1873 1172 201 415 2405 1416 1158 1710 2721 906 2177 1051 1135 972 675 2424 911 1897 2735 2167 904 2397 197 784 2309
2713 2721 100 715 1453 1569 1796 48 2433 1490 64 2545 2034 305 562 2376 439 2309 201 1901 1860 1496 2815 1640 231 1965 1586 563 2650 1316 497 2272 1948 2826 51 2556 1307 978 1051 1148 260 2337 1416 168 1046 1848 1428 1123 659 559 2007 2603 920 906 2358 784 1218 712 769 1422 2544 319 2652 904 1486 1096 2735 2305 1468 343 674 1710 2004 1552 259 1437 2076 1878 725 2036 2424 2312 1841 2050 32 2046 1897 2088 2714 2133 350 1623 2204 2732 992 486 1636 1679 2258 1775
196 353 1625 869 776 276 1963 2067 98 2474 2256 1819 2361 781 233 1864 701 2462 585 910 1744 1600 640 1042 1038 2081 1402 1041 871 40 381 1643 1515 1910 2001 2103 1754 592 543 2798 2278 2421 2582 2334 1949 1802 1844 565 1298 1889 1078 2141 1749 153 1661 2404 1204 1667 160 2116 862 206 819 2457 629 343 2464 1530 2363 957 2175 1403 492 520 244 2453 2109 729 506 1061 232 2186 2226 2565 1556 844 370 2808 2048 609 2336 2566 1266 2709 1751 1880 1770 1616 163 1999
2501 2044 1934 85 2411 943 1656 2528 2832 1102 635 2817 1405 312 1644 221 987 188 556 611 2790 2082 817 1926 1319 1624 2300 2270 2631 659 630 1796 1407 2007 563 2545 1386 1046 2337 1428 260 486 2358 1848 784 978 1307 2133 2424 2826 2309 2088 606 1148 2034 2397 559 2646 547 305 562 904 178 1414 2480 622 1158 674 2606 1552 2344 201 1422 1627 1092 1029 489 1878 2652 2011 2574 911 463 1437 712 2724 1313 1486 1123 2084 906 134 675 2800 2076 2391 1993 2753 51 2626
2171 650 2043 2666 2810 2816 2346 1916 1891 1723 475 1541 820 1603 1570 6 2841 411 372 285 750 2643 468 1221 759 807 546 334 922 1363 1858 1288 1188 2216 1260 1703 582 2387 1153 620 1227 980 1702 42 2313 2606 2261 1456 1697 1083 2714 1955 567 102 2268 1605 696 1394 1468 732 2194 1284 1015 1172 118 2564 977 990 459 1572 1865 1397 611 1905 420 1884 304 1163 973 1313 1329 2601 144 95 2674 2178 1305 2419 596 2073 636 181 808 201 590 1476 152 2574 2265 2768
1384 1614 1742 1331 1673 2369 50 1893 1681 2696 2600 1000 1853 2664 942 1695 360 54 2259 1705 1739 1495 355 542 2085 710 660 2458 1031 2257 337 966 2782 1508 487 791 1002 1370 1396 813 984 2543 1554 1565 1287 2803 2660 1105 1676 243 908 2064 1119 1017 1978 607 451 631 2282 2392 1879 1906 2147 1518 1745 1839 1052 747 1566 886 431 1290 694 852 2262 2743 1058 2140 921 416 2596 2357 369 1770 199 1100 1033 144 2647 2510 666 164 1747 1920 1784 322 2686 2561 1404 1393
1371 909 1113 851 1960 1144 1462 40 1232 2494 1198 2361 1757 117 2263 2573 1987 37 2216 1641 327 815 474 1502 1357 39 1394 20 1659 1217 2245 1962 905 167 762 400 1184 2506 737 1738 924 148 2288 953 2410 436 215 396 115 2303 2022 2678 1363 2831 306 76 1397 2507 333 629 1954 1219 2705 420 171 1336 341 482 1199 1205 1263 2726 989 751 2030 1130 1703 1423 42 2203 1536 940 614 894 1283 481 1197 997 2772 101 454 1315 1091 2179 738 2261 1801 621 2162 856
4 59 2389 1545 2411 2528 2501 266 826 1737 2832 2044 1407 1644 312 2477 626 1934 613 283 2817 1146 1624 635 1102 1202 1405 1656 1799 987 943 611 556 221 2082 1319 2790 188 2270 817 2367 2069 1926 85 950 1752 2312 1552 2652 547 1029 1468 2606 659 1208 1486 74 1428 2300 904 1386 2011 2564 1172 1092 1983 1307 906 463 1640 900 674 1313 169 1414 1437 1123 2574 2133 2424 2007 2010 2191 51 2419 445 977 1848 489 1046 259 2337 860 1151 2358 1422 1782 524 2088 1261
1125 70 1753 2772 2777 2478 2077 2561 431 2510 1035 1839 2757 1759 1390 1252 2622 2015 315 1834 1557 1165 2302 191 2818 951 18 2 1842 601 767 2663 1533 277 2315 1340 126 2161 2702 835 997 2755 297 2494 103 688 1908 2685 1980 1443 783 1137 1786 848 853 2179 2409 2259 924 1845 1608 2289 1107 1488 702 1310 751 2471 2601 2686 101 2546 589 1257 2506 1707 676 1186 889 1427 1670 1747 522 895 485 2381 2400 1962 1720 2422 1250 360 1938 1821 1502 1306 1830 860 1853 1244
1096 1948 1416 2815 2272 1362 1897 1496 2556 1051 1965 1586 1636 497 1860 1316 1218 1261 2721 2713 2046 201 992 712 194 2082 2270 188 2628 259 2358 2312 2352 904 1422 2714 1468 2544 1848 2309 1123 562 1993 221 1901 635 1428 1046 257 2241 1414 715 2337 943 674 1963 563 2826 978 1405 1569 2606 1710 1313 372 85 2454 1437 2652 2287 1045 1878 2649 623 1319 319 1172 1307 2035 305 1796 1617 2790 173 348 2268 659 2564 970 260 1775 1369 611 2424 26 462 1486 524 1552 1102
1054 1328 1444 645 2767 1663 1649 1679 947 2837 169 1623 2836 2707 1782 1381 2011 1993 445 1261 1617 2840 1422 1544 1045 1658 2439 440 735 712 155 51 2241 2352 1218 1029 2050 2130 1552 134 194 1860 860 197 2628 319 1407 904 2735 1640 1208 1253 1840 900 1307 1468 2133 1489 2515 2088 1775 965 1486 674 489 179 260 2424 769 2084 992 906 2046 2076 563 1437 550 463 1148 2826 1428 201 2652 1710 1046 2337 1701 109 1051 606 986 659 562 2815 2287 978 1586 259 2312 1416
1870 26 1369 2649 348 2454 925 2769 2714 480 2538 663 179 518 550 1710 2050 1788 1701 1417 161 2130 1489 2513 860 712 2375 769 1276 2332 133 1776 228 1861 2155 1930 2004 57 1172 1665 746 366 197 1716 588 793 445 2840 2011 2418 2724 2461 1358 2184 2327 976 1030 797 514 2174 524 1193 2206 1765 1377 1795 2581 1895 1494 801 689 210 1432 1947 977 1034 287 1319 185 2198 294 1792 970 884 1045 433 720 704 1847 1859 2703 2753 2676 463 2574 1575 1196 2127 2374 2123
909 1462 115 2494 924 2361 1113 851 953 1487 1144 1471 1371 1502 1232 2573 2768 40 2179 1488 1738 1397 1960 1922 1198 2747 117 420 327 1995 1757 824 2547 2203 2216 1400 1184 1476 2772 1283 997 2261 423 2077 1006 2620 2617 594 475 612 1199 306 1591 1176 835 2745 37 2507 400 148 2022 2478 701 335 2194 38 510 1659 103 84 104 1703 474 132 63 1802 1613 907 1693 1954 989 521 387 1451 1073 596 1363 60 629 1186 619 688 2574 2353 1137 2202 796 1891 341 1180
1081 1947 1862 1497 583 133 588 2184 548 143 1440 386 2517 1514 1765 2529 697 718 2185 2363 1939 38 2298 1196 1129 1684 1445 991 976 1295 795 2619 2662 1360 2327 1807 638 1664 741 366 1724 756 810 859 557 514 641 1744 2198 2659 2271 958 71 2771 787 30 1863 2672 1411 1373 2332 2385 801 1630 2584 1358 2739 1694 1776 888 1432 127 1191 2246 299 2356 1345 746 130 2321 879 1446 1982 2833 797 752 2460 1653 961 2524 798 1877 349 228 5 273 885 2595 1457 2838
1212 137 2741 2135 899 1606 116 1463 97 1935 2041 2842 204 1067 1944 1547 2435 2294 2511 2766 2580 1055 2825 1134 447 1056 2728 1874 1223 2207 1899 2068 79 494 146 246 2558 722 725 1452 2057 2286 2665 2708 677 2506 574 165 657 1464 2291 1777 1076 2736 1185 2683 1130 1986 682 1126 2438 1825 1725 2382 1937 140 2625 2002 2719 1940 453 2037 647 2163 1088 1841 2352 2813 368 1868 1439 2319 1639 974 1228 1677 444 491 144 2569 182 2229 692 545 804 1473 598 2639 2305 746
143 718 2529 2517 1440 386 2185 1445 1684 1514 2298 30 1129 2619 958 638 2271 787 697 810 1694 2584 1360 1630 71 1411 2616 2363 795 1270 2246 1446 1939 665 1294 2481 1258 1497 1081 583 641 1862 588 203 2771 1112 752 1295 991 1548 1373 1863 741 2184 1884 1807 1297 1652 1629 20 1765 2014 1549 388 1061 2801 425 2124 557 2590 2460 5 2222 2468 2273 41 2524 470 548 2001 2127 2231 2703 372 514 1196 879 1947 1241 1744 1711 2332 1735 1215 2727 454 796 2228 351 1522
2185 143 718 1694 2584 1440 386 2529 2517 1684 1411 2298 1129 1445 958 30 2616 787 2619 1514 638 1630 2271 795 1360 810 697 1446 1294 71 2481 1939 665 1270 2246 2363 752 1258 741 1112 1497 2468 641 991 1629 203 1373 588 372 583 2771 2727 557 448 1081 85 1267 1884 20 2273 629 2677 454 2460 2213 1097 1295 1822 2168 1862 1655 2011 2367 2014 5 562 122 1863 46 2650 1297 1324 1548 1118 2801 987 1319 2075 669 2139 1143 971 2222 468 1824 580 155 281 1831 1293
1710 1417 1701 2646 2084 606 1489 906 1319 675 1253 978 1307 623 319 674 2011 1388 2200 2515 1313 489 860 524 1948 904 1218 769 1788 1468 173 1158 970 178 2480 1437 2606 611 645 2482 622 197 2375 1814 1148 451 1428 2424 1123 547 900 1046 2753 2287 1386 1848 2652 2626 2358 712 2352 2127 1807 1414 1416 2840 817 987 415 2012 2007 977 259 1208 168 911 833 559 1486 2731 2241 2076 1338 74 2648 85 1215 2035 2574 2501 1190 1122 1586 2676 1030 497 2473 179 161 659
2756 754 2021 1231 293 29 2320 2533 1149 2172 286 2673 1728 757 2787 646 119 218 739 1265 1533 1296 2054 1383 1448 184 80 1984 1478 1312 135 1689 558 2224 2295 2615 1597 2638 2413 2472 1451 545 634 962 2161 529 24 1394 2016 520 2784 2323 240 395 424 2024 1353 19 232 2143 2430 182 426 2566 1883 1945 1213 2066 304 1798 1361 853 306 1804 1743 101 1839 1035 2113 2178 2508 1306 163 76 1182 70 1556 388 2171 1298 1333 1637 2335 1741 1801 1061 313 572 1228 1559
341 989 803 2040 364 2381 101 737 1900 215 436 374 2114 2759 251 581 328 766 2238 2579 1683 2504 1357 407 1091 1137 1427 572 2495 1996 926 2288 39 1818 1180 564 76 1898 1971 2281 230 1786 1230 777 1257 2277 1115 2066 1389 2113 1093 2546 1213 1883 304 1300 1801 2540 1394 2178 2644 1353 545 1207 483 789 898 2242 614 1559 395 1087 2072 714 240 2077 1558 1166 93 1361 1106 2000 751 2478 2784 1590 1951 2561 1306 2409 1125 646 20 2777 895 529 167 1451 2507 576
143 2185 2363 718 1440 2529 1684 2517 1694 2298 386 1129 2584 1411 795 958 1445 1630 30 557 1514 2460 638 787 2619 1360 2271 2616 810 1294 2481 665 879 1446 1939 71 1925 1270 1982 697 1258 1619 1863 2468 2246 1682 1112 1479 1549 1387 1548 2820 752 2727 2795 372 1227 388 425 1816 2833 2139 2318 2771 2014 163 1007 1557 1061 2499 2835 2131 2801 1373 307 2570 1707 741 591 770 2273 1793 2138 2590 1637 414 1324 651 299 641 2213 827 466 685 157 1000 20 1297 1587 1200
2755 2045 1584 2023 258 85 1102 1407 2790 943 1656 188 611 817 1926 1319 2817 221 414 2300 770 556 987 1405 2832 1934 1320 747 635 2270 2411 547 2082 2528 1386 312 2501 1624 1644 2044 259 2358 2735 1046 1993 2544 1848 1617 2344 1029 2307 712 2770 2574 1414 1428 1564 904 622 1092 2564 2800 911 1158 463 630 1253 2631 219 1796 178 1615 2077 2676 2397 2007 2287 2635 1897 2724 2337 550 1552 74 489 674 970 524 769 1101 2606 977 179 2670 2692 1422 1045 2733 141 2178
631 1290 2282 1017 921 1518 2093 2596 2064 2796 1879 1909 2140 2049 394 1301 1567 1604 451 607 1058 530 1906 1237 1981 446 2392 662 1613 1119 1978 908 391 2262 2357 984 2257 124 1739 660 542 1099 1172 2564 2344 2676 710 1384 1554 1614 2574 2724 1673 2259 2782 1029 2664 1893 1468 1853 1331 54 1181 1151 259 2424 813 1253 1100 527 904 2753 2084 1000 997 1837 1135 178 2035 487 2800 977 360 322 2010 2747 2507 1092 1489 2011 463 1002 237 2660 369 2636 2606 2714 524 1740
1422 1623 712 1663 1679 1782 169 2767 2707 2837 1045 947 1617 1328 1381 1993 1444 2836 2352 1649 1054 1489 1261 2050 1218 860 550 1658 1417 645 1544 2439 179 2241 1710 1860 2545 1307 2130 900 1468 1437 1701 2011 51 1848 2515 563 735 2034 1428 904 1486 489 2714 2358 2084 674 2424 1416 2840 1208 1253 992 1046 978 445 2007 2046 1586 2076 319 2826 906 659 1552 559 497 1948 1158 1369 925 2652 260 2646 2312 2287 2544 1051 2337 1640 1148 2628 259 1123 155 2133 622 74 1029
1280 1596 2562 1525 2141 2498 2720 2807 1318 387 732 2278 1536 636 1083 42 2048 2442 1797 1880 2476 620 2374 106 181 894 2263 1979 1927 644 1032 419 2554 2188 971 1702 2688 2678 1108 84 2153 2608 43 1084 1632 96 1365 133 2623 1251 189 270 1283 2060 582 1802 1064 2760 752 2425 2572 1768 2168 150 2305 2761 2448 1364 2522 236 2582 2182 2627 1199 171 481 941 1661 851 762 974 1425 40 1726 2056 2831 1866 183 300 1960 859 228 396 1914 2348 957 1183 57 1371 45
811 2746 1005 2730 2290 610 544 112 365 1634 605 717 2830 410 1573 1309 1783 1079 2560 435 1020 1110 1040 1581 937 1968 1311 1379 434 1794 1131 2788 1243 1966 2151 1133 2549 648 94 2364 1424 1670 248 843 568 538 1516 1731 730 1946 257 1454 1546 2613 1138 2843 1800 1871 2331 2609 2219 742 1707 1645 870 1007 883 1894 773 709 406 2297 338 1832 2684 187 1466 1385 1992 2733 1795 1372 259 462 404 881 2680 1382 2145 2630 902 288 2371 2251 1779 2095 2102 2544 10 917
2600 1705 1681 487 942 2085 337 2543 1742 1384 2458 966 1331 1614 1853 360 1000 1695 2259 54 1673 2664 1893 2696 1739 50 710 2369 542 2782 660 1508 2257 791 1031 1370 1495 1287 813 1554 2803 2660 1565 1770 984 355 2613 416 1301 1745 2049 2647 1676 2023 1871 883 1922 747 2755 2808 2711 1970 530 1920 2609 1266 1978 243 1604 9 607 631 2392 1052 1396 945 114 1320 2653 2596 517 1839 639 381 781 1017 2140 1002 2240 1906 2027 2335 2045 1815 2361 566 778 1952 2134 1402
458 1335 2119 1896 1532 2674 2191 2479 734 238 313 2500 2099 1339 1708 587 2819 330 849 2552 152 2228 354 505 28 696 1563 711 503 2250 523 2716 2742 1741 633 972 1680 1827 1376 772 2557 120 2193 2534 2052 2681 2283 175 2181 81 1704 2365 2322 1746 2592 1555 847 2177 1092 1297 261 1111 671 1956 2028 2370 532 705 2689 2148 2062 2564 2800 1428 283 2577 2527 977 2652 1737 245 598 1414 266 2676 872 2009 1241 1961 1172 740 172 611 2424 4 74 2344 1799 209 533
1125 1753 70 2777 2772 2077 2478 2561 1035 2510 431 1839 1252 2015 2818 1390 2757 951 1759 1834 2622 315 1842 1165 1557 1533 18 2302 191 767 601 2 277 1228 2663 1980 103 2546 433 769 997 1785 2289 1266 2315 2504 2161 990 751 2178 369 1847 1895 2685 297 502 426 1115 2702 1513 1323 101 1186 1329 1739 1137 1150 1389 173 304 853 1597 250 2699 2755 85 2260 2542 1213 2353 2779 465 2647 1427 2808 1166 1920 1904 2023 1487 2533 1584 10 688 2422 359 179 497 2400 2839
2138 1009 1159 2455 1815 264 837 403 2481 665 2213 1294 2484 2811 2820 317 1446 349 2255 961 2372 573 2412 1338 600 1349 223 1939 1816 1994 1258 1060 352 1698 2648 2833 195 1409 2635 1925 2338 557 1615 17 1571 2215 46 2834 1270 2223 642 1630 685 2063 1366 1112 299 879 1480 2266 2253 414 234 226 2486 1 307 1618 2616 1572 892 2100 1540 1982 2139 2246 1421 1622 846 1520 2092 1101 2371 913 1129 90 667 1660 1549 2158 1360 2269 2460 2576 1828 2607 2340 2835 1341 2727
1752 1624 950 2367 1799 2069 1407 312 987 1102 1926 2411 2832 2790 1644 556 1202 85 2300 2501 1545 817 635 2044 547 1386 2389 1146 2817 2528 626 1319 59 2781 611 2082 4 1656 1181 613 741 2185 1446 221 2270 1934 1294 1533 283 943 1316 188 1873 752 1411 659 826 2011 795 266 2584 833 2477 2063 1803 1988 2189 1694 1295 1965 489 2616 569 2385 1619 2139 947 1815 2675 1291 2631 1092 2084 846 2100 888 1135 2517 200 299 168 1405 1093 2010 991 839 193 988 349 932
1394 1801 853 2277 545 2022 63 395 529 1798 962 954 2644 2323 1333 1019 304 1230 2066 1213 2178 2113 572 485 182 1306 1298 1760 1685 1712 783 714 2540 1951 2072 1175 149 1087 898 1427 1137 1434 614 646 2542 1207 589 1300 93 940 1166 2737 2112 2409 1035 895 1590 2510 2546 1971 1197 2579 1839 727 1451 431 240 1115 1999 1883 1361 1004 70 2400 2478 2054 1928 1389 2504 1353 1786 251 1334 789 658 1753 2772 2777 576 1558 2787 1397 2077 483 167 1674 924 1103 617 198
1385 1779 406 2145 1992 773 2763 2102 1007 1526 2516 1969 1511 1442 1325 1707 742 519 1800 1138 1731 1871 2613 1645 664 288 1894 257 2110 2609 709 338 843 11 648 186 1133 811 410 2843 1079 248 416 544 2331 94 1783 538 1424 2302 1165 1454 2746 1005 365 2219 883 730 315 191 2224 1670 1968 1573 249 392 2615 1516 870 1466 435 1546 301 2095 717 1419 1406 2560 2290 1012 1499 535 2730 1265 1266 2350 404 2549 1001 627 2023 2583 434 2121 2377 2485 1634 1309 568 1609
802 429 878 866 733 1431 36 555 1492 2333 1499 432 500 2117 2078 2029 1053 142 417 1418 597 886 62 868 2108 1430 1393 1398 1888 1699 1890 1686 1256 2743 1562 1268 199 78 1065 554 2668 1236 361 681 2423 302 289 21 1886 2786 292 1033 2451 1553 2217 332 2267 176 893 2384 2380 680 2227 979 1557 2640 923 248 1747 536 1588 568 1272 2415 743 1005 2523 13 1131 1424 1132 742 3 2224 1783 2653 569 2190 340 404 1714 2560 676 1243 193 2016 2543 648 1390 1707
2755 2045 2023 1584 258 747 770 1320 1759 1707 2757 315 414 2622 1007 360 1557 710 1853 2494 2259 1739 406 70 1992 2302 1073 2179 1165 18 2015 1980 2561 2782 1390 1842 248 773 1673 1511 1871 338 1502 2341 660 2077 542 1800 1476 997 1969 709 1753 648 54 1731 742 1325 462 1834 2733 2145 215 101 1779 1138 1199 535 1000 1125 1516 1512 2507 730 1133 1466 2630 1198 2478 1455 601 2102 2510 1252 1681 2183 117 257 148 1904 1442 487 1738 436 538 1832 1968 187 2657 843
1416 1948 2272 1096 2815 1362 1897 1496 2556 1051 1965 1586 497 1636 1860 712 1316 1261 1422 1218 2270 194 2082 2435 2580 1899 2011 188 2741 1617 1045 2352 1993 1623 1679 904 494 137 2714 2241 635 657 1185 899 2650 1839 2790 2506 146 2767 2204 1963 2707 259 116 1319 2708 2721 85 607 659 1405 2300 445 987 1102 221 257 1757 1848 2411 1046 1212 1208 140 2358 173 992 2832 674 720 2130 1307 58 1926 1328 2628 562 563 2454 312 1381 1644 746 943 169 1054 1468 1782 1386
1300 483 240 1353 1883 789 1394 1019 2555 1087 2579 63 2784 2072 1389 2277 1727 1801 1207 2504 898 251 2066 714 2540 1558 2022 1137 1115 1427 1804 967 2058 834 545 1277 1749 614 2242 2197 576 1971 1213 2409 2546 374 1590 803 93 1166 304 2113 2452 895 1161 1928 2759 2178 1719 646 1535 1346 1483 853 1798 2114 1904 1513 1659 1631 341 577 751 2381 581 291 1786 2238 1561 2785 954 997 2054 1447 1685 832 436 2507 2000 2542 2303 1683 1847 824 101 792 215 1091 1469 376
607 1237 1981 1567 446 1604 530 2049 451 1301 2140 1058 2796 1396 1518 1105 1017 243 355 2282 1370 1495 2660 662 1290 631 1613 813 1554 1742 2093 966 1002 2458 2257 1879 1119 1565 1031 1287 1909 2803 2596 1676 2392 2357 2369 2262 921 975 1978 394 1508 391 871 301 908 1906 2696 1546 984 1455 1331 151 1100 2336 1271 2361 515 2519 1384 487 2793 401 2843 1673 1052 2085 825 700 729 162 791 2089 2829 1695 2748 2747 1681 2064 1404 1852 2219 124 2539 338 253 177 1154 1766
757 1728 1533 754 1231 2756 2021 646 29 545 2320 293 2533 218 2787 1149 1394 962 558 1597 2024 529 2323 135 286 2172 304 2113 2054 1801 119 2673 2295 395 1839 2413 634 2178 1213 1353 2508 2277 1798 1214 2066 240 1743 2127 1883 1228 1265 1804 1035 2751 426 1427 1892 707 1448 1171 2169 1173 2527 2002 22 5 1326 1478 424 2566 24 1857 2784 1300 1515 2625 1556 1082 1677 2171 2252 1785 2666 520 473 1266 251 70 1182 498 306 2077 967 1689 2143 1922 2546 38 2478 175
2755 2045 2023 1584 258 747 770 1320 1007 1707 414 1073 2494 315 2622 1992 1759 997 1557 248 328 1980 773 2757 70 2302 215 2077 1165 1900 436 648 406 2561 742 101 730 360 710 1390 2507 2259 1199 777 737 257 1466 2478 1091 2782 1138 2040 338 2830 2015 2733 1615 1731 364 1660 1325 1133 2251 18 462 1968 766 2633 1779 76 1800 1842 989 2238 519 709 1832 2145 1125 2657 2735 1476 538 1454 341 2772 187 2777 1969 1739 2102 2635 1020 482 1511 1517 2676 1753 1329 610
730 1466 568 338 709 186 1455 1442 1969 1511 1516 2219 1325 1526 2516 773 519 2763 1992 1707 1454 2145 248 1007 2102 406 538 1385 1779 742 253 336 1894 648 1133 937 843 1131 1379 1670 1243 257 535 1546 2341 365 1005 2251 94 2151 678 2746 610 1573 2830 2331 717 1731 2560 1138 392 1424 811 1419 1498 2364 1634 870 1068 2549 1020 1040 1581 749 2377 2290 1079 1783 2788 1527 435 434 1110 605 1309 1800 593 2005 2680 112 1732 881 1794 410 544 821 673 1968 2730 1387
1266 1065 2640 1952 2808 729 1337 571 1070 2031 964 2120 1399 2335 2221 2839 2038 1329 2083 2428 2539 1429 358 2629 2570 1910 56 2798 1764 427 2795 2217 2415 743 370 377 1793 332 2032 1189 802 2029 2333 429 340 828 901 2578 2423 1374 2520 2568 1668 886 555 536 2668 36 597 323 554 2743 1256 1418 2078 1393 2267 2210 2459 1562 1272 640 1888 142 2047 979 887 2602 500 1431 1651 567 1179 868 1977 1344 1398 417 2682 1699 672 2671 1033 590 13 2117 118 2786 2271 1886
1422 1617 1993 1045 712 2837 1782 169 1663 2836 2767 1649 735 1623 947 1679 1444 1381 1328 155 2050 440 1054 2707 2130 550 2241 1261 2439 1658 1544 2352 51 179 1218 645 1640 1860 2628 480 2011 1369 925 194 445 2714 2454 2840 992 1407 2046 1840 2769 2649 860 518 319 2631 26 489 1253 1029 260 348 1552 2084 904 1837 1051 2088 663 1307 1468 1428 2515 659 1208 2133 2287 1489 906 2735 563 2424 1870 134 2337 674 1148 1158 900 74 2010 987 2358 109 1437 1416 1046 463
472 2738 2340 1540 1618 46 892 1803 961 537 2758 551 1167 1059 1069 1811 166 1355 1607 1341 2444 154 342 2524 223 273 2740 2717 1060 1242 2104 2614 1615 2835 1324 2781 1025 1964 969 1044 2635 160 405 1421 2273 1828 2834 2339 888 2385 1524 2094 262 1101 1530 1 1509 2215 1572 234 1295 2175 2648 2013 1078 2138 2710 2771 511 127 641 2473 1373 1807 741 147 17 2776 642 913 685 1571 2431 2399 352 2749 1349 203 1278 2662 2100 846 1520 991 226 307 349 2731 716 2231
430 655 2406 331 1187 1648 1472 1715 2061 1972 999 1647 2402 721 1921 1395 1635 390 1475 726 1967 1037 2236 402 1050 471 1438 1317 2059 1756 1008 1143 2301 1216 936 1929 1918 314 1011 806 805 484 2407 2465 2505 2053 1822 1755 1118 464 113 159 1124 1706 580 344 108 1293 1273 1140 1568 478 2531 534 799 2232 1275 1097 326 363 1730 628 653 1297 296 2429 1303 456 2715 467 1875 1662 1924 927 295 1281 780 1789 504 2228 2806 2244 2279 92 31 1156 753 1932 2398 602
63 1363 1019 2022 2216 182 1333 785 869 2612 1288 2401 894 1703 2353 42 2554 419 1353 1883 2153 1685 1251 1394 1214 96 1032 824 1300 1343 106 732 620 22 2567 1103 1927 189 333 1632 2547 1171 1797 181 1365 2030 454 2562 762 2498 2831 1318 1087 545 636 1631 2737 2807 1197 924 1434 2141 1596 1661 576 2222 1999 2278 1364 483 1880 1336 2425 1536 240 2751 2555 596 2760 2060 2109 940 95 1677 1298 1712 149 2242 2625 1749 2705 2522 387 171 1004 2197 2066 1727 2784 20
2077 2478 1125 2777 1753 2772 2561 70 1035 2510 431 1839 1252 2015 1533 2818 951 1390 767 1165 1834 103 1759 2757 2622 1842 1323 1186 2302 277 191 18 315 997 2546 369 1557 2178 601 988 1228 2113 304 297 2506 1785 569 769 1513 1980 193 2022 2507 433 85 1213 1904 2 1460 1115 173 1130 359 2353 1102 121 688 1847 101 2090 924 1728 2779 1027 2574 2504 1389 2344 1150 1608 2066 424 1666 581 1926 987 1161 141 1739 2260 1773 426 745 1401 1740 436 1137 1235 2216 2161
1394 1087 545 2022 63 898 2072 1558 853 714 1801 1207 614 1166 2277 954 1019 1590 1928 93 2066 895 304 2409 1137 2178 1333 1798 2242 1213 2113 1971 1685 1298 149 783 1760 182 1427 2542 1712 1434 962 485 2504 2546 2540 2112 1306 1389 2737 1115 395 724 1004 2323 617 2579 940 1300 251 1951 576 1343 1451 529 1999 949 1631 75 1361 483 374 1197 198 1175 1257 589 1785 1786 789 1397 2555 1749 727 1561 101 1103 824 924 2644 1363 1883 1353 2054 646 2497 2547 1488 751
1363 2216 2841 1288 1703 785 2502 1605 2141 724 2666 1365 650 214 475 1232 949 5 1217 1139 2567 2401 2152 1953 620 2457 732 520 333 1916 2022 181 1945 2404 2612 2348 2353 420 1766 148 1397 2346 1433 609 1797 783 851 19 42 940 939 2768 335 869 1738 1591 1749 2220 2737 1251 2591 1502 1476 182 63 1019 2810 1343 424 60 2179 306 924 189 1214 419 2048 2112 617 1088 752 894 1171 198 1333 1744 1570 377 2171 84 2263 1004 1891 88 22 2745 2162 1163 762 132
2021 2756 2320 293 29 2533 1149 286 2172 754 2673 1231 2787 1728 646 757 1533 739 218 1597 1689 2024 24 634 426 2054 2430 184 119 2143 1296 1265 1478 1383 1984 80 1448 2472 135 558 2161 1312 2615 2638 2260 2295 1804 424 2413 520 2224 853 707 2323 967 395 1306 962 2408 1951 1945 19 240 545 232 1394 1451 191 529 213 1719 2077 70 1252 1361 2566 589 1213 485 1175 2478 727 182 304 498 1125 1798 2113 1513 101 1182 2777 1753 1334 163 2066 359 2235 1847 1722
989 341 2040 737 364 803 1900 2381 101 215 436 2114 374 581 2759 251 328 766 1683 2238 2579 1357 1091 407 2495 1996 2504 926 2288 1137 39 564 572 1818 76 1427 230 1180 2281 777 1898 1230 1971 1786 1257 2277 1093 1115 2644 1883 1300 2066 1389 1801 1353 2113 789 2540 1394 304 395 483 1559 2546 2178 1207 545 751 240 1213 2242 2077 614 1087 1951 2784 1361 1306 898 529 2478 2829 1130 2561 1106 93 1962 2072 1166 453 2000 20 1254 2122 2224 177 790 2303 293 1125
2363 879 2460 1619 1982 557 1925 1863 2185 795 143 1440 1694 2529 2517 386 718 2385 1129 1411 2468 1684 667 641 2584 1530 741 127 1078 160 2139 2094 1295 1514 2298 2616 1373 299 2771 2619 352 1807 1814 810 1360 2710 2776 1735 888 2833 1294 1421 2271 1630 30 787 1539 2269 2820 1059 638 1939 752 2266 2576 262 1446 1445 991 665 1549 2481 958 267 1122 1479 2092 428 1069 2731 273 1291 1607 2844 2371 226 1341 1509 342 2168 2783 2412 2811 71 2175 1242 2758 1238 1270 2524
70 2510 431 1753 2561 2777 1125 2772 2478 2077 1035 1839 767 2015 1252 2818 951 1834 2622 1390 2757 1759 1533 1557 315 277 1980 997 1165 191 1842 2302 18 601 2 2702 433 2315 769 2507 2685 1747 1904 1608 2506 1938 103 1895 824 2289 1277 1443 2555 2504 889 1176 1401 2686 2663 676 924 1821 1310 596 2161 1999 2547 2482 1513 1962 374 1107 1460 1323 1833 1847 2058 1228 2579 1427 1130 250 161 564 1795 132 783 1720 1394 860 1340 88 63 2546 1773 1103 95 297 1749 1785
653 799 2698 1273 838 2053 1635 1124 296 2236 1967 2280 209 390 1037 356 1050 408 2794 207 1282 2173 1755 1475 1187 1140 139 1875 1317 192 1924 2406 2017 113 2693 245 525 1715 654 1780 239 268 1274 290 1021 27 806 805 1127 2396 53 1297 1011 2316 200 61 2070 314 1118 1648 131 1024 49 1961 2669 1756 534 2059 1843 618 1472 1829 2025 999 449 1141 2429 1356 455 484 1781 1216 2232 1921 326 2715 2402 1248 418 580 2244 1168 1299 726 216 33 495 1231 1972 721
325 1671 8 745 1474 335 2591 2230 2449 2535 2167 1217 2079 856 1907 1380 1458 309 2160 1090 1315 1013 1336 762 1082 2571 1703 333 586 37 443 1006 2706 861 205 1763 300 1308 2401 1288 621 2216 2612 2514 1641 2197 1726 459 946 1750 171 905 1286 2245 1425 1263 1537 907 1267 2705 2831 45 1363 2620 1144 2386 1232 2410 624 949 474 2678 2503 688 1251 1371 2608 785 2268 1219 690 1487 506 2761 236 2263 1605 1250 482 117 1010 2086 1844 1364 2056 2737 1255 1749 2112 92
4 59 2411 2389 2528 2501 2044 1545 1644 2832 312 1624 266 2817 826 1407 1737 1934 635 626 1102 2477 613 283 1146 1656 1202 987 1405 1799 611 943 188 221 556 817 2082 2790 1319 85 2270 1926 1752 2312 2069 950 1468 1983 1313 547 904 2652 2606 2367 1029 1172 2300 2011 1414 1386 74 659 2148 2133 1092 1428 1307 489 1552 1181 2574 2424 900 906 1208 977 674 2200 2007 2724 2035 2088 2344 1046 1151 1486 2564 2084 978 2010 970 2716 1123 2676 2781 219 911 2449 1627 2337
752 1596 1280 2725 2448 2464 2562 2823 2498 2572 1525 2141 2457 1880 957 2442 2278 509 2720 387 1766 844 1889 609 42 644 1696 5 2188 244 744 2115 2807 1616 106 2263 1945 2404 1515 1802 2623 1927 1318 1064 1797 636 2048 2688 2522 971 1032 520 1536 2056 1744 2608 2182 229 2678 2168 2476 183 1632 2060 2351 2760 466 894 974 2468 45 1364 419 1960 236 2554 232 19 189 1108 1251 1269 43 498 1083 2153 592 2706 2566 213 388 2374 2116 2408 1904 424 1702 2305 2162 2354
238 2552 2716 1708 2191 505 2500 1563 2119 523 28 2819 587 152 1532 1827 458 2479 1741 2181 1896 2283 175 849 734 696 313 2674 1339 2099 330 354 2250 972 120 2193 847 711 2742 2557 2365 503 633 2527 2370 772 81 2534 1111 1680 2689 671 2322 1376 2681 1746 532 1704 2592 705 295 2177 2052 1852 2228 740 2806 1956 2028 602 1332 1789 1555 780 1281 1335 2244 1465 2237 1929 53 456 1924 2799 1661 927 76 726 324 129 1813 1037 2273 245 1932 5 261 1275 209 1923
835 1254 1310 1107 65 1512 1908 702 284 903 1821 990 768 1114 1830 2388 1720 1608 297 931 103 393 848 1323 1336 2471 2601 1277 1340 997 1013 1120 2555 2136 502 1147 1620 1523 1315 441 2058 2695 2507 1186 2275 830 2624 1975 603 1678 2383 1904 2079 250 863 834 339 2518 1450 1907 1732 1646 2738 205 373 1767 1401 126 2661 522 856 1727 2160 845 1104 333 1507 688 584 2733 166 1659 575 2478 462 2550 1235 684 1057 45 2277 2777 2560 2080 400 2579 483 1783 55 1458
1481 52 225 418 2669 1787 1378 207 2396 61 346 1022 2821 2025 1662 2690 192 786 2794 2467 1692 478 1465 467 758 2398 2429 363 2244 1506 780 534 484 131 49 1875 389 1612 806 1039 628 753 290 138 1262 726 239 1220 840 108 2505 2465 2173 2765 1918 1140 999 2531 1141 1475 2059 2091 241 2634 455 1282 296 1275 936 1124 331 89 525 452 1303 53 654 2142 113 2687 295 2280 1024 356 2236 655 858 1706 1037 464 1438 2137 2806 408 402 1568 430 471 1929 268
909 1462 115 1891 2194 2261 1757 2361 1221 629 40 1897 1723 1536 1496 396 482 2494 76 6 2677 2617 1987 285 661 546 1761 2816 521 1180 2256 1144 1153 2308 851 1371 2704 2089 2077 594 341 84 582 372 1960 751 1362 2495 2712 619 2657 2288 39 1137 1995 650 1476 1199 989 1283 1091 1232 258 926 815 2666 941 481 2272 636 327 167 1882 1900 2713 2197 576 2644 300 281 2573 737 2815 614 215 543 835 374 387 2202 669 2476 2747 117 123 2772 1922 2676 762 1818
2728 1055 725 2207 2294 2766 1825 1056 2558 2825 165 1130 1944 1940 2305 447 1986 526 2506 362 1841 1547 271 2736 1126 864 274 246 994 508 204 2511 1962 692 2440 1134 2068 2292 1408 608 1942 1067 722 2842 79 790 2665 442 2258 2319 1998 2183 368 2719 2625 2037 1555 1892 137 444 1677 2435 1606 1935 116 1725 682 1212 1463 598 1452 974 97 1771 677 350 567 2741 2135 2073 2041 1439 2051 531 1743 333 2708 2499 2286 2438 1277 1344 1088 1721 1943 920 1950 1185 935 545
1179 2491 1583 2328 1651 1977 998 1578 9 2252 1579 2792 1470 887 2682 1791 952 1531 118 1769 748 919 2065 916 2778 567 841 2647 227 1354 1063 1667 930 639 819 517 2042 2575 2723 1854 2310 1970 1920 382 945 2711 1585 1770 114 778 2729 928 2349 2097 1657 982 1851 2225 2754 875 2459 2405 2416 808 1211 1246 902 579 923 1691 917 776 2604 1507 107 2550 590 2658 1819 763 2033 2329 873 767 1169 98 1016 311 1528 2211 1943 1154 2234 1534 2536 102 2462 87 1748 541
353 196 869 1625 776 1963 276 2152 2067 2502 2567 98 1605 851 1171 22 84 1214 2751 1371 2141 1661 592 629 2256 1744 1632 2222 1927 2153 419 40 1819 2554 941 96 894 2404 609 1889 2474 1515 2109 957 1766 106 1960 189 5 2841 744 2162 781 2457 2361 520 1864 2726 232 150 1232 2081 1042 233 2566 424 1556 244 2661 2103 827 2060 9 375 1063 509 640 1032 746 1770 701 748 2803 1326 20 1402 2572 543 515 167 1279 567 585 1643 1401 910 2322 1945 153 1139
2236 1475 1273 1187 1050 2059 1967 314 484 1635 390 805 2406 726 1715 999 1648 2053 1317 1124 1395 799 1921 2061 1755 806 653 1756 1037 1929 655 467 430 2402 721 1647 1972 1011 331 2531 1140 471 1875 2301 2698 1472 2429 131 1438 1662 402 108 296 1378 2765 534 2505 2465 1216 2279 268 1008 2407 1024 478 1282 1829 53 344 1127 936 356 1275 1706 408 1022 1730 464 1274 363 1143 113 1118 2715 1303 838 1843 1780 2244 1787 1918 780 2285 1568 33 1961 2693 654 1299 2794
2091 131 239 1875 2794 2173 290 2164 2280 61 2025 225 2285 268 1787 2396 2669 207 192 2565 452 49 1481 2531 1024 1011 2765 838 53 2693 1843 495 1282 1506 525 1662 296 726 484 33 52 1274 356 209 1262 1127 408 418 139 1780 478 1475 241 2429 245 1378 653 2236 654 455 2821 2059 534 449 1941 806 346 1500 1141 1465 252 1140 1781 467 113 1124 786 1022 858 1039 999 1216 1635 1503 799 2698 383 27 1924 780 1303 1021 2311 1918 464 1829 216 758 1168 1299
52 1481 1022 346 2821 1378 2467 2690 1692 758 418 225 2398 2669 786 1662 138 1787 207 1612 2396 2025 389 467 478 61 363 753 1506 192 2794 628 1220 2505 2465 1465 108 840 1039 1303 1141 2244 2634 89 936 1048 2429 1918 780 1140 534 49 2611 1018 782 484 1568 241 1262 2232 2765 806 2070 2687 2142 455 131 239 2632 654 290 643 1275 1356 1875 402 113 2173 1124 2301 2806 216 822 295 1026 1216 2059 2164 356 1781 296 858 2091 2137 525 726 1037 655 2280 1438
1385 1779 406 2145 1992 773 2763 2102 1007 1526 2516 1969 1511 1442 1325 1707 742 519 1800 1138 1731 1871 1645 2613 1894 288 257 664 2110 338 709 2609 186 843 730 648 1133 811 248 2331 1466 2377 94 1079 544 410 2843 1783 365 538 1424 2746 11 535 1005 1454 2219 1546 870 435 2290 1527 1968 2302 1670 1573 1516 301 2095 717 315 392 2730 112 2560 1068 1165 1020 2549 1309 191 2615 1040 434 1455 605 1581 2680 336 568 2251 881 253 2224 1419 1498 2299 1634 416 404
1092 1172 1983 2564 977 524 2200 2574 2010 970 2035 2606 1151 2148 489 1313 259 904 623 1319 463 2084 2676 2652 2405 74 1468 611 906 3 1642 1190 559 817 350 978 2170 1208 2419 2391 2312 254 630 486 2515 2012 2344 2724 1958 1414 1848 1386 1552 784 833 168 1158 2490 2544 415 2133 1486 1437 109 2397 1388 911 2358 188 1878 674 1428 659 2307 900 1307 319 547 2007 1046 2082 2337 2270 2001 1123 974 2732 2424 556 2800 2670 1926 219 2076 965 134 1425 2480 2790 1624
1944 2294 1055 2135 137 1212 899 2741 1606 2842 116 1056 204 2207 2728 2511 725 1547 97 2766 2825 1134 1067 2068 1721 1463 1076 447 2382 804 2286 1937 1935 1464 2041 79 2813 1452 329 1899 2558 1223 948 1940 2580 2248 1874 1639 146 2665 246 1825 2435 722 686 2393 1868 2708 494 2057 2291 1185 677 2258 682 1841 140 2305 165 574 2569 1777 1592 2436 2438 491 1130 2719 1876 362 1986 2319 2292 1126 1540 2790 221 647 2370 692 657 11 2683 2736 2598 271 2300 188 1926 764
1255 123 1757 882 986 194 2150 2732 2352 965 1051 1261 833 1218 1636 1775 155 1658 1362 1096 1029 319 440 1381 2553 1897 2815 2767 2735 173 1840 2241 2836 735 1617 1328 1663 2628 1444 900 1948 1956 1045 1623 1679 1544 1416 2714 439 611 1600 2130 1731 1552 2272 2439 712 1049 2501 1208 1253 2837 1649 1138 1405 947 1422 1934 372 992 1650 1236 1112 1782 169 717 2707 1320 1319 1534 906 2380 1788 635 445 231 1499 518 2482 391 326 2652 2023 278 1860 48 2588 188 932 168
1087 2242 898 1590 1166 1928 1558 2072 714 895 93 1207 614 2066 2409 1389 2178 1115 2546 751 304 1300 545 2579 1137 2113 2504 1394 1971 1213 576 483 1353 2555 1019 2542 1561 1883 834 2058 1727 1749 1427 251 63 1277 2277 374 1801 1631 2759 1257 1786 617 803 2022 581 2381 1683 2114 101 2238 465 240 1346 789 2197 215 1197 824 2540 2452 2547 1357 1103 436 1798 291 832 1130 853 2777 165 1093 341 2000 70 940 1685 2493 1753 2040 783 2785 2510 1125 792 1962 2129 676
645 2011 445 2840 1054 1328 1444 1663 2767 1679 1649 1623 2837 169 2707 947 2836 1782 1993 1617 1381 1261 1422 1045 440 735 1029 155 712 51 134 1552 1658 1544 2130 2050 197 2241 2439 2352 1218 1253 550 2735 179 319 1208 1860 1640 860 2088 463 904 2076 1307 2133 1468 2424 906 194 2084 900 489 659 965 2515 1775 563 986 260 2724 1486 2287 1489 769 674 1428 1710 2628 606 201 2714 259 2646 1840 2454 562 1407 613 622 1757 2652 2676 2649 1158 1369 2544 518 1788 2753
67 1075 1810 627 202 2583 2509 1406 1012 249 2350 1001 2121 12 2809 1944 1609 404 2507 2748 1055 997 1869 2224 2533 10 2728 1689 2435 960 2630 1904 1517 1265 1334 1874 775 2320 1149 520 2621 2615 2733 1169 24 357 1325 1928 2684 2207 2294 1894 137 1670 1410 165 2368 293 338 2542 1805 777 1594 725 876 818 1138 1959 1733 1448 2297 2143 895 499 2558 2780 2753 1731 2637 1590 29 1165 2352 2447 751 2586 1473 86 1707 1166 1382 2744 415 184 93 730 1223 2106 173 2211
131 1875 268 2091 2285 290 495 1011 452 239 1843 2794 2396 207 1787 61 2173 33 241 2025 2565 225 192 2531 2669 484 1481 1378 2765 1941 653 525 478 464 53 1024 418 1500 2059 356 1282 1475 726 331 296 2280 1662 2693 1503 655 2164 1022 1706 2142 2316 1262 467 52 449 252 1274 838 1929 2236 654 49 799 209 1039 1021 1506 999 1303 806 408 2429 2698 402 113 430 1612 139 534 840 1127 2632 2301 1275 455 1967 786 1187 2715 108 1635 2244 1248 822 346 2821
620 732 181 1318 1797 2807 1083 1596 2278 1536 42 2141 636 1702 2562 1280 2498 2048 1365 387 2720 2643 759 2442 2678 540 1019 1251 2476 2608 1064 1525 1880 2182 2522 2760 2056 133 644 2374 2263 2688 1364 236 2612 689 2425 45 582 183 752 2448 43 2401 570 63 2441 171 2627 2188 785 762 2116 1093 894 1665 106 229 2582 1856 270 1979 1726 2831 2623 2386 974 2004 419 1183 2168 2554 2761 2827 1004 1914 1768 2823 1947 1108 40 189 366 2111 2838 1204 1960 2737 398 57
802 429 878 866 733 1431 36 555 2333 1492 432 1499 2117 500 2029 142 2078 1053 417 1418 886 597 62 2108 1393 1268 1890 868 1398 1888 2743 1686 199 1562 2668 1256 1430 554 361 1065 78 681 1699 289 2786 21 1236 1033 302 2451 2384 2423 332 292 176 893 2227 536 979 680 2640 1588 13 1132 1557 2217 2267 1272 569 1886 1329 2578 2415 1553 568 121 193 2380 2839 3 698 377 2523 2083 1249 340 1820 248 1747 743 1266 1642 1131 2686 1754 1387 640 404 1714 742
1212 137 2135 899 2741 1606 116 1463 97 1935 2041 1067 2842 204 1134 1944 1547 246 79 2766 2511 2435 2825 2294 2580 447 2068 2728 1055 1899 1056 2207 722 1874 1223 677 2558 2708 2286 2665 494 1185 1777 682 657 146 2438 2736 1126 1452 165 1076 725 1464 692 2121 2506 2719 12 1001 2371 2625 1088 2292 1986 974 1677 2283 2583 1752 1771 1937 2037 453 1130 491 1998 1848 2092 1362 67 1629 2382 574 627 2110 1962 2735 1012 2163 364 1825 10 2352 444 219 2574 1639 2350 912
1149 2320 29 293 2533 2172 286 2673 2756 2021 2787 739 754 1231 1689 646 218 1312 2430 1984 2024 184 2472 2224 634 1728 1597 1448 2615 2054 24 119 1265 853 1478 2143 1296 558 967 1383 135 2295 2638 2413 2161 1804 426 80 757 1533 918 1719 789 708 700 2408 213 1451 498 91 414 2260 2323 792 591 2296 2131 180 1593 2740 1535 707 2016 1529 2226 937 2508 540 1306 2540 2306 1095 2169 2354 154 1849 1951 2823 1812 2235 466 1637 1499 1099 1958 2267 1886 983 1852 2395
757 1728 1533 754 1231 2756 2021 218 29 2533 293 2320 424 5 529 1149 2172 2457 2323 558 19 2295 2077 520 1515 286 646 2787 232 135 707 395 2478 184 2464 1945 304 844 1801 2644 569 2772 2277 2566 988 2413 2777 80 2024 2725 70 1186 509 1766 1394 2178 1753 1898 1722 1125 2561 1326 2820 609 119 375 1839 1852 545 498 1807 1889 997 2673 1296 2508 193 2161 1904 2113 2751 739 1616 2014 173 103 2169 388 162 369 1252 473 2090 1460 991 2819 1906 1865 1061 2100
1394 1801 2277 529 395 853 2644 545 1230 1798 962 2323 572 304 2022 2178 2113 2066 1306 485 1213 63 1951 2540 1300 954 1427 1175 2546 1087 714 2579 1137 589 2072 1115 646 898 1389 1019 2504 1971 1333 483 895 1451 614 1786 1683 93 783 2510 1207 1590 1035 1685 240 2409 1839 1166 1353 727 1883 70 2478 1361 2054 251 1928 789 2777 2759 110 803 2542 2381 2077 1753 431 1257 2400 374 85 1106 2561 182 1760 1298 2772 149 2787 658 1334 724 1125 2494 1674 769 1130 2242
2313 419 2554 189 1865 2153 894 96 1632 1927 2060 106 1032 1199 1260 2567 481 1214 1171 2751 22 807 1858 592 468 2109 815 2784 300 2162 1987 1015 1661 396 1560 565 2502 2222 167 84 629 372 20 973 42 2476 454 2425 2305 1744 333 2152 298 1960 2726 941 1605 122 2627 1286 1285 2791 65 1363 1844 744 506 1371 620 1536 1083 732 40 2030 1217 582 851 636 1570 2118 2073 117 2678 2342 411 2677 475 1425 281 1084 2807 2263 443 2666 448 1456 181 759 1790 959
711 503 1680 633 2250 772 2119 2322 587 1532 2479 2193 238 849 972 2819 354 2592 2099 81 1741 696 330 152 2052 1111 2181 2370 1827 1563 458 2557 2365 2674 2716 2742 2228 1376 505 1332 2552 1746 2527 2689 2177 740 602 2283 2500 28 1335 523 2534 313 847 1708 2237 2681 734 2191 1852 1339 1896 261 1704 705 120 175 1873 162 872 699 1109 671 532 1774 533 2764 963 68 561 1956 598 1117 2028 2215 1297 1099 1615 2813 1135 316 1955 391 2814 2183 647 1314 2057 2727
1584 2023 2045 2755 747 258 1320 770 2545 1796 2034 1980 1073 1681 2622 908 487 2757 1462 315 2518 1390 1120 2713 70 1906 1670 1147 337 2494 393 439 984 1759 168 2650 1407 1707 2257 2680 863 277 1853 2259 403 1057 1732 2077 2282 881 1165 1678 2226 1834 1557 1815 2696 1387 1615 360 1842 1757 123 48 767 882 1962 1739 2015 2315 2818 813 18 1449 710 1183 2387 2664 2478 1101 2685 2075 1516 1479 2302 2363 1000 223 942 391 1753 2136 1200 2702 201 54 2561 1783 2283 1126
912 1652 41 2231 2208 1264 1215 237 2675 651 527 2205 1587 716 1988 1181 591 1564 616 2692 345 996 2530 2131 1837 1812 1491 124 708 918 2801 700 795 2517 143 2524 2184 157 1497 2215 203 1295 1081 588 133 2298 1618 1242 1202 1862 273 2185 961 2529 1445 2104 718 46 1615 1630 2372 154 2727 2385 2564 741 1983 548 2648 1480 2753 623 2541 1479 1349 1947 511 223 833 1366 1167 2619 1129 1807 479 1172 965 1794 2738 2549 2584 1670 892 991 583 2010 641 1040 709 178
2512 2218 1911 2355 222 850 1436 1504 897 1933 2362 1790 2071 1638 836 2096 2446 2645 1098 935 2691 2156 2642 1321 1387 1621 2318 1200 1682 1806 320 755 2750 1479 2432 1736 144 495 1044 1305 599 2201 2420 1483 16 2168 1941 1843 33 1672 2450 1599 2537 717 2342 1447 2098 73 1634 1966 1500 1047 1581 1573 661 2513 1717 2442 376 2541 2560 1469 1709 1421 1425 644 798 2285 1880 1803 2199 1052 99 1783 1021 267 1291 150 2187 1267 2749 127 1040 44 480 1811 643 666 2781 1215
1796 100 715 2721 1569 48 2545 2034 64 1453 305 562 2713 439 1490 2433 2376 2309 1901 201 1640 51 1860 2650 563 1369 2556 2826 1051 2649 1870 497 1307 1586 2272 2076 1948 26 2454 559 2652 2289 1496 906 1437 978 1417 1316 260 2358 712 221 212 168 925 1386 2050 2204 970 2744 1984 659 2088 231 1478 2603 1148 556 943 188 1405 1416 2808 1486 1701 348 1965 2337 2638 1878 1428 1211 1952 649 2084 2027 1733 1029 155 2606 2392 2133 547 1123 684 1644 1247 2397 1046 1135
6 1221 285 546 582 2643 759 973 1891 1723 2666 1702 2816 1188 468 1083 298 1603 820 411 650 922 2677 732 475 620 372 1916 181 1285 1570 2346 980 1541 2171 1015 2810 1536 42 1884 636 2043 1797 1697 2118 2194 2261 1318 2278 661 2678 2807 1084 629 148 594 1610 2841 2168 1605 1456 2425 2048 40 750 2313 2387 1153 2521 669 1397 476 1227 1591 520 1945 19 420 510 2564 1858 1269 1882 2706 1172 2557 232 2607 214 1502 270 1092 2058 1283 2056 2606 609 977 1476 396
346 2821 1022 2690 2467 52 1692 1378 1481 758 2398 418 786 138 225 1612 1662 1220 753 2669 628 467 478 363 389 1465 207 1787 1506 2505 2465 2396 2025 61 108 1048 2794 192 840 2244 1039 2634 1303 1141 2429 89 2611 780 936 1918 1140 1568 534 1018 782 2232 2687 49 2070 2765 1262 643 822 484 402 455 2632 654 216 241 290 1026 2301 1356 806 858 2142 2137 1124 1781 113 296 1275 356 1216 471 1282 131 1438 2173 2806 1008 2311 1037 1831 239 408 295 2164 1780
1363 785 2216 869 2401 2612 894 1288 1214 2141 2567 22 1171 620 84 2554 1703 63 42 419 2153 1797 732 2502 1365 181 1019 2751 941 1251 1927 1032 1318 2425 106 2562 96 333 2807 2022 2278 189 2152 2048 2720 1880 1108 1661 1632 2498 2841 636 1536 1596 1504 387 481 2760 171 2109 2222 2353 2060 2168 2831 1625 2705 1605 454 724 1083 1744 2162 2608 2313 2726 1280 1883 661 1333 815 1364 2037 1217 167 1336 2030 2348 1283 1353 214 762 150 973 2442 38 1677 270 2625 182
2502 2152 1371 851 2567 22 1605 2751 1171 1214 2263 1960 2109 2141 2153 40 419 1632 2554 894 106 592 84 1661 96 1232 1927 2162 2726 2060 20 1744 2841 189 629 1198 167 2348 1199 1032 117 2623 2572 454 2222 815 1113 37 2678 744 2203 1064 1139 1987 1659 941 1515 2457 300 785 5 1750 1738 481 2313 2706 565 2608 1616 1502 1144 23 1184 1015 1280 1525 2831 236 957 2760 420 2573 2768 2705 856 244 1217 1458 1922 924 309 2404 1364 690 594 1641 2620 1286 2128 1397
13 1272 2210 1754 2671 2520 640 2421 1038 377 828 2578 2083 1041 1949 323 865 2602 1910 1337 1374 2828 933 672 1668 2798 1429 1329 2839 729 2539 2047 2428 2415 2108 370 698 2629 2217 2267 2032 1256 2038 1890 932 56 2335 802 427 142 1049 1399 1189 1888 2743 1793 2333 1620 1699 955 2640 886 2668 340 1053 429 555 1562 743 536 417 901 1822 432 681 1393 2423 199 1492 979 332 21 964 2078 878 2227 2120 568 2570 289 2568 2221 1033 2029 1764 2275 1255 1557 1897 2132
848 931 1114 702 1830 1767 2601 2624 126 2471 1908 903 284 1845 688 2276 1340 990 502 1107 1235 297 768 103 1821 522 1720 1310 1323 578 65 1413 1186 1608 835 250 1391 2388 1975 1512 1254 684 2667 2314 767 277 749 1221 400 1459 40 431 2251 2706 1122 1759 2299 6 2036 582 1748 2349 1839 593 1232 920 285 1691 347 227 1536 1131 1243 2757 2677 1733 2661 678 2738 1162 1768 2328 1578 841 18 2744 2196 851 916 1120 2005 855 579 1667 2518 2058 546 1147 2400 703
989 341 2040 737 2381 803 364 215 1900 101 436 2114 374 581 2759 328 766 251 1683 2238 1357 1091 407 2579 1996 2495 2288 39 2504 926 76 1818 1137 564 2281 230 572 1180 1427 777 1898 1230 2277 1786 1971 2644 1257 1093 1300 1883 395 1801 1115 1389 483 1394 1559 1353 2066 789 2540 304 2000 2077 2113 529 751 2178 2546 240 2561 2242 2478 1231 614 1254 1125 218 1213 2510 20 790 2777 2829 2247 1207 2021 1106 1951 2784 2359 177 70 1401 576 824 2224 465 1130 1962
909 851 1232 2361 115 1144 1462 1371 2494 1757 40 1113 1960 953 1487 1397 2768 420 924 2747 2573 1502 1738 2179 1922 2203 594 1198 117 1488 2620 1987 1199 835 335 1471 148 1035 701 612 396 1954 1995 1613 989 2308 300 2617 2216 1839 688 1605 1641 423 76 2712 882 306 84 1953 1451 1283 327 1866 1139 824 2502 400 619 481 1137 1400 474 1979 1023 1184 2130 907 629 37 2547 2230 475 2495 214 1340 172 2353 521 762 1891 2055 1361 2772 2644 360 662 179 72 815
1697 298 1284 973 1456 448 1285 372 2268 122 1884 922 1015 459 2118 980 468 1570 37 6 1610 285 411 2167 1084 1188 546 1763 1221 2643 582 443 586 759 2791 807 1082 1308 1916 1090 1858 1537 1380 2313 2677 820 2171 475 2816 1260 1702 2535 1006 1723 650 2043 275 669 1603 2706 1891 1227 2346 1083 2666 2810 2623 629 1205 1541 181 1525 476 636 2168 620 1865 2263 2573 1184 20 1797 1536 2203 2014 117 2303 1502 2194 732 745 375 2449 690 325 661 1318 1326 2124 829
879 2468 795 352 1925 299 2363 1982 2484 969 1619 2833 2139 557 2092 2844 1863 1122 2226 741 2460 264 1514 667 2269 2727 1814 1684 1539 1440 1078 2371 2094 2298 1530 2576 342 2710 2063 1392 846 143 837 1291 428 1366 891 888 1694 2175 913 160 1338 2189 2385 2455 1421 1349 267 1816 2548 317 573 2185 787 793 85 600 2797 1861 2372 1572 1520 2473 1930 1411 1238 386 2412 2213 2818 1 2820 46 2100 307 1480 2403 1549 951 1622 638 2271 2648 1373 349 642 1445 2186 1009
1231 754 218 967 2756 1996 2021 777 1804 1091 407 230 1728 757 739 2785 540 2495 2224 2281 328 581 1180 926 1719 2288 1818 1914 341 76 564 1093 1683 39 2040 2114 184 1019 2238 1898 737 707 2320 766 1689 2533 974 91 2060 1733 293 2759 1722 2242 1849 481 1867 29 2579 189 1357 1064 2354 1596 2277 1032 1149 1927 957 2831 1632 2733 2408 2744 2441 42 558 1945 803 19 1766 1535 1269 1529 2295 2381 215 291 989 2562 24 2278 2143 1052 96 1904 419 367 498 213
2250 238 1532 2479 2119 711 503 2819 152 28 1563 1708 2552 849 587 505 1680 2500 458 633 523 772 1896 1741 696 1827 2181 313 2716 2674 2099 354 2191 2283 330 734 1339 2193 175 2742 847 2370 2557 1335 2228 2322 81 2365 972 2534 2689 1376 2527 1704 1746 331 1111 705 726 1929 671 120 532 999 2052 295 2177 2592 655 464 2236 1852 1706 1475 1281 1314 1875 1297 261 1011 602 456 974 647 1037 1332 1789 2806 1956 68 197 430 1955 2681 2715 1102 2028 2813 518 2059
767 431 2510 1938 1443 1839 889 277 2686 1747 1833 1035 2496 1980 70 1753 18 1842 2561 1125 2 211 601 2777 2478 2772 2663 2077 2818 2015 1834 1390 2532 1252 951 997 2622 1557 1759 1989 2315 433 2757 315 1460 1895 2702 2289 769 2685 926 564 369 924 1394 2506 395 2302 72 1733 1165 2494 1329 1107 2288 1533 1401 40 1818 1608 1955 424 1310 191 2574 2507 1847 2175 2738 39 2009 2277 2744 824 2636 989 161 2650 1137 1795 374 400 1904 1180 2555 1722 1219 781 835 182
797 1758 1575 2374 493 1664 2004 57 859 746 2418 756 1665 133 294 280 1358 366 1034 2461 689 2229 1861 1765 1196 1580 1947 2327 2184 1930 2174 976 2330 1792 2125 588 570 1724 2838 1279 422 1234 2541 548 150 1276 2672 2186 1392 228 516 793 210 2456 421 1375 583 2548 1776 704 263 1081 1457 801 77 1877 1497 2332 2039 1859 720 857 2590 934 1350 2739 1551 2694 885 1191 656 1542 2581 2659 2123 2321 1887 1229 2206 287 1043 2356 38 1432 1086 880 1193 706 1072 1292
851 1960 1371 909 40 1462 1113 1757 1232 1283 482 270 2308 594 2494 84 1144 815 2361 619 1987 2712 1221 2617 1433 941 2261 2677 2203 2678 939 285 629 510 1768 1199 2386 661 2704 835 2162 1866 2048 6 37 327 2502 2521 2197 1591 521 2526 2726 2194 1502 481 2183 1073 1659 1738 2761 2089 2573 396 1336 1198 42 2220 2425 1744 2803 1931 1889 1536 2359 690 148 2445 1605 592 1844 2404 281 232 152 1661 762 2168 2747 1139 2476 614 2427 2263 117 1183 974 997 2562 2278
1141 1506 2070 1356 1781 216 654 1140 2669 49 2311 27 455 2164 2025 113 625 2794 192 225 1612 525 1924 207 1248 1274 1692 679 1262 1787 344 858 239 408 61 1282 1481 1216 252 2396 383 52 209 2505 2465 2280 2690 2173 1780 2821 1022 2467 838 1124 356 1662 245 139 346 1127 2765 1378 1024 1037 1505 1598 296 138 363 478 418 2053 758 1435 2398 290 786 2232 936 628 2091 1438 2429 471 449 2698 1299 1168 1465 108 1568 1875 389 1918 1220 1048 1021 1829 753 643
676 1990 47 2180 1224 1178 683 1116 2523 1714 1713 2700 34 1838 2437 1672 2422 465 1836 44 2249 16 761 2317 490 1469 2129 376 1483 2190 1449 1476 1447 1176 1057 1183 2745 132 88 2202 60 339 983 95 2547 1914 596 824 695 291 834 577 1856 2555 889 2785 1693 1727 1346 2058 576 832 2226 1277 2441 2111 1387 1073 1743 1533 1561 2296 792 1749 1234 1304 2695 269 795 863 603 2656 1450 2261 830 1747 1609 1773 130 1938 1523 441 342 1594 2318 1620 404 845 2827 2518
1811 2444 1524 1167 1629 1355 1803 1 307 2727 203 1520 2740 2468 234 2013 2781 1349 685 913 1572 2749 342 147 154 1059 551 2399 1540 511 2524 2213 1025 2340 46 472 1242 1618 1826 2215 892 1421 2385 2104 1863 428 2776 2548 1375 667 273 2595 1324 2371 1101 226 2811 223 2339 2758 1530 2372 2648 1069 2168 2710 2738 2820 2403 2094 1295 2834 352 888 127 2801 1078 814 476 2255 1615 2158 160 2797 961 262 641 2709 267 661 166 969 798 741 1571 317 2844 891 2266 1861
1911 2355 2218 850 2512 222 1504 1436 2362 1933 1790 2071 2691 897 836 935 2096 2642 2645 1098 2156 1321 2750 2446 2432 1479 1387 2318 477 2201 144 1682 1638 755 796 1599 208 1200 1305 595 599 1736 2098 399 1023 2587 2537 2420 1806 1267 320 73 1145 2514 461 1628 2074 1676 1750 1047 1976 2342 2055 2009 1717 1621 1510 2450 380 2655 823 940 1709 1163 72 2452 437 666 981 783 459 2317 2782 2469 475 2167 2353 460 2163 2058 1346 2112 795 339 2747 1672 731 1749 1160 99
568 730 1466 338 709 186 1455 1442 1969 1511 2219 2516 1526 1325 1516 773 1707 2145 1007 742 406 1454 248 1385 2763 1992 336 538 1779 2102 519 1894 253 648 1133 937 535 843 1670 257 1138 2251 1731 2341 1498 678 1379 1131 870 1546 365 1068 2377 1243 1573 1005 2746 1732 94 1800 749 610 2005 717 2560 1424 1871 2331 2830 1527 2680 2549 821 1783 881 435 811 2151 2364 1020 593 1450 1850 673 1419 1079 1581 830 1040 1678 1634 2290 2788 1147 112 392 2196 855 1968 774
2510 431 1839 1035 70 1753 2561 1125 2777 2772 2077 2478 767 2818 1252 2015 951 1834 277 2622 1533 1980 1390 1557 2757 1759 1842 18 315 2 997 601 1165 1938 769 1747 191 2471 2663 2686 2302 2546 1427 1130 889 1443 1115 1833 1394 2506 433 1340 1310 1962 103 2482 1895 2381 2764 2601 1608 2555 1786 2178 395 1300 2289 374 1906 2579 1971 751 2504 1955 250 1277 2066 101 2770 85 545 2685 1107 173 1908 1186 2576 1739 1801 1137 2058 567 2507 1904 1720 2542 1821 304 1928 1830
2501 2044 1934 85 2411 943 2832 1102 635 1656 312 2528 1405 2817 221 188 1644 987 2790 611 556 1926 2082 2300 817 1319 2270 1624 2631 1407 630 1386 659 547 2424 2007 2358 563 2545 1046 978 1796 2449 1428 2337 1307 559 2034 2826 1848 2606 260 2397 1414 2344 1417 860 2309 2652 606 2574 2088 2133 1788 2419 1878 784 305 1313 1092 1437 622 562 904 2076 486 2035 1552 1489 674 2646 1486 1627 2312 2011 2724 675 2480 2800 1148 1422 1123 712 489 2753 178 911 977 1983 906
9 1579 1583 998 1179 1791 1470 2792 2491 2328 2252 2778 118 2065 1977 1651 887 1578 1531 952 748 567 919 2682 1769 930 841 1354 916 1970 517 2647 928 1657 2729 639 1667 227 2711 1854 382 1063 778 819 1920 945 1851 2575 1585 2310 2723 1770 2042 808 114 982 311 579 2379 2349 875 2530 996 1691 2459 345 1210 98 763 1211 1253 2225 2462 1837 776 2754 1369 1016 26 492 575 845 1507 524 1169 1963 1819 2658 1181 1491 896 2416 2801 2714 970 2550 1528 923 1870 1386
2185 1694 2584 1411 143 1129 1684 2298 718 1440 386 2529 2616 2517 1630 1445 958 787 1360 2271 30 638 2619 1446 810 1294 2481 1514 665 71 1939 795 2246 1270 697 1112 1258 741 752 2363 1863 641 1925 203 1629 991 1814 2731 2385 557 2524 2801 2771 2139 2468 1122 2075 1619 1373 1982 46 1549 879 2273 299 2727 2833 2213 888 1855 1735 583 577 1295 2269 2844 127 1652 1571 2373 1807 2460 667 536 1824 195 273 20 2223 2189 2104 1862 1698 1297 1242 569 349 1548 147 2222
2163 1436 1163 453 1145 2636 99 1085 177 2829 2679 816 595 2122 1903 401 460 1628 1023 141 1504 823 694 72 1089 1510 2009 2218 461 981 2747 222 2775 2055 208 164 399 2274 1688 2577 612 1088 760 174 156 1808 1100 1784 144 172 1415 1241 2587 2192 347 1404 152 2682 1228 2252 520 2002 2714 2774 1599 2233 1872 2588 2722 2098 1372 1790 1734 1265 102 227 437 2297 1739 916 1233 1155 2355 542 1382 2637 86 1832 2347 1963 1809 2805 1859 710 2655 935 1893 10 2106 1259
1882 956 42 636 1536 2197 2278 2168 2678 1108 1802 2807 38 2425 1880 2573 669 1318 1995 661 2476 2263 396 2623 644 476 2305 971 1025 2442 582 1283 829 2194 1083 372 1251 400 2647 1768 2627 909 40 115 2522 814 37 2188 307 1227 345 416 2261 2720 1702 2141 2048 2572 2726 2530 776 996 1200 2507 448 1797 45 1520 95 2448 2256 1744 285 2162 2555 945 1920 20 167 2661 387 2607 567 888 2056 468 922 2167 1865 1672 2431 1363 1586 1480 2633 459 2562 2022 1496 1904
1596 1280 2562 1525 2498 1318 732 1083 620 181 1536 2807 636 1702 387 42 1797 2048 2278 2476 2720 1365 2141 1880 2442 1979 2374 582 1866 1283 1084 2678 2425 270 133 644 1108 84 2761 2263 2623 43 689 2643 2627 2688 759 1768 546 6 2554 228 1802 894 396 1758 481 2004 106 419 1221 1019 493 971 2188 2348 57 285 1665 1251 1260 2448 941 366 756 797 2418 2168 540 851 859 1183 1575 2153 150 550 1960 40 1927 291 189 2327 1199 2229 96 2060 2608 1914 280 746
1914 2785 751 1678 1073 1732 2518 1147 830 832 1450 339 1120 2136 393 2275 1244 1646 1561 603 1620 2745 863 1523 2202 1476 1535 1016 2441 88 845 2422 1176 441 2695 1856 2383 2242 1462 2190 777 373 2111 2395 2080 584 291 983 2827 1346 1482 95 576 1996 2129 132 596 2555 617 1019 1713 2058 310 1116 1714 695 465 2547 1183 2239 1894 824 230 187 248 1670 937 1110 683 462 1091 1379 1743 2523 2733 1693 1131 1277 112 1068 538 2073 1838 1040 917 1243 34 365 404 610
540 1019 1093 2242 2785 1914 1561 2441 751 1346 617 1856 1535 63 2827 940 777 2022 1087 783 2737 1004 2542 2202 1685 949 832 2111 407 689 570 1999 997 133 2112 1176 198 2507 2238 2555 1103 2190 2585 462 620 2745 88 1904 2733 1996 766 182 291 1343 1785 2129 1434 2374 1476 1797 1596 57 732 310 581 1359 149 1251 1318 1091 2522 1513 1683 132 576 1795 95 1861 2562 2498 75 516 2418 1197 1727 1161 328 2497 1215 2263 1631 181 60 1847 2056 45 1665 1590 1749 2807
9 1579 998 2792 1470 887 748 1179 1583 1791 1531 2491 1977 2328 2778 1651 1578 118 2682 2065 2252 952 567 841 919 2647 1769 1667 2575 1063 819 916 1770 114 945 639 2723 1920 1585 227 1354 930 1854 517 1970 382 2042 778 2711 98 776 1287 515 2310 353 1819 369 2460 781 2803 1114 1739 1625 50 1893 1279 928 1154 923 2186 2450 1000 2664 1005 2730 381 438 1219 1460 1657 2459 725 1989 460 660 888 1904 808 1864 1643 769 1504 2369 1251 1031 542 1853 543 601 54
9 1579 1583 998 1179 1470 2792 2491 2328 887 1977 1791 1651 1578 2252 748 1531 2682 118 952 2778 919 2065 1769 567 916 841 2647 1063 227 1667 1354 930 2575 1970 819 517 1854 639 2723 382 2042 1585 1770 1920 778 114 945 2711 2310 2729 1279 1574 369 776 982 2754 2349 98 2459 1246 1507 2550 928 2536 353 579 357 1748 2434 1110 808 1966 1625 1169 1851 929 873 1005 2730 1819 279 2462 1626 1691 2368 1460 107 2780 1154 515 1989 2334 1194 2447 2360 1611 2830 2159 492
540 1019 2242 751 1561 1093 1914 2785 1346 617 2441 1535 63 2542 2827 2022 940 1685 832 1856 1087 291 777 1596 2737 182 1004 133 2562 1343 2374 570 310 1091 407 2112 1176 1103 949 689 1434 149 1197 2498 2111 783 1999 581 2202 1996 1055 1930 329 2294 280 198 1760 2129 803 1665 1298 1280 366 2040 954 1590 974 614 2238 2004 1558 341 804 762 1161 1944 1215 576 732 548 1785 2263 1536 756 57 2190 797 1076 997 739 1318 374 1334 2555 1758 948 833 620 421 2114
1038 1754 2421 640 1041 13 2210 2520 1272 955 2671 2415 1949 2217 743 698 2798 427 865 2568 2629 1910 56 1521 2428 1429 839 2267 2423 2539 2578 901 932 377 1793 1049 370 323 2083 1189 2221 340 729 571 332 1256 2047 1337 2032 2150 1329 2380 1399 828 1070 2038 964 1065 2839 2031 2640 2120 1430 353 358 776 123 1236 1374 569 142 629 536 1699 1668 2570 1888 2828 2602 2029 623 500 1197 2808 1480 1654 2335 193 1266 2078 88 2743 988 582 1476 237 1557 1890 21 1431
1422 2767 1993 2837 1623 1663 1617 1328 169 1782 1679 1444 2836 947 1649 1045 1381 2707 1054 712 1261 2352 735 550 2050 1658 645 445 2011 1544 155 2130 2241 1218 2439 179 51 440 1860 2840 1640 194 1489 480 319 1468 1208 1029 1552 1253 860 900 2714 1486 1710 904 489 134 1307 74 2424 1369 259 260 563 674 2454 925 518 1051 2769 2628 1407 2544 2337 2076 1437 2515 2133 2652 2606 992 2084 906 2358 2312 1416 1428 2735 463 769 965 1148 26 2724 2676 1123 2826 2046 2088
1510 399 595 2587 208 2655 73 1717 2469 2126 731 823 1160 99 1628 2163 1599 453 461 1023 401 2074 460 981 2055 437 2122 760 141 2829 177 2009 2679 72 380 1145 2098 2636 1047 1903 1233 1163 1085 1976 477 816 172 2722 612 2747 2577 2775 1872 164 156 174 2355 1415 694 1241 1790 1911 2691 2537 1784 515 2446 1436 2096 850 2574 836 2218 144 1801 1004 200 935 1387 2274 666 940 997 222 2071 2840 2750 1504 1183 2497 897 2317 905 839 581 19 479 2112 1219 555
2171 2043 650 2666 2816 2810 372 820 6 1541 285 1916 1603 2346 1891 1723 1221 546 759 2643 1697 807 468 475 582 1188 922 411 1260 1858 1084 1702 1083 732 750 298 620 973 334 2677 1456 1570 1797 1285 2733 1410 2130 2313 2194 2190 1227 2601 2627 1933 2471 2684 2740 1059 1153 1284 181 2240 203 2714 1763 669 980 845 2261 2028 629 2841 1956 2268 2525 2202 2012 1865 829 636 162 173 965 357 95 2100 2368 1040 671 1169 42 1536 2727 1827 818 931 1761 2168 1629 1253
1672 2437 44 2249 1836 761 1990 2317 16 1178 1469 47 1483 676 1447 2700 376 1224 2180 1116 683 1713 2523 1714 1183 1838 34 1449 1057 291 2422 2190 60 1476 2202 2745 1304 132 95 88 465 1914 490 2129 1176 596 983 1856 2547 1749 834 1103 1727 2441 2058 2111 577 695 2785 824 2695 1073 832 2555 1277 1693 1462 1523 1631 1999 2261 717 1743 2827 2497 441 1346 339 1482 603 269 1424 576 889 2518 845 1732 1311 2431 949 661 1044 2560 1634 2226 830 1790 112 1783 1069
550 1422 480 179 712 2769 925 2050 518 943 197 1045 1218 1369 2454 2574 2714 1261 1623 1253 74 2649 2270 1102 906 900 2084 2130 2082 1993 2840 2352 221 1617 2515 2241 556 1552 2501 489 1489 826 2707 1319 663 2817 188 1054 2011 1679 524 1656 1486 1381 1934 769 1444 348 904 635 463 992 611 1307 319 2010 1948 2606 1437 445 1782 970 659 817 947 1895 2375 259 1658 1983 1172 1710 173 1663 1414 674 2832 1416 1870 26 312 2397 2676 1208 2200 1468 2358 1428 2790 415
2755 2045 1584 2023 258 747 770 1320 414 85 1319 611 2358 2344 259 1046 1092 1102 2735 1848 2307 2790 463 2800 2564 1158 1564 1428 817 178 977 2574 2676 1407 2287 1414 2084 1029 547 911 201 622 489 2626 2544 2007 674 970 524 556 904 1151 1926 943 2397 1313 188 1253 1740 2670 74 1627 1617 2606 2646 712 1386 2724 219 2077 2200 1552 1656 215 2817 1993 1468 1900 659 415 1615 2337 1045 237 2419 2480 1172 737 2035 550 631 2010 111 527 1181 1486 1208 651 2300 1796
2731 1814 1238 1589 1291 1122 267 2844 741 1539 2797 891 2710 2175 2473 2385 687 1509 2189 127 90 991 2139 2092 1411 234 1807 1 1735 2063 888 262 1572 2403 342 969 913 2833 641 2727 2399 2339 1295 2541 1242 299 2771 2468 2269 2484 2662 1349 1059 1373 1520 2371 795 1278 1982 352 2524 1863 551 1524 2576 1025 203 814 667 273 2412 846 428 2226 2776 1629 472 837 867 264 1549 17 2740 1571 2635 2266 642 1994 2486 2185 2104 46 154 1101 685 2094 349 1862 1338 600
153 2550 1403 1507 107 2604 2019 247 1104 2754 1669 575 2414 1177 2641 728 397 55 1211 2176 2711 517 382 778 1194 1691 1854 2582 1970 227 1204 862 1359 2585 206 343 723 998 2603 1751 2252 930 916 819 2792 2453 1583 1585 736 1667 748 1467 457 2723 1919 887 118 1791 2233 1651 567 2254 2234 2310 1690 2159 2192 1460 2166 2718 1772 928 369 1028 1734 303 539 1748 279 450 2360 1626 2778 1531 1770 2368 2447 2802 1063 1963 1179 2146 9 2682 1977 719 1657 871 873 841
1895 433 2375 197 769 2289 161 2650 1473 12 2482 1223 1027 2057 1452 1874 173 2702 2665 1228 1876 2683 2022 2511 2809 2068 2506 1868 611 1721 860 271 919 952 140 2639 1785 2436 110 2291 146 2252 2051 1881 141 998 1980 677 1759 1547 722 494 1674 1583 79 188 329 974 2589 2841 1130 9 2055 608 2315 1319 2792 401 2561 1405 1976 2440 1701 1023 1354 2302 1150 2370 524 1666 1487 2598 2685 37 335 2647 1165 2779 767 804 1579 2778 1390 1408 2736 1983 953 182 1725 1417
2821 2467 346 2690 1692 1022 1378 52 2398 1481 138 758 1220 1612 753 628 418 786 1048 108 478 363 1662 389 467 2465 2505 2611 2669 1506 225 1303 1018 782 840 2634 1918 936 2632 1465 89 643 1787 1568 1141 822 1039 1026 207 2232 2025 402 1140 2301 412 61 2687 1008 2396 471 113 2794 2244 2142 192 1438 858 2070 1262 780 1275 1216 2407 655 241 2429 654 1356 455 216 2765 484 49 1813 1789 2806 788 1831 2137 1472 927 534 344 2311 295 1097 1730 2062 1781 647
67 1810 627 1075 2583 2509 202 1406 1012 249 2350 2121 1001 12 2809 2748 997 1944 1055 404 2533 1869 2507 10 338 2621 1959 876 2733 520 1517 1149 1334 775 1410 960 1670 2320 730 1904 1169 1609 2630 1805 1165 1733 2368 2684 2251 818 2224 1120 357 881 1068 2780 2680 1874 2297 1231 1325 29 1186 1842 103 2211 2447 184 821 499 2756 462 648 1894 1084 2329 2005 2518 1382 1473 2744 2294 2377 293 371 1989 2586 535 1832 2637 2757 86 248 2106 550 18 286 1223 678 173
2809 1721 1874 1473 12 2057 2435 1876 1223 2683 146 1895 2291 494 574 637 173 67 939 2657 2736 491 627 1433 1592 2438 647 2583 521 1810 682 2089 2526 769 2569 1980 1439 677 2617 2598 2507 403 2445 140 482 997 197 2639 2220 433 2436 202 447 2051 1868 2427 2183 2728 368 657 1725 2704 2308 1572 2635 1759 1931 1055 2561 2375 2719 255 2766 913 10 1126 2708 2292 2810 444 2297 2813 1165 1555 1452 2841 2511 1815 1075 2509 1027 2037 2574 790 619 1265 2685 217 2757 2478
1451 1361 1106 1559 2000 2054 1786 646 2787 1593 1257 727 589 1951 1306 485 962 1798 658 1175 1230 395 1971 2323 293 2540 954 572 2644 60 44 1427 2235 1137 240 1346 2072 789 529 792 832 1535 614 1836 1735 1672 2296 2672 1394 1353 490 2409 76 2016 2129 2756 1801 1693 291 2320 29 1483 483 2317 1197 2437 2542 1357 989 853 2782 581 1334 91 2785 2161 263 39 1914 2579 1743 1149 400 1883 1207 436 2281 983 1178 2547 2259 835 855 545 767 1691 2308 1300 1196 2656
2713 2721 1453 100 715 1796 1569 2433 48 1490 2545 64 305 562 2034 2376 2309 201 1901 439 1860 1316 1496 563 1965 2826 1586 2337 978 497 231 1148 2815 1307 2272 2007 659 784 1051 559 1948 2556 260 1428 2358 1046 1640 2650 1848 712 486 319 1878 1422 1552 1218 769 168 992 2652 1123 1486 2204 2133 1437 906 2046 2088 674 2424 1416 2646 51 1468 904 1369 1054 2397 2050 2241 2606 611 1208 2480 26 259 1940 1841 2735 1870 1636 725 2076 2544 920 32 2207 1825 1158 1319
540 1019 2242 1093 751 1561 2785 1914 2441 63 1856 2827 2022 1346 617 777 1535 407 310 1176 1087 2111 2737 1685 570 689 2202 2542 1996 133 2374 940 762 2745 291 1004 88 1343 182 57 949 2585 1596 2238 1476 1482 2562 132 1999 2190 1318 1091 766 1215 280 620 1251 2112 328 997 1631 1359 2807 149 1930 1434 1365 783 2498 1683 1183 1197 1575 2582 2418 2209 2555 1758 2733 462 95 198 2507 421 2522 596 1204 832 1103 341 2838 1536 1665 2125 576 548 581 1280 1797 1785
430 2406 655 331 1187 1648 1472 1715 2061 999 1972 1647 721 2402 1921 1395 1475 726 390 402 1635 471 1438 2236 1037 936 1050 1967 806 1918 2059 1216 1317 1008 805 1929 314 2301 1756 1143 2505 2465 478 2053 1755 484 108 344 534 2407 1011 2531 628 653 464 1124 1822 799 1140 2429 1273 1118 113 363 1706 1568 2232 1730 1275 467 580 753 1662 780 159 296 2244 927 1378 1293 326 2765 2398 295 1924 2715 1097 1297 1875 1024 2806 1789 418 1220 504 2279 858 268 1465 2062
2339 2466 697 511 1514 2781 2524 1445 46 1324 638 30 2104 273 1618 143 1540 958 71 892 718 1803 1355 787 2517 1242 1167 1811 2529 1270 969 2340 2372 2619 223 810 1440 2271 2013 1572 234 1129 386 1360 2662 913 2635 1807 1349 2731 2215 2298 741 1630 2648 1295 1411 2541 2246 147 2444 349 1615 2595 1684 2185 203 2399 551 991 2797 2584 1629 2758 2710 1059 2175 2801 2213 1373 1939 961 687 1524 127 2158 1 1509 1539 2771 1101 888 2740 1258 2253 2727 267 2473 262 1520
1944 2294 2135 1055 1212 137 2741 899 1606 1056 2842 116 204 97 2041 1464 1935 1076 2728 2382 1463 1547 725 2207 2511 1639 2813 2248 1937 2286 1067 2393 948 2558 1841 1134 362 2258 165 2068 997 2825 1130 1904 570 2733 2507 12 804 1940 2184 2585 777 391 2766 620 1874 133 1592 246 2215 1099 548 1359 329 723 1517 2665 1721 1615 1947 2740 1825 1091 682 2158 2435 146 2305 1295 2233 462 1942 1445 491 2441 403 2569 1223 1986 1733 2604 2635 1088 1797 2238 2440 732 2351 1650
1371 1960 851 40 1113 1232 1462 909 815 1987 1144 1757 2162 2494 2726 270 327 2263 1283 1198 594 2678 2197 482 1605 167 84 1659 2203 2308 592 1251 1364 2573 2502 661 2831 37 2521 117 2386 2522 1536 42 2361 1591 1221 2056 629 2705 1199 171 941 2760 148 510 1661 45 2712 1744 2261 2183 474 396 835 2058 2216 818 1768 6 1738 2182 1336 940 2401 2048 2220 1502 20 285 2737 2425 619 762 2507 1365 974 636 1844 2555 1394 281 2608 1064 1866 2612 2617 481 1880 236
757 1728 1533 754 1231 2756 2021 218 29 2533 2320 2024 293 424 1149 646 24 520 739 1597 426 2172 2143 286 558 707 2077 19 1945 5 634 2260 232 967 1804 2478 135 1689 2457 2777 2787 2772 1753 184 2295 2323 1515 988 213 2566 2413 1125 70 1722 569 997 509 2464 304 844 1252 359 119 2408 369 1766 2725 388 193 2507 1904 2673 609 2561 306 2178 80 375 1186 1296 2508 1906 2430 1889 1383 1326 529 1006 2169 1061 2277 499 2014 103 1608 498 1182 1719 1448 1616
9 1579 1583 998 1179 1470 2792 2491 887 2328 1977 1651 1578 748 1791 1531 2682 2252 118 2778 952 2065 1769 919 841 567 916 2647 1063 1667 639 2575 930 1970 227 517 819 2723 1585 1354 1770 945 1854 114 1920 2042 382 2711 778 2310 928 1657 2729 369 1279 515 98 776 2459 2550 2019 1460 1507 1574 1851 579 982 2334 1154 1235 1643 357 1819 150 1625 794 102 2146 353 2106 2586 2097 1211 2349 460 1611 1169 873 2754 461 876 492 2637 1382 297 2434 1367 107 1259 2525
2138 2213 349 223 2481 46 1294 665 2834 892 2215 1446 1939 961 1270 1615 2635 1572 2820 1540 1009 2158 2340 1618 1815 1258 1349 1159 2524 913 1060 2466 2372 2616 2455 1630 1816 234 403 352 1112 2619 2246 264 837 1324 1360 1101 969 1366 1 1129 2727 2104 2648 307 1698 2339 2484 1994 195 2811 273 1925 557 1480 879 1338 577 1694 2412 600 2298 2223 317 958 685 1660 1520 2584 573 2013 1629 1982 1622 203 1421 2607 642 2460 551 2338 226 1684 2833 1619 2253 2226 1549 299
2093 1879 1017 631 1290 2796 394 921 2282 1518 607 2049 530 1301 1906 2596 1604 2140 1981 2064 446 1237 1567 1058 451 1909 2392 662 1119 1613 2357 1978 391 2262 2660 243 542 1853 748 492 2259 2257 1554 54 1154 360 2459 710 887 579 2664 487 1033 1470 369 1673 694 1893 1000 908 1739 2609 2753 2682 1418 2577 1531 2782 338 2803 1089 1745 813 1800 2488 622 1695 2310 1970 1546 2808 1384 660 1460 153 151 1837 20 2613 337 2724 1784 1211 2042 1393 1370 1740 2532 1063 227
1481 225 52 207 1787 61 2794 418 2396 2669 131 2025 1875 192 1662 1378 478 239 806 1022 534 2429 726 1465 2091 484 780 290 2531 2244 2821 346 786 268 2173 452 467 2765 1506 2285 2690 2467 363 1475 999 1024 1262 53 2059 1692 2280 1039 49 1282 1011 1140 296 758 2505 2465 356 331 936 1929 628 1918 389 1124 2236 1274 525 430 2137 1438 1275 655 1141 241 464 1303 1706 2398 840 113 858 1127 1612 1843 2164 838 1780 455 108 471 295 1037 402 2565 1216 495
221 1102 943 1656 1405 2790 2817 2832 635 1934 1926 85 312 2528 2411 2300 556 987 817 188 611 2501 2044 1644 2082 2270 1319 1624 1407 1386 547 2770 2631 630 2449 1092 1983 489 2574 659 2344 1029 977 1046 2564 1414 2133 197 970 463 2397 1552 2084 1099 2358 1437 1151 904 4 563 1307 1369 978 1172 486 1428 1208 259 2606 1135 2337 559 674 2007 2735 2035 1146 1878 712 906 2200 2419 1873 524 2652 1799 439 2724 1752 201 2375 1627 168 769 74 1468 900 178 2454 2800
1482 441 2383 2080 1523 2695 373 845 584 2395 1016 1691 1147 1120 1678 2518 830 1450 1732 2275 1073 603 1620 2754 575 393 1244 2136 2019 1646 1104 462 2733 1669 1517 55 1507 2604 107 863 2176 2684 1169 728 2641 187 2550 818 397 490 339 2368 1177 1462 2780 2106 1382 1626 2414 775 357 1805 2586 2525 1194 2447 32 2630 2020 2605 1611 960 1745 2254 1914 2211 1183 1748 2621 794 279 1410 2701 736 1467 1459 2202 2159 835 2785 2326 917 2329 1254 693 457 2441 2251 1028 1351
2044 2501 85 2411 1934 2832 1102 2528 2817 1656 943 312 635 1405 1644 987 221 2790 2631 556 1926 188 2300 817 1796 2545 1407 611 1624 2082 630 2034 2309 562 439 305 2270 1319 563 715 2650 260 51 659 2721 1901 2007 2433 1453 64 2826 1046 932 2088 231 486 1148 1386 1123 155 978 1873 1569 784 2337 1878 1521 1307 100 2011 1993 2424 674 2376 2449 1428 547 1312 2133 860 1640 2472 1490 559 839 1860 2177 1848 2391 2358 1489 2272 1414 1984 48 1788 1029 134 2770 2352
2823 752 38 785 2612 1995 115 861 2401 1365 2751 333 1214 2567 1363 1288 1217 22 2116 959 1171 2222 1703 2109 856 2448 2160 2141 309 1265 1726 2408 1795 1336 2615 2226 1722 762 1025 1802 183 2838 150 2186 1448 1847 424 1773 1269 1349 1744 1724 2725 2709 184 706 707 585 1867 398 213 620 1279 520 1513 119 2413 656 2464 2566 218 294 1251 1665 1907 2190 2327 2745 1478 1044 1947 2640 2591 1266 2229 1735 903 983 570 2648 2614 135 2619 1776 991 1103 1315 205 19 2216
430 331 655 999 2406 1187 1715 2059 1648 726 484 1475 1050 1967 1635 390 2236 1929 314 1011 806 1706 464 1472 1037 2407 402 2053 2301 2061 53 471 1438 478 1730 1275 113 936 1273 295 344 1216 1395 1921 2429 1662 2531 1008 534 1918 1972 1124 467 1647 108 363 927 780 2244 1568 504 721 2465 2505 1317 2806 1262 805 1789 418 1756 1281 1503 1140 2232 2765 2402 1378 456 799 455 1039 389 1143 580 628 2715 268 2142 1875 1822 1655 786 653 1831 1118 324 1481 1240 1755
654 139 245 1356 49 1781 408 209 838 2173 1282 2280 356 2164 525 239 296 2070 2311 2794 1248 216 192 449 1141 2025 2669 653 2396 1787 1506 625 679 207 61 27 2693 225 383 1435 1140 290 252 1124 113 1021 1037 1505 799 1924 2053 2091 1500 2505 2465 1187 1598 1921 1317 2236 1635 495 805 1756 1274 92 1008 402 2698 1297 1692 1303 390 618 344 1395 1829 1050 1143 2301 1299 2406 2632 1168 1472 455 1662 721 1118 1843 2142 1438 1755 2232 1967 2062 936 2531 241 1475
768 522 903 1830 848 702 1767 1114 931 2667 990 2601 126 2471 2624 2276 502 1908 1340 1845 688 1107 65 284 1821 103 835 297 1235 1310 1720 1323 2388 1512 1608 578 250 1254 1186 1391 1413 1975 684 2314 18 2622 601 2315 2395 1759 1670 2757 2518 1842 1834 1678 1557 315 2224 277 1989 1252 2701 1462 2702 1075 1120 960 2383 1243 2015 767 1165 1073 920 593 1131 482 400 2 373 830 2685 1016 2621 1221 1390 2020 1012 2273 1147 441 1450 431 2197 818 1523 2663 2329 1110
582 759 732 620 2643 1702 546 181 1083 1221 285 6 2171 1797 411 1536 1318 2666 650 636 42 2043 2807 1188 2278 1260 2810 468 2816 820 2627 1603 1541 807 1916 2678 372 2346 1891 1723 922 1365 475 2677 2841 2425 2261 2048 396 2194 1084 2168 2190 661 750 1570 2476 973 1227 669 2216 913 40 1153 1183 1596 2745 1139 2740 2368 1199 637 2518 845 1697 1858 2385 2141 1363 2733 2202 334 939 1914 2233 1572 480 2441 1251 403 2313 1410 2780 693 2498 983 818 1147 2541 1517
1475 726 999 806 2236 2059 484 1273 314 534 2531 1187 1050 2429 331 1967 780 430 1929 464 1706 1635 655 2244 2406 1662 53 1011 390 1875 1124 2053 131 268 1715 467 1648 1037 418 402 1438 471 478 1918 363 1378 1275 936 2061 108 1024 805 653 1465 2765 2301 1787 1655 295 452 2806 2794 2396 1481 1829 1755 628 1262 1303 1831 2505 2465 1395 786 2142 1921 113 1503 207 1730 2698 782 2279 2285 2232 2687 927 2407 1216 1039 799 1789 52 2632 225 1317 1008 2091 2137 1274
1481 52 225 2669 2025 1787 2396 207 2794 1378 346 2821 1022 418 61 192 1662 2467 2690 1692 786 758 1465 1506 131 49 467 239 478 389 2398 363 290 1875 2429 1612 2244 1140 2173 138 2765 780 525 2465 2505 1141 2280 2091 1262 534 840 2531 838 1039 1303 484 2164 628 268 806 108 654 452 1024 455 53 753 241 1274 209 408 1124 356 2285 726 1282 2565 1037 2634 2059 296 1275 113 858 1781 1356 2236 295 1924 1216 1220 1780 89 2806 1918 1475 2070 1843 2693 2687
1710 1489 1701 1417 860 1788 161 769 1895 1870 2650 2482 26 2375 348 2454 2649 1369 2769 925 173 433 2289 179 197 2714 1029 712 550 480 2050 1253 1307 2735 2652 2358 1486 1437 2724 2076 2424 1313 2397 319 518 663 1679 2480 524 1552 2011 1328 1208 904 445 559 2606 489 2840 1627 2646 2544 906 2084 563 606 1468 2344 259 2538 2130 2626 2564 674 622 2753 178 463 168 1422 900 2287 2676 497 1054 1623 645 74 1045 970 2200 1428 2312 978 1658 260 2007 1123 1993 2337
1961 200 618 2017 2812 2316 1021 2698 33 1941 654 449 495 653 2070 216 1248 1302 625 1356 27 679 1435 1974 2062 1500 1505 1843 245 1335 1297 139 131 192 1141 1781 1598 1282 2173 209 1484 1342 2770 525 356 252 2311 1472 408 2773 2197 771 2199 2025 1092 1187 2195 326 113 783 2358 1011 31 111 2164 2053 455 1428 2774 1074 1203 383 1755 1817 1654 1118 670 2381 1461 691 2406 2669 1414 136 351 2483 1389 2400 1140 2293 2179 1967 1225 2280 1897 1820 2312 2402 1273 157
2066 2178 304 1389 2242 1213 2113 545 1115 2546 1087 898 751 1166 1590 2504 2579 1394 1558 1928 714 1207 895 1353 93 1019 2072 614 2409 1300 63 1971 1883 1137 483 2022 374 2759 251 2277 2238 1427 1801 1561 803 2542 1257 215 101 576 581 436 2114 1786 2381 789 1093 1683 617 777 240 2040 2555 328 1357 766 737 1900 853 1785 341 407 1197 2540 2777 165 1130 989 1091 364 1685 1125 2784 1753 2058 2452 1346 2077 540 465 1996 1513 1898 2558 70 182 2478 1277 1727 940
59 1545 4 626 1407 2389 1737 266 826 2411 2477 2528 613 2501 2832 2817 283 2044 312 987 1934 1102 1146 1202 635 1644 556 1624 1656 2270 547 1799 85 1752 2367 611 2082 1319 943 1386 2790 1405 950 2069 188 221 1926 817 51 2011 1045 712 1181 1617 1261 169 1782 1552 904 839 2300 1208 1029 2515 1054 1900 2139 645 1218 2840 947 463 659 1623 1993 2707 1584 1663 2312 1428 2050 2731 2470 2781 2010 2574 2092 2191 932 2692 1411 237 1640 562 2269 215 906 299 1468 2133
472 2340 2738 1540 537 1803 1618 961 46 892 551 2758 1059 1167 1607 1069 154 1044 342 1341 2444 1025 166 1060 2740 1811 1355 273 223 1615 2635 2524 2717 2104 2399 2781 1101 1242 1572 888 160 2094 969 234 1530 2339 1509 1 1421 2834 2614 262 913 687 403 1078 2273 2835 1324 127 2385 2710 1964 1807 991 2431 1524 1828 352 2771 17 1520 226 405 641 147 1815 2648 2063 1295 685 1278 1349 511 1373 2175 2749 2731 2595 2662 2473 741 814 1449 1539 2138 1057 2100 2266 619
1664 797 1575 1758 746 493 2374 859 57 2004 756 2418 1765 1665 1358 366 294 2461 1034 280 689 1279 1724 2327 2229 133 1861 1196 2184 588 1947 1580 976 2330 2838 2174 1792 1930 570 2125 2186 548 1234 422 2541 150 583 1392 228 2456 2672 1276 793 1081 1497 210 1375 421 516 2548 1776 263 801 77 1457 1877 2590 704 1542 2581 2332 2739 720 656 1350 2694 1551 2206 857 885 1859 1191 2659 2039 934 2321 287 1072 1887 1193 2123 1043 2356 1229 880 706 1086 1432 1345 2703
2282 631 1290 1518 1017 921 2596 2796 2064 2093 2140 2049 1301 530 1567 451 1879 1058 607 1237 1909 1604 1981 446 1906 394 2392 662 1613 1119 1978 1554 1370 1105 813 908 2257 2262 243 1396 1384 542 355 660 1742 2357 710 1739 2782 984 54 2344 345 360 1673 1151 1614 1000 2259 2696 1331 1853 1893 2564 271 1676 2035 2724 2676 391 2692 2530 2607 1181 996 2243 2519 1172 2005 2574 2664 338 2205 977 2251 1264 1942 2633 912 1466 1002 259 463 1142 124 337 1092 1564 1695 1455
1096 1948 1416 2272 2815 1362 1897 1496 2556 1051 1965 1586 497 1636 1860 1316 1218 1261 2721 712 194 2713 2082 2270 188 2046 201 992 2628 2358 2352 1422 2312 259 2714 715 904 1848 562 1468 257 635 221 1405 1569 1901 1123 563 1963 2544 2309 943 1428 1046 2241 1414 85 1993 2454 372 1319 2337 305 2204 1307 674 659 1437 2790 2826 2652 2649 2708 1369 1185 1313 611 978 100 26 1617 348 1045 1102 1710 2606 2300 1934 260 2808 2035 559 1172 2076 1878 2832 173 1796 2545 987
196 1625 353 869 776 1963 276 2067 98 2256 2474 1819 1864 781 2081 1042 1744 592 910 585 1661 233 2361 1949 701 640 1643 609 2103 2152 1515 1889 150 1402 957 244 2404 2421 1766 1041 5 2153 1632 232 2457 520 1754 2502 2222 40 1171 84 871 2162 2554 2566 22 1556 2322 1927 894 1802 2462 744 419 492 827 153 1214 2661 1844 543 424 96 2115 2027 2109 859 509 746 2751 375 941 515 1600 163 2278 9 1279 2567 189 1063 2691 1038 2001 629 2803 1880 2726 1616
2843 257 1040 2788 605 1131 2830 610 1379 1966 1243 1020 1731 1110 1309 2151 1311 937 2364 1794 434 1581 1894 2290 2560 1634 365 2746 435 1138 1871 1005 2549 112 544 717 1645 2730 1800 1573 2613 410 1968 1670 1783 1707 811 568 742 1419 1946 1133 648 1079 2609 519 730 94 1424 2331 535 301 1527 2377 288 392 1007 1455 253 1498 1466 821 248 336 749 1068 538 2680 2341 870 416 2697 1850 673 1992 2087 338 593 678 2299 2219 1516 881 2251 2417 2095 709 855 1142 406
653 209 838 2280 139 408 2173 49 245 356 1273 525 1282 1124 2698 2053 2070 799 1635 1140 1037 2025 2794 192 390 654 207 1141 1781 216 1967 296 290 383 1715 27 61 2669 1506 1356 2693 449 455 2164 113 239 2236 2396 1780 1505 1050 1248 1262 1274 2311 1875 1024 1924 200 53 252 2406 1127 1843 1021 1648 131 225 625 1187 495 1598 2316 344 1011 618 2470 580 2017 2232 1787 1168 1475 1299 858 2765 1435 33 679 1612 1216 1662 268 2091 295 2059 326 1317 452 1829
967 1804 757 1533 1728 1231 1719 218 707 792 754 213 1849 2408 91 2354 1867 1269 2390 2024 1529 1722 2296 2235 19 2566 739 1945 424 232 2756 2021 520 1597 426 2143 29 1733 1326 24 2744 5 2014 498 2124 646 2169 375 1149 844 2320 473 466 2464 80 2457 1469 2725 376 1061 1515 1904 388 2430 1889 609 2508 2787 634 558 293 2351 509 1735 1689 2172 2533 997 166 853 591 1766 240 147 1447 163 2738 180 286 603 2006 1837 1801 1865 1637 2005 752 2226 425 339
1617 1422 1993 1045 169 2837 712 1663 1782 1649 1623 2767 2836 947 735 1444 1679 1381 1054 2707 1328 155 2050 440 2130 1261 550 2241 1544 1658 2439 2352 51 1218 179 645 1640 1860 2011 480 445 1369 925 1407 194 2628 2769 2454 860 2649 518 2714 2840 26 992 1029 1840 2631 348 1307 2046 319 1208 1253 260 1870 2133 489 1552 563 904 1051 663 906 1486 2735 1437 900 1428 74 1468 674 2084 2312 2358 1489 2652 2337 2076 556 2606 134 259 2501 2424 1710 2397 659 1046 2538
2502 2152 851 2567 1371 1605 22 2751 1214 1171 84 2841 2109 40 1960 2141 1661 2153 2263 941 785 1232 1632 419 894 2554 2726 592 106 2162 96 2348 1927 1139 1744 629 5 2222 189 1365 2060 20 2457 2612 2401 1515 1750 481 214 815 1217 1032 2705 2831 270 1866 1364 744 856 167 37 454 1363 2571 1064 828 333 2572 1251 1283 1015 2678 300 2404 1199 594 2216 43 2623 1315 1458 1738 844 1198 565 335 2203 1987 957 42 971 1113 2677 2116 2079 244 2591 1659 2313 2386
1778 105 2394 1946 144 11 416 2110 664 1460 369 320 778 1132 1588 1621 883 382 1970 301 908 1419 2452 1876 2809 569 103 173 694 519 1667 988 568 1854 1608 392 997 1323 193 1708 1401 1784 1390 1473 227 648 819 536 2460 1200 1721 2647 2470 711 1904 2711 2507 2585 2331 213 1566 121 1267 1006 671 730 19 1585 1718 1219 2763 164 1125 94 415 1992 1002 680 773 1186 1846 250 424 315 332 578 1720 1403 612 1753 1550 1231 688 921 1359 635 991 2497 2751 1479
352 2094 1530 1078 1242 1814 1421 160 1539 2797 2431 667 1069 867 2403 1607 1122 1341 2648 1619 2385 814 1925 2607 1982 2844 2138 1660 1366 2139 2092 2633 299 1863 2833 1480 428 2758 2811 1816 1735 2524 2371 2269 1589 385 267 2473 557 1291 741 2731 2484 2175 2710 888 273 1549 2576 127 879 641 1238 2266 262 2776 913 2255 1349 317 1618 226 2412 961 969 537 891 1295 1025 2783 2213 264 577 2063 46 1540 2104 2460 1338 892 837 166 1807 2738 551 991 90 2771 1815 2340
1277 2058 2555 1727 40 834 304 851 1749 2178 2066 1960 400 1232 167 614 2197 2677 2022 827 20 2113 2661 2305 1114 592 2162 1371 1389 1213 1336 629 2831 2726 1558 1315 1115 2706 1137 1401 2573 2571 1908 1744 1394 1013 2216 1166 2054 2502 2242 762 1844 1251 2787 1661 2116 1928 309 2522 2079 270 1087 1703 2222 1791 2507 2077 2705 1785 2579 45 1364 1363 1217 1631 1556 506 1186 1904 424 2546 1768 1605 856 997 1019 864 1922 2777 2230 931 861 2072 37 576 103 507 1927 450
1895 433 2289 769 2375 197 2482 161 2650 173 12 1721 70 258 1473 1710 1759 2647 2561 2077 2051 1390 939 1876 1223 2478 860 1701 2809 998 1839 2757 2506 1753 2622 1489 650 2841 1955 2772 403 1666 1125 2265 2507 2777 188 1874 2696 1555 271 443 2252 2736 2435 1674 1932 2666 1035 997 2810 2510 725 1842 1314 18 1130 9 1433 1557 2728 1340 103 2171 315 1228 608 2022 1763 1027 2558 1401 2257 1417 2057 1976 1584 447 1173 110 53 1906 2291 1439 274 2816 1904 2779 611 1186
1870 26 2649 1369 348 2454 925 2769 663 2538 480 2714 518 550 179 1710 2050 1417 1788 1489 161 712 874 2513 1701 2130 977 212 1901 1422 2358 1347 769 860 689 1247 1453 178 493 2344 2626 549 2652 622 2204 259 2564 2076 2646 2287 2724 623 2123 524 2148 2397 283 548 1146 1151 2800 563 1948 606 2753 1860 322 280 2312 784 2424 305 884 57 970 1412 2544 911 2035 1172 1848 1859 260 133 2007 2606 659 1319 826 1313 1895 2307 604 2337 2480 58 111 1307 2474 2011
1672 2437 44 1990 1836 2249 16 1178 761 2317 2700 47 1469 676 1224 2180 1483 376 683 1447 1116 2523 1713 1714 1838 34 1183 1449 1057 291 2422 465 2190 834 60 1749 2129 1304 132 95 1103 1914 1176 983 596 2555 1727 2058 2547 88 1277 695 1743 2202 1476 832 339 824 1631 2745 2695 490 441 1856 1999 2785 1790 2441 269 2111 2235 1523 1346 576 1073 2296 1747 2560 889 577 1044 2827 1773 2431 1693 845 1069 717 1968 1462 792 1795 2758 2054 126 2738 2686 2261 2226 2094
2700 1990 1178 47 2180 1116 1224 1714 683 1713 2523 1838 2437 1836 34 1672 676 2422 44 2249 16 465 761 2317 1469 1483 376 132 1447 2190 2745 1449 1176 2202 596 983 88 695 60 2129 1057 2547 95 1476 1856 2111 1743 1914 291 1183 824 2441 1693 2827 2656 2016 1631 2785 832 2149 576 1304 1103 1561 310 1999 889 1727 1346 2555 2235 2327 1749 490 1747 834 2694 792 339 2226 2206 1242 2672 2758 1535 880 577 537 1594 1044 1773 2175 1069 158 2058 2648 2127 1795 1195 511
1041 1038 2421 1949 640 1754 2210 13 1272 1910 2520 955 2671 865 698 839 1521 2798 1049 56 2578 370 2415 323 2568 729 2032 932 1337 427 353 377 2629 332 776 571 2083 1189 2047 2428 569 901 2217 1477 743 196 1793 988 1429 340 2539 2640 193 123 2423 424 1329 629 2570 1846 1065 986 2221 2150 828 232 166 1266 2474 2738 98 2808 582 2839 707 1616 520 1802 1660 2077 2115 244 237 2175 1374 1231 1889 1530 1480 536 40 5 2460 769 2489 481 160 2090 869 70
653 239 2794 654 2173 1282 139 838 1781 356 296 1356 2280 2164 1787 209 408 2396 192 245 1248 525 49 61 1303 799 449 2698 207 1187 27 2236 131 2669 1875 2091 2311 290 2693 2070 1021 216 1011 314 2025 1475 625 268 1967 2017 1050 1755 805 1829 113 679 1141 252 1435 2632 1274 1037 1635 2199 1297 495 1924 1961 1140 2402 1124 2406 33 1921 1299 484 1168 1505 2228 383 1847 2053 2279 390 782 1506 2061 1543 1228 721 618 1472 159 1118 141 1972 2137 105 2285 464
67 1075 1810 627 202 2509 2583 1406 1012 249 2350 1001 2121 12 2809 1944 1609 404 2507 997 2224 1055 1904 2748 775 1894 1869 2630 338 10 1517 960 1670 1689 2733 520 2728 2615 357 1265 730 2684 1805 1325 2533 2621 1169 843 648 1594 2780 1149 2368 2435 1707 2586 538 2320 818 1138 2297 462 1731 1448 876 2211 1466 24 1252 895 1084 751 777 1410 2622 2077 2478 1928 2772 2447 2015 2106 2637 1454 725 253 1611 1166 1165 1842 1334 1992 165 1473 1832 1382 1372 2777 86 1959
1575 1758 493 57 797 2330 2327 1034 280 2461 2418 1665 2004 294 2229 746 1792 689 2374 1930 1947 756 1861 1580 1664 2456 570 859 2125 1375 2186 2174 1234 366 2838 1392 1724 133 1358 421 2541 1276 2184 793 1765 1196 2548 210 976 934 588 150 704 77 1279 2694 1292 228 548 516 2581 1859 422 2672 857 583 1081 1776 2206 1072 1350 1086 1497 801 2590 720 880 1457 2039 1193 2123 2332 1043 38 263 115 1877 287 1887 2155 2739 1551 885 158 242 1542 656 1432 2659 1377
2252 1583 1651 1977 1179 2328 2491 998 2682 1578 916 1791 887 2065 1470 9 1531 1579 118 2792 748 2778 1063 1769 930 2042 227 567 2310 517 841 2723 952 1854 919 982 382 1970 1667 2575 819 2711 778 928 2225 1354 2357 1211 1585 114 1851 2097 1657 2729 763 808 369 1906 639 2379 1770 1058 2349 1271 2647 528 2392 1528 579 1460 875 151 7 1691 2754 2140 2658 945 2532 311 1301 1210 1194 1978 397 575 1169 277 25 2604 1748 2176 279 767 373 2550 1459 1518 671 2020
1141 1506 2070 1356 1781 216 654 2669 1140 49 2311 2164 27 455 113 2025 2794 625 1612 225 192 525 1787 1692 207 1924 239 1262 1248 1481 679 1274 858 52 2396 61 2821 252 2465 2505 346 2690 344 1216 2467 1022 1378 2280 2173 1662 408 383 1282 2765 209 138 838 363 1124 1780 478 1024 1127 139 418 2398 628 245 758 1037 936 1598 356 786 1918 290 2091 1505 296 2232 1435 782 2053 2429 753 1438 1465 389 449 1048 471 1220 108 2632 1299 2687 1168 1303 534 2531
2034 2545 1796 1569 715 100 305 64 2721 562 48 1453 51 1640 439 2433 2309 2376 2713 1490 1489 1417 860 1901 550 2714 1369 1218 2352 712 480 1261 2650 563 2826 1679 659 1663 1422 2439 925 1782 1658 947 169 2707 1584 1045 1051 2769 1623 1948 260 26 179 1328 1437 2358 2050 231 1993 1617 2837 1444 2454 943 85 2424 1544 2790 1381 1428 201 1878 556 2007 518 2649 1253 2023 1102 1701 1848 259 2337 2724 2652 649 74 1870 2836 1307 2515 1099 1788 2753 1552 1837 663 155
1801 2277 1394 529 395 2644 1230 2323 572 1798 545 962 853 304 2066 2113 2178 1213 2504 1353 1300 240 1951 1306 2000 2579 485 483 1883 803 374 2759 1115 1175 646 789 2546 2540 614 1137 2022 1427 1451 101 1389 1683 2054 2784 1839 581 1971 251 1786 1087 2510 2478 1035 2040 2381 1900 2077 1207 2787 364 2238 63 215 2777 2561 431 436 70 93 1753 989 1559 898 1125 1361 2772 2114 589 2242 1166 328 1590 1334 341 895 1257 2818 1357 766 1180 737 1106 2072 951 39 1928
247 2585 1359 723 450 539 1772 303 1121 764 2008 719 2284 2146 2018 2551 153 1289 1403 2485 2453 2582 1997 1204 862 914 1493 2718 1351 1751 190 206 1534 35 2209 343 812 1577 1633 2824 1157 2603 615 1915 1595 2604 462 2254 457 107 1963 1507 2734 2233 2550 2067 1734 2555 212 2733 1517 1136 1177 736 1128 2586 1245 1028 1690 2019 1104 1611 2414 794 575 2434 2684 55 1626 1805 873 357 1669 32 2058 728 776 1169 2360 233 2536 2176 871 1176 2165 2192 1277 648 869 2641
536 571 1065 2090 2415 332 427 1793 2217 121 1268 569 56 340 2333 1272 2568 640 901 13 1754 988 743 886 2423 193 2210 1033 2520 417 2743 370 377 1890 2029 729 2421 2671 555 1418 1888 2032 1038 202 289 2108 1910 1256 2482 828 1132 2798 1393 2786 2083 979 2047 1189 1249 199 698 2509 680 1562 597 1041 416 2808 1266 2227 1686 166 1356 2738 757 1952 1329 1429 2629 2578 21 2668 1879 1275 216 2017 629 176 681 1810 432 164 2539 2077 1924 2287 2626 1588 2640 955
1791 2065 2778 1583 9 998 1579 118 1179 930 952 1470 919 2252 2792 2328 887 2491 1977 1769 1531 567 1651 1578 2682 748 1354 916 841 928 2729 1657 1667 1970 819 227 2647 2575 1854 517 2711 1063 382 1585 778 2310 639 1920 2042 114 808 2723 945 1851 982 1770 2550 1507 990 1147 297 1211 393 2604 767 107 2754 1114 845 462 848 103 85 903 102 1254 920 1420 2471 2136 1830 1691 1169 732 1072 1690 1244 181 987 2234 1908 2395 32 2372 2254 1536 2214 373 1235 2658
1453 1490 2433 1796 2545 100 715 2034 2376 2721 1569 48 2309 2713 562 64 305 439 1901 231 2650 201 343 51 2305 2229 2842 206 1277 1228 2603 1749 2826 1640 1785 1743 20 153 1547 204 2272 2189 659 2391 1727 2700 2435 1836 116 2511 2258 859 2808 2841 2567 899 1363 2346 1916 1672 810 2068 879 2135 71 1514 725 1841 888 299 1542 834 2094 132 1899 2555 2030 2708 2256 1860 1224 1452 1631 2058 924 695 1178 182 1103 796 1625 247 1191 2426 978 167 563 2022 787 38
472 2738 2340 1540 1618 46 1803 892 537 961 551 2758 1167 1059 1811 2444 166 1069 342 154 2740 1355 1607 2717 2524 223 273 1341 2104 2273 1242 1025 969 2781 1044 1615 1060 888 1524 160 1324 1509 1421 2614 2710 2635 2385 2094 2175 262 2835 1530 1101 1964 1 2771 2834 741 1572 147 2339 127 405 1295 234 2776 1373 2013 1078 641 1807 1824 2749 2473 1539 2215 203 668 1828 891 2731 685 913 307 2189 991 2595 1520 226 1629 428 1057 2648 511 352 2797 2213 2431 2399 1449
2512 1911 2355 897 850 2218 1933 222 2071 2362 1790 1436 1504 1638 2156 2318 2096 1200 2691 836 1621 1806 1387 755 2446 2645 1321 935 1098 2642 1479 1682 2450 1736 599 2750 1044 320 2201 2420 2342 1449 2432 1634 376 908 1447 666 2537 717 1483 2317 1469 1672 1305 2514 2823 16 2226 1132 2560 1573 2261 1588 1880 680 1709 1424 1419 1421 2168 1425 988 2100 1966 2194 761 1530 2709 353 44 2151 2249 1131 1052 144 2548 1040 1778 661 846 1133 2749 2788 2695 1078 1309 1227 38 160
376 1483 1469 1447 16 44 2317 761 291 2249 1836 1183 2437 1672 1990 1449 1178 2700 1749 832 1346 1057 2129 1727 1103 2555 676 490 834 2058 1999 1631 60 1535 1224 1304 1116 47 1277 1713 1004 2737 1914 940 683 1714 2547 1838 1856 2441 2112 1176 2785 95 1867 2523 824 2190 88 1298 707 132 2497 577 1476 576 1434 1019 596 1685 2202 949 756 2180 2374 2422 1482 339 954 1849 2738 166 149 1722 198 34 75 2827 1269 783 2111 2408 603 2354 2305 2566 2197 2745 792 2094
2252 1583 2357 1651 1906 1179 998 2328 1977 1578 9 2491 1791 1579 952 2682 887 841 919 1470 118 1769 2778 2065 1531 748 2792 517 567 930 2647 394 916 945 1920 819 1354 227 1667 1879 639 1063 1970 2392 575 2310 1585 2723 1770 2042 2093 2575 2711 2550 2660 2754 928 1691 778 1058 2097 579 1626 2349 1507 1734 2166 736 813 457 2368 769 107 2234 1211 2604 382 1690 1120 1028 1978 373 2733 2360 1748 279 1169 2254 2257 2159 98 2658 114 2019 2450 902 1310 462 2752 1162
2185 1694 143 2584 1411 1440 1129 386 718 1684 2529 2298 2517 2616 958 1445 2271 787 1630 1514 30 1360 638 810 2619 1446 1939 795 1294 71 697 2481 665 2246 1270 741 752 641 1814 1258 2363 1112 991 2468 2731 2385 2139 1295 1807 1863 1122 2771 888 203 1373 2844 2524 1982 1735 1549 1925 1629 299 583 2075 2833 267 1824 2273 557 2269 46 2797 1291 1539 2092 577 127 2094 1619 1497 2710 1238 273 1081 2213 667 1242 2222 262 1196 2484 2801 2412 588 2703 1297 2104 1530 1855
2183 1439 2051 574 598 2057 2291 2499 368 1223 2683 444 2639 1725 939 1555 1433 2704 647 1874 2526 2220 1931 2445 482 494 974 146 526 994 531 1088 274 864 608 1408 508 2440 271 2435 1942 2089 2427 2308 521 2625 1892 2037 637 217 2712 1899 1677 2617 255 1771 1998 619 1330 677 1868 140 2657 657 1452 2708 948 2393 2813 682 2580 2569 1937 329 2248 1592 804 491 686 2438 1777 2719 2436 2598 447 1185 2286 1217 2766 1639 81 2370 2382 1473 1876 1464 790 2825 1721 1344
2710 127 1295 2175 1373 1807 262 991 2771 2385 888 641 1509 1539 2468 267 2473 1238 1291 1814 2731 891 2844 741 1863 2797 687 1524 1059 1122 1589 795 2662 1242 1735 342 90 2403 472 273 2094 2189 2776 1355 969 537 1530 1982 428 2139 1619 2709 2740 2339 299 1078 160 667 352 2541 2833 1607 1069 1862 1421 2269 2820 1925 2524 879 2092 551 1341 1167 2758 143 1540 1514 557 2226 2412 1440 1618 226 2648 154 2529 1411 814 2371 2738 2576 2460 46 2431 1811 846 1324 2063 511
2811 867 2255 2648 385 2431 1480 2094 1530 1366 1660 317 1078 1816 2607 2138 2633 814 160 1421 667 2412 1338 2403 1925 1863 1619 2266 1814 352 2455 1982 1159 1341 961 1735 264 879 2484 600 2833 685 1607 2139 1242 837 1069 2371 226 557 2092 299 403 1009 1122 2758 2269 2338 1815 2385 573 2460 1549 166 428 1539 2614 1349 2063 2473 2783 2797 2486 1828 1622 17 2213 1994 2738 2100 537 2776 642 1618 641 2835 1060 90 1698 1589 846 414 2576 2820 2844 741 1 2524 888 2731
751 2242 1389 2066 1019 1087 545 2178 898 1115 2546 1213 304 2113 1590 614 63 1166 1558 1207 895 93 1928 2542 1394 540 1561 714 2579 2072 2022 2409 1353 1137 2114 2504 1971 1685 374 182 581 2759 1357 1300 1883 617 12 803 777 576 251 1334 1257 483 2277 725 1197 1940 1130 739 1801 1091 1825 2495 2288 165 1689 954 215 1786 1986 101 407 1434 1631 1333 2555 1093 1683 230 2238 419 39 1427 1818 737 1798 149 2558 2281 2554 1996 1760 436 634 940 2381 2073 2040 1632
1758 1575 493 57 2418 797 280 2461 1665 1034 2004 689 746 294 2374 1664 1861 1580 2229 859 756 2174 2330 1930 570 366 1358 2327 2838 1792 2125 1234 133 1947 1765 1392 1196 2186 1276 976 1724 2184 1279 2456 793 2541 210 588 1375 421 150 548 422 228 516 2672 1859 77 704 2548 934 1776 583 1350 1457 801 263 2694 857 720 1072 2039 1081 1877 885 2123 2590 2332 1551 1292 1043 2739 2581 1542 1191 2321 1887 656 287 2659 1497 2206 1229 1086 2356 1432 880 1193 706 1345
2502 2152 2567 851 1371 2751 22 1171 1214 2141 1605 2109 1960 592 2263 1632 2153 106 894 40 1927 1661 419 84 2554 96 744 1744 1032 2572 957 189 1199 2404 2162 2060 1232 2457 2726 2222 509 1766 609 2841 1889 1139 1515 941 1616 629 844 2348 2706 214 2278 565 167 244 1696 2464 1064 2351 5 1556 2128 2203 2678 20 2623 2305 2725 2521 1280 510 23 2115 690 2784 785 454 163 1596 388 481 300 2562 42 815 520 2608 2760 1602 236 2056 1987 1061 2522 473 2507 2182
2792 1579 9 998 1791 1583 2778 919 1470 2065 952 118 567 748 887 1531 1179 1769 2328 2491 841 2252 1977 2682 1578 2647 1354 1651 930 1970 1920 639 945 1770 517 916 1063 928 819 1667 2711 1657 114 382 2575 227 1854 778 1585 2723 2729 2042 1851 2310 808 990 975 1908 502 1739 98 776 1734 1819 103 2334 2360 2843 2379 102 369 2471 1279 403 2234 1028 1625 873 345 1211 736 1690 2192 903 2097 902 357 650 1235 284 688 1287 2297 1025 197 1830 297 26 2254 769
1394 545 853 1801 2022 2277 63 954 304 1019 2178 2066 1087 395 1300 1213 2113 2072 1363 1389 783 2579 1230 2555 1685 1333 2540 2504 1115 895 2546 1798 2216 1353 2242 1590 724 93 1137 529 2644 614 483 1631 924 1451 1207 1427 2323 2317 898 576 1928 572 1727 1703 834 2542 1971 1346 789 2737 1288 2197 1749 1683 60 714 1166 474 2452 2409 1093 1106 940 1298 2466 581 374 617 1277 1558 907 2058 1361 803 1785 2591 1786 182 1883 1951 2129 149 485 1561 1618 2787 1103 646
1363 785 2216 1288 1703 869 1214 2401 63 22 2612 894 2567 1171 419 1019 2153 333 2502 2554 2022 2841 189 2141 1032 2751 96 1365 42 620 1632 2152 2353 1605 1927 732 106 84 1797 2060 2666 1251 1217 2037 181 1333 1394 2625 182 2562 1677 1727 1353 2555 2760 576 2222 856 2425 2831 2705 2109 1883 941 1661 1336 1318 1625 650 1504 1596 171 2058 454 2313 214 815 1749 2278 1364 762 1880 1771 2807 2030 2079 271 2720 38 1536 1785 411 387 636 2162 1425 1343 2048 2498 2197
1636 1840 2046 1316 992 2628 1965 497 2241 1586 2439 1544 1658 1496 2556 2352 1381 1897 1218 194 712 1051 1362 1261 1045 1948 1416 1096 1848 970 1428 1782 1046 675 524 2815 2084 1437 978 2714 2574 2272 2724 2337 2424 900 1158 1878 1679 1146 2007 1486 489 1468 659 1148 674 1054 1489 947 2200 1123 559 2515 2753 1624 860 606 2836 2606 2652 518 1623 1710 977 1860 2732 2676 1172 231 1307 2840 2344 904 1663 622 1151 445 2166 2544 784 1839 74 173 906 1552 2155 2358 2312 2148
1541 820 2171 650 1603 2043 2666 750 2810 334 2816 1916 2346 1723 6 1221 285 546 1891 475 372 582 2643 759 807 1697 2387 922 1702 411 1084 1260 620 732 1083 1570 468 669 1797 1188 829 2190 298 1536 2677 629 683 1116 931 1594 956 181 2194 1713 1122 983 661 848 1114 1714 2202 13 95 1059 636 818 1224 428 112 2651 1318 2 1251 949 2180 310 973 1830 2804 404 551 621 1838 1169 2514 1858 342 1693 832 1195 1153 98 2211 693 2261 126 2167 2368 45 378
1752 1624 950 2367 2069 1799 2389 1202 1644 312 2044 1545 2411 2832 2501 1407 59 556 987 4 1146 635 613 1102 1386 2528 626 2631 85 547 1934 1636 1319 518 1926 2300 826 2082 817 283 2487 735 2148 611 1965 2817 2477 1405 440 1737 943 485 904 1306 2270 932 977 1335 552 1156 1316 486 1873 1362 266 724 2133 1175 31 155 2312 1951 1656 1881 2272 1414 1046 2787 326 1897 2790 200 2011 1230 1468 2610 877 938 2732 945 1735 2200 2130 795 1181 1851 1920 970 1711 1451
620 732 181 1318 1797 1083 2807 2278 1702 1536 636 42 1596 2141 2562 1280 2498 2643 2048 2442 759 387 1365 2720 2678 1251 1019 540 1525 1880 133 2608 644 2476 2374 1064 2263 2522 2760 2056 2425 582 2182 1364 2612 2688 689 2401 63 2448 43 2188 236 45 2627 752 894 2623 762 2441 1856 419 106 183 1979 2831 2554 785 2386 570 2168 2116 171 1665 2111 189 1802 2761 2827 229 40 1004 1914 1947 1093 1632 1768 2153 1927 182 949 1726 2004 1960 481 1108 1260 2022 1032 270
2301 2407 1008 471 402 1438 108 1918 936 1929 655 1568 344 363 2505 2465 2232 628 484 1037 478 1216 1662 927 1472 1789 2429 467 2059 2687 331 295 1395 1831 534 806 1475 1275 1378 1124 1730 1648 2531 2244 1048 753 1655 822 999 780 786 1140 1011 2406 1187 1715 726 2137 113 1220 1813 1039 2142 653 1921 456 2061 2806 1706 430 464 1143 1756 504 1317 418 805 389 2765 2053 1923 390 1465 2715 2236 268 1635 324 1022 2398 1967 840 1050 1281 2632 758 799 580 1273 858
1115 2546 1389 2113 2066 2178 304 1213 2579 545 2504 2759 374 1300 803 1353 483 251 1951 1137 101 646 1971 1683 1306 1427 1883 2381 614 1394 240 485 1175 2409 2054 572 93 341 898 2277 1230 895 364 2540 2242 1801 215 2114 2238 1798 589 2787 1590 2040 1900 1166 1786 751 714 1087 1207 328 1257 737 789 436 727 2644 989 962 581 2077 2478 2072 293 2784 407 658 1898 1125 766 2777 1558 395 1928 1357 790 1130 2772 853 2561 1361 1753 1106 2535 1451 1186 1180 576 1559
834 2058 1727 2555 1277 1749 1300 483 1394 2197 1883 1801 1353 1304 1103 1631 2277 576 240 2317 2452 2579 2249 1019 395 1087 60 1363 824 783 1288 2784 1483 1115 545 2504 63 333 761 1703 304 2216 2178 2547 1672 581 596 1683 529 2437 1451 1904 2546 1230 2022 2113 376 1106 1178 1990 2644 1999 251 2114 1561 1971 1677 1685 95 2066 1427 1559 954 1798 676 1217 962 339 2507 1389 2054 2666 722 374 465 614 940 650 1771 2381 65 2737 967 924 2759 70 856 1892 922 1646
1663 2767 947 169 1993 2837 1649 1444 1422 1679 1623 1782 2836 1328 1617 2707 1054 1045 1381 712 1261 2352 735 2439 51 1658 1544 645 2050 440 2241 155 550 2011 2130 1218 445 179 1640 2840 1407 860 194 1860 1029 2714 1369 925 1552 2628 904 260 1489 26 463 900 1468 2649 659 992 2454 563 480 2424 2133 2084 1870 1307 562 674 1208 2046 1253 1486 2769 489 1710 1437 1416 134 259 1428 2826 348 2088 2358 2574 2735 1102 197 1051 2721 2545 2790 1584 2724 2287 2515 1848 1701
1672 2437 44 1990 1836 2249 16 761 1178 2317 2700 47 1469 2180 1224 1483 676 376 1116 1447 683 2523 1713 1714 1838 34 1183 1449 291 1057 2422 2190 60 2129 95 983 1914 596 834 465 1176 2202 132 2058 490 1693 1304 2547 1749 1476 1727 1103 2745 1277 2441 2555 1346 832 695 1743 88 339 2695 441 1856 824 2785 1631 2827 577 2656 2111 603 1523 845 576 2431 1482 1790 269 112 1044 222 2080 1933 1999 2261 888 2383 717 2149 830 2560 1073 1968 126 889 1450 1966 2694
1625 353 196 776 2067 98 869 1963 585 2474 276 1643 1819 781 2256 1279 1864 2462 2334 233 910 381 1402 150 1600 2081 1042 543 2103 1504 2264 809 2186 871 9 640 749 2290 1110 2012 2647 945 2027 1579 2299 2746 2730 2361 1966 819 1020 841 1243 69 1005 1667 807 639 1770 2071 1142 673 1379 1436 112 887 1311 2697 701 2243 1581 2251 1791 2005 2582 862 748 593 1200 2048 2740 422 2106 2417 2761 582 2541 855 2525 2125 2560 1219 1084 1968 1359 2151 539 845 1016 584
2362 2512 850 222 1933 2071 1806 755 1736 1790 2355 2450 2342 2218 1638 897 836 1504 2156 1098 1321 935 1436 2096 1911 2645 2432 2201 2750 1709 477 1305 1052 2691 461 1976 1599 2074 1023 380 981 2747 612 396 437 335 2055 1324 2013 2627 141 164 1047 2577 1233 2591 156 2230 2571 1186 1458 1302 325 518 2761 453 401 2446 2098 2620 2642 1814 1703 300 931 1973 1144 1628 2644 1387 762 480 281 395 1114 2027 2386 1369 550 179 2561 1532 2318 2722 2132 796 1194 2103 1042 409
1159 2455 1009 1815 403 837 264 2138 2484 2811 2063 2255 1338 2481 317 665 2412 600 1925 226 573 2266 1816 1294 1982 2648 1939 2820 1446 667 352 961 1994 1622 1480 2100 2833 17 2338 2486 2213 299 1698 1060 1366 557 1258 90 2139 879 1530 385 1619 195 414 1421 1270 2094 1660 1409 349 642 2607 1549 846 1630 2253 1863 1828 1112 867 1349 2223 2835 2246 913 2834 685 223 1078 1735 2616 2576 2092 2460 2431 1571 2372 1 2403 1607 2371 1341 234 1572 1122 2635 160 2633 2399
2113 1213 2178 304 2066 2546 545 1389 1115 589 727 1951 485 658 1306 1175 2504 1394 2022 1353 1798 572 962 1361 2579 1230 1137 1883 714 483 240 1971 1300 898 2409 2054 101 614 63 853 1333 2277 251 2540 2759 364 1801 2072 1427 374 1166 1881 1019 2242 1027 646 2644 2784 803 1451 1558 2400 2841 1683 1207 1087 2561 650 93 436 1125 1106 2589 1928 895 1397 1228 2810 1916 215 110 1900 475 1590 751 2346 2478 2077 2768 790 1161 1257 2777 1666 1150 1605 420 1513 1786 705
247 1359 2585 723 153 450 303 1772 539 1403 1121 2453 2582 1204 2718 719 2485 764 1751 206 862 2008 2146 2018 343 2284 1289 2551 1997 1534 2603 1351 914 1633 35 190 2824 1577 615 1493 1157 1507 2604 2550 1970 2209 107 812 2734 2555 233 2711 1595 1963 2233 778 2058 1785 1277 1177 1727 2414 1104 2434 1957 648 2214 873 2254 1821 776 382 1915 103 834 2777 384 462 1841 232 63 294 1879 1669 831 1791 1066 520 272 2641 2258 369 1854 412 1170 2566 781 40 871 2022
2171 650 2666 2043 1221 285 546 2816 2810 1541 582 6 820 2643 411 1603 1916 759 2346 1891 1723 732 620 1702 922 1188 475 181 1083 372 807 2841 750 2261 1084 1260 334 2194 2190 1797 42 468 1536 1139 636 214 983 661 1697 1363 1953 1693 2745 1397 2202 2677 2216 60 1318 2526 1476 724 1931 1605 2022 1153 2678 637 1570 1914 2048 2016 1410 2807 2179 2387 1365 132 317 420 2441 2425 2278 1722 1795 2348 1227 594 1205 1269 1265 1343 2385 2521 270 1591 520 1980 1333 84
430 655 2406 331 1187 1472 2061 1648 1972 1647 2402 1921 721 1715 1395 999 1317 1475 1967 1635 390 805 1756 402 1050 471 1438 2236 726 1755 314 2059 1037 936 1918 2301 1929 1008 1216 806 1143 484 1011 108 113 2465 2505 799 2407 2053 1706 464 1118 1822 478 1273 1568 159 2232 344 580 653 1124 534 628 1140 363 296 1293 1275 2531 1875 467 1303 326 1924 2429 2715 1730 1097 753 1297 2279 295 1662 1378 780 456 2244 504 92 2398 131 927 1022 31 268 2062 1281 261
574 2057 2183 2291 1223 2639 2683 1439 647 1874 146 494 2051 598 2220 2435 939 482 2526 2704 1433 1931 2445 368 1555 1725 2499 974 444 1899 677 637 2427 1868 657 140 521 2089 217 2308 271 1408 2440 2712 682 2708 2436 526 531 1942 2813 1452 608 2598 274 1088 1592 2393 491 2438 2248 2569 1937 2617 2657 329 948 619 864 2037 994 804 255 2625 508 1771 686 1677 1892 2580 1330 1777 1639 2382 2286 1185 1998 1464 1076 1876 1217 2719 1721 1473 81 506 565 2803 2825 2557
1266 1065 802 2333 2640 2078 429 432 1492 866 2808 1952 36 1053 729 733 142 1431 1499 878 500 1268 1699 2117 555 571 2029 1236 1256 1886 597 1418 1393 2798 417 1337 964 1430 1399 2038 886 2335 2108 2217 427 2668 199 2839 2227 1329 2539 56 868 2083 361 743 979 2415 1429 2786 62 1562 1398 1070 1890 2384 2120 1686 21 323 1793 2267 358 1910 289 2031 2224 2629 2428 2221 2423 2795 332 1888 2743 554 681 1553 2570 78 2451 1764 340 2568 893 2380 302 1795 292 1033
1588 1132 988 680 193 569 121 1249 2090 536 332 1553 1431 2333 1430 1236 1886 36 1499 2117 1699 866 733 2380 2078 1728 2024 1597 2267 500 426 24 1256 2143 359 1492 2430 135 1228 2320 634 658 1513 340 1847 2054 2406 29 727 1306 627 1773 2656 2533 646 1268 1869 2793 571 293 12 558 2787 1795 1793 901 175 764 414 1609 1161 1576 1719 1533 1175 485 1648 1213 2296 962 2224 2324 1361 2002 589 1951 7 213 1997 1685 1383 2121 1743 91 1716 2172 2451 1266 2016 1001
67 1075 1810 627 202 2583 2509 1406 1012 249 2350 1001 2121 12 2809 2224 404 1609 997 2507 1944 1904 2748 1055 1689 2630 520 1265 10 1869 2615 775 2533 1894 960 2320 1448 357 1169 1149 2733 1670 1517 2297 1707 1805 24 2621 2728 2586 1832 1372 876 1594 2211 338 1138 1166 2684 538 2780 184 843 2347 1473 1252 1945 1334 2435 1928 2542 2015 2478 424 2637 2756 86 2772 1820 1611 1084 1516 2077 2623 1842 739 2368 2413 2622 2777 648 751 187 135 2295 2753 818 742 499 1410
325 8 1671 1474 745 2535 2449 1006 2167 1082 335 2230 1090 2079 2591 586 1308 1380 1907 443 309 1217 2571 1013 1336 856 1315 2706 1458 2160 37 300 1763 762 205 333 1703 459 1537 861 1726 1641 2514 1288 1750 2216 946 1425 905 2268 1286 2410 1144 2245 1263 2705 2401 2197 2620 621 2831 907 1363 624 2386 2086 171 2612 474 45 690 488 1352 2463 1844 1267 688 1186 1219 1697 2503 506 1732 2678 117 1251 1232 2608 1487 2573 1749 236 1423 1364 92 922 1918 949 728 1570
1483 376 1447 1469 16 44 2317 291 761 2249 1836 1183 2437 1672 1990 1346 1178 1449 2129 490 832 2700 2555 1727 834 2785 1914 1535 676 2058 1749 1057 47 1277 1116 1224 60 1631 683 2422 1713 1304 2441 339 1482 1561 1523 1103 1176 577 1714 1476 2523 2695 34 792 576 2374 2180 2190 1620 2547 95 1838 603 1856 1073 2202 2080 441 57 2737 88 1999 756 2461 824 1758 2383 2672 112 1087 1462 2758 1283 1034 2340 1196 1069 1044 1019 132 2197 1251 596 2275 1867 863 2446 689
2090 536 121 569 193 988 1249 332 680 2333 1132 1588 2117 1431 36 1268 1329 2108 1793 1553 2083 733 2839 427 901 1272 1699 142 866 990 571 1314 1808 2647 1754 1908 429 70 1499 555 703 2011 85 400 2274 639 1955 15 1835 2668 1703 2561 2654 1430 2601 860 2265 2077 987 1072 508 118 1065 2471 802 2671 335 567 729 1739 2478 274 1186 1888 1890 864 442 2795 2335 13 416 2653 2230 1586 1125 1412 1386 2267 2247 1340 1764 994 2777 72 904 2029 502 865 1839 1825
427 2217 1553 1699 1793 2267 2415 2380 1430 1886 901 1236 1256 571 2568 743 536 332 340 2078 2423 121 2333 569 500 2117 193 1499 1065 733 1053 866 432 1431 640 1272 988 36 2090 13 1492 2520 56 2671 2210 1429 2539 2047 2629 878 1588 680 1249 2798 1132 2428 377 2221 323 979 142 802 1754 2227 429 2421 1038 361 1041 289 1888 886 554 1562 2668 868 199 2108 2786 1070 1197 1890 62 302 2578 816 893 1686 1329 21 923 2120 2031 1418 417 2839 2032 2755 1398 2
1628 453 2163 99 1510 401 461 73 595 1023 208 399 2587 2055 141 2655 177 2829 2122 1717 2469 2679 823 1163 1903 2126 1599 981 731 1160 1085 2074 816 437 2098 1976 380 477 760 1233 2747 1047 612 460 1872 72 1145 172 2636 2722 2009 164 2577 2274 156 2355 2775 1436 694 1808 1415 850 1241 2218 144 174 222 1784 1155 2446 1100 1089 1688 1404 515 2750 1911 897 2362 666 1504 2432 2642 2361 1305 2537 2691 1035 2282 935 479 1801 2561 836 1839 2201 395 581 703 2645
325 745 1671 8 1474 2197 2449 2535 1380 2167 1006 2706 1082 586 37 443 1090 1308 1763 45 2591 1537 621 1013 459 905 1425 2571 2230 2514 1315 1364 1750 856 1336 1251 2079 1458 2522 2476 2056 1605 2705 1703 1286 2425 171 2608 946 1217 971 2831 1726 335 2058 2160 2216 688 236 309 2678 300 1641 1064 1267 1108 1749 1797 2386 1263 1907 931 1363 762 506 1232 42 690 1371 1288 1283 973 834 2572 1727 2410 2182 2268 2492 270 774 2245 1114 2401 216 1844 1255 2005 1659 2612
239 2794 2173 2280 2164 1282 49 2091 654 653 838 1787 2396 1781 139 209 408 525 296 356 192 1875 2669 131 61 290 245 2025 1011 2311 207 449 2236 268 1475 252 1356 1248 1967 2531 27 1187 314 2693 484 1274 1635 225 1050 113 390 2285 1141 799 726 1024 1037 1127 625 2406 1303 2053 1273 1140 1506 679 999 1124 2698 216 452 2137 430 2059 806 2070 1829 1299 1168 1924 805 464 1648 1780 495 1847 1715 1216 2632 1021 1435 1503 2279 53 383 467 331 455 1228 1262
1723 1891 2666 475 650 2816 6 1916 2810 2346 1221 285 1603 2043 546 820 1605 1570 2841 2171 2152 2643 582 2502 2677 1397 420 759 411 594 2768 851 922 372 1139 148 973 1738 1232 2179 1502 468 1541 40 1953 1371 2348 1488 214 2494 924 980 750 117 1188 510 2203 1922 1602 629 2521 1184 1198 1015 298 953 2030 1333 2022 182 1960 2118 1884 1591 2567 1702 1394 37 334 2573 732 1456 1659 84 396 2313 1987 954 42 1866 1471 2162 20 167 815 2261 1285 807 1080 1536
100 48 1569 2721 715 64 1796 2545 2034 562 439 305 1453 2713 1490 2433 2376 2309 1640 201 1901 51 497 1586 1948 563 2826 1860 1307 231 659 1496 1316 2650 1051 1218 2649 1878 1486 1123 2046 168 1369 978 2652 1658 992 26 2007 1417 2358 2556 559 674 906 712 1965 1428 260 1319 1552 1870 2419 1046 1710 2076 2084 2088 2133 1437 2337 611 2628 1029 1489 2454 1848 2050 155 1148 925 977 1416 161 2606 2424 489 860 1627 1261 524 784 900 2735 2724 1468 2439 188 259 2241
2548 934 1375 1392 1861 2229 793 2461 2330 57 1234 1930 570 294 2749 210 421 704 1034 1575 2174 1792 1859 2125 2186 1580 280 746 1758 1043 2418 1292 242 857 879 1276 2838 499 689 795 158 1619 1072 2468 77 1350 1432 2327 516 1982 2581 720 2155 1665 2123 342 1925 2004 797 1947 1887 470 514 2332 1716 2363 2703 1776 2484 2456 2187 2189 756 1576 2588 1078 1530 2206 82 299 1664 438 2739 667 287 1373 2094 884 2112 1191 557 1999 228 2460 1675 2727 2226 1345 1228 741
2713 2721 100 1453 715 1569 2433 1796 48 1490 2545 64 2376 305 562 2309 2034 201 1901 439 1860 1496 231 1965 1586 497 2556 2272 1948 1316 2815 1051 563 2650 978 1148 1416 2826 769 1307 1096 1218 2204 2007 1848 2337 319 1428 168 260 1123 784 1046 712 2358 559 725 2004 2207 1640 1552 2735 1636 1878 906 1422 2258 2652 1897 2603 904 2012 674 2036 161 1940 2133 992 2256 1986 1054 2305 659 2241 1841 2424 1437 1710 486 920 259 611 1486 2397 2628 1870 1775 675 2046 1536
2252 1583 1179 2328 1651 2491 1977 1578 998 9 1579 952 1769 2682 887 1791 2792 118 841 919 1470 1531 2065 748 916 567 2778 1063 2647 930 227 1906 1354 2357 819 2723 2575 517 639 2042 1667 1920 1770 945 2310 2097 1585 982 1819 2349 114 2729 1970 2225 928 382 1854 98 2392 776 2711 579 778 813 2081 394 1052 2416 1266 1851 1134 2462 1211 808 1943 755 769 1042 2405 2754 1344 763 860 1870 1691 2003 541 2550 902 543 2257 975 1841 26 1879 83 1254 2166 12 2511
837 2455 2063 1009 1159 264 1815 403 2484 2255 317 2811 2412 299 2833 1338 2092 2371 2648 2139 667 2269 1735 600 1982 226 428 17 1925 2576 2266 352 573 1122 2776 1622 1549 741 2486 2100 846 2403 1349 2138 642 913 90 2338 2844 2797 1060 2399 1589 1 2094 2189 814 1619 685 1863 1530 961 1571 234 888 879 1520 1078 1025 2385 262 1698 1814 385 2431 2213 1101 1994 1421 2731 1572 2223 195 537 867 641 203 1242 307 1480 557 414 2635 1295 1816 1069 1341 160 127 1366
2811 867 1078 1530 2094 160 2431 2648 2255 1421 1341 385 667 1619 317 1607 1816 1480 352 1660 1925 1069 1366 879 2607 814 1338 2138 1982 1863 961 600 2455 2403 557 2266 2633 1159 2412 264 1242 685 2758 226 403 2139 837 2833 1735 2484 1009 537 1814 1828 2783 2371 2338 299 2835 2460 1815 2614 573 166 2709 2100 1539 2486 2092 414 642 2269 1622 1618 2797 2385 1060 2063 17 428 2213 1698 127 1349 846 1122 1994 2820 195 2473 1549 641 2776 273 2738 888 2524 1589 2363 262
1290 631 2282 1017 1518 2796 921 2596 2064 2093 2140 1567 451 1879 2049 1981 446 530 1237 1604 607 1301 1058 1909 1906 394 2392 662 1613 1119 1978 2262 908 2357 984 1384 391 1554 813 2257 2660 1742 1437 563 1370 2530 996 1253 1673 124 1307 1614 1676 369 337 487 2724 1739 2084 54 524 259 2753 970 1331 710 1148 260 463 559 1313 977 2287 2696 1893 74 1002 2782 542 1369 1460 2344 904 489 2676 2544 1621 2259 2458 1486 338 1837 2200 219 243 2606 1853 906 2826 1527
909 2442 644 1802 2688 2188 2562 387 2720 2498 1880 971 1596 43 1882 924 2448 2740 956 229 154 1487 2476 796 2749 1471 476 2168 1995 953 2573 669 1979 1059 2710 1355 2425 38 1866 829 2339 1198 661 104 2823 2494 412 511 2444 2456 1859 1144 1803 1768 1167 127 2194 1080 2278 1227 23 1113 2513 974 2508 2175 307 2623 1671 2591 205 2128 474 398 1811 1 1488 1591 991 1324 1509 1536 1807 1797 2468 2197 1602 1132 2838 1318 557 1761 2807 1588 2374 2048 2263 1904 1184 1960
2787 2054 646 293 962 1451 2320 29 1149 1951 485 1798 754 2533 1175 1306 589 2756 658 2172 727 286 1361 2673 2021 1559 1106 1231 2540 240 395 2323 2161 1593 1728 1213 1427 529 1230 304 2113 572 789 2178 2644 2066 1394 739 1265 757 634 2000 1513 853 1597 1353 2542 24 1161 2546 1847 2784 1773 1801 545 1197 2016 2430 101 1300 2409 1228 1795 2024 1182 2143 1883 1115 1786 483 2022 2149 1873 1891 1928 1166 1971 167 1743 119 2527 576 426 1839 251 1689 218 1869 2043 436
1475 999 2059 726 2236 314 484 1050 806 1187 1967 1273 331 1635 390 2531 53 430 534 2429 2406 2053 1929 1648 1715 464 655 1706 1011 780 805 1662 2244 1124 1024 1875 478 467 2765 418 1037 1465 1216 1275 131 1438 1262 295 471 2698 1127 2693 113 402 1503 936 504 1755 1274 2061 455 1140 799 1532 1921 1481 344 268 1780 2091 2465 2505 1317 239 363 1787 1972 108 1918 721 389 2280 1730 207 1039 1829 296 452 27 2794 1378 1281 1395 587 653 1789 927 1568 2396 2479
2792 998 1583 1791 9 1579 919 2065 952 2778 567 118 2252 1179 2328 1470 1769 2491 1977 1651 887 748 841 1578 1531 2682 1354 1970 930 517 2711 2647 778 382 1854 1920 928 1657 916 945 1063 639 227 2729 1770 819 1667 114 2723 1851 2575 1585 2042 2310 975 1819 2334 2186 345 98 982 2379 1279 808 873 1625 1363 2462 103 1963 297 304 369 1864 2550 2081 776 2361 150 1908 2122 1028 736 403 2692 2178 264 1246 1739 575 1336 1701 2066 2484 20 1626 2255 515 2530 2226
645 1054 1328 2011 1444 1663 2767 1679 445 1649 2837 1623 169 947 2707 2836 1782 2840 1993 1381 1617 1261 1422 1045 440 735 712 1544 1658 2439 51 1029 155 2050 1552 2241 2352 134 197 2130 1218 1860 319 179 2735 904 1307 860 550 1253 1208 260 2088 463 2076 1468 1640 2084 2628 489 1710 659 900 563 194 674 2649 1369 2454 769 2424 2133 26 906 1486 1489 348 2826 925 1437 201 1870 1407 2287 2646 606 1148 1701 562 2714 2515 965 622 2724 2753 1775 2358 433 2626 2652
2171 2043 650 2810 2666 2816 2346 1916 1723 1891 475 1541 820 1570 1603 2841 334 750 807 411 6 285 2643 372 468 1260 546 759 1697 2768 1397 420 922 1221 2179 1488 1953 1738 977 1502 148 1188 2178 1023 1139 1881 691 1027 620 304 556 1903 1319 1163 2631 1605 2679 594 2009 2234 1922 2636 1740 732 72 2113 2606 1905 1858 2714 796 2387 1085 2066 1322 1092 2086 15 1213 1702 582 74 510 1089 611 401 2130 85 308 1198 2588 2107 783 259 181 938 2589 1983 1617 724
600 573 17 1622 846 642 2486 2338 2100 1338 1698 195 2223 1571 1994 317 1409 2412 2255 2253 90 2811 1095 2648 2372 2484 264 837 2063 2455 2266 1159 1828 2371 403 299 226 1009 1735 1925 1826 2833 667 2139 1549 1982 2092 2269 1815 428 1122 414 867 879 557 203 2835 2576 2844 2797 2776 1619 1060 2614 2403 1201 2460 741 352 1863 2189 1078 1530 2094 2213 405 1964 1814 685 687 1480 706 1421 1589 1 656 1411 1887 1349 2039 1816 2123 1101 349 2138 186 913 160 2638 709
28 1896 2500 505 1563 152 458 734 238 313 1532 2819 523 2674 1339 587 2119 175 2479 1827 2283 2181 1708 1741 2552 696 2191 849 2099 330 354 2716 2742 972 2250 2193 2534 1746 1376 847 671 711 2527 2557 2689 2177 1680 633 2365 705 120 503 772 532 81 2028 2370 1335 2322 68 963 2228 2052 2681 1704 1117 2812 1956 2009 1852 2774 1974 2636 533 1111 1282 481 72 396 1314 2764 296 1461 2199 356 2592 553 653 1329 70 2597 1991 2644 261 76 2015 172 1955 1961 2770
2843 257 1731 1871 1894 1138 2613 1800 1645 742 2609 1707 1419 416 288 519 1527 535 2341 2377 253 1007 301 2331 336 1498 1455 392 1068 605 1040 2830 821 870 883 2788 1131 610 1850 2095 2746 1670 1311 2290 1966 1020 2549 410 1466 937 2364 365 2680 1379 1309 749 434 1794 1992 1516 1581 1243 1005 2697 2299 2560 2087 881 1946 435 2219 1110 709 855 2417 1142 112 1385 248 673 406 538 648 593 338 1936 730 1094 1454 2492 1634 774 2151 2196 1779 544 2251 2243 773 2730
2811 867 2255 1982 2648 1925 2403 667 317 2139 2833 299 2484 352 879 2094 264 1619 2371 2092 2412 1816 1530 1122 1480 1078 2269 385 2431 1366 2455 1421 428 1338 2797 1549 2607 1660 160 1735 1814 1242 2266 226 2576 557 2844 1863 837 2138 2633 814 2063 2776 1159 1009 1589 2213 1539 741 685 403 1341 2460 1607 600 1069 1815 2731 2473 2189 90 573 2385 17 961 1349 969 642 2226 2783 2338 2486 1622 641 888 1698 2709 891 262 2758 1060 1826 273 846 2363 1291 166 2100 2175
1545 626 2389 59 1799 4 1202 1752 2069 1146 2367 1407 950 1737 613 283 826 2477 266 547 1624 1319 1386 611 2832 1811 2150 2473 1656 2781 556 833 2740 1555 1615 2270 1181 2339 1851 311 2440 2614 1167 2144 237 1201 1983 1408 120 2333 123 2541 2013 2797 1102 974 1095 637 2158 2817 2559 2588 271 1190 1242 1942 2148 977 1584 1354 1757 312 877 1122 2577 2738 500 1910 2618 1917 2215 1172 1217 2501 1540 41 1355 2230 521 12 1644 428 1898 166 187 2340 2717 2727 46 2405
505 1563 28 523 175 2500 2283 1827 2181 238 1896 152 2552 2819 587 313 734 458 1741 1339 1708 1532 2479 2674 2119 2191 849 2716 696 330 2099 2193 847 2250 2527 2689 354 972 2742 2365 711 2370 2177 1746 120 705 2534 1376 2557 671 1680 633 81 963 772 68 1111 456 2199 1991 2322 503 1117 1314 1281 2681 274 1102 994 2002 668 2597 1332 2764 602 1885 1543 2832 951 824 532 608 2292 1547 864 131 1955 1135 790 1852 1035 1401 1305 2818 2790 2187 2561 872 459 2501
2365 81 2689 705 2370 2534 847 849 2119 2479 2250 1532 2819 696 1741 1827 152 1563 238 1117 2283 354 2674 28 458 587 2181 2557 505 2552 2099 1680 523 330 972 313 2742 503 633 1376 1704 1708 2193 574 1896 734 2322 647 1339 2291 2445 2177 711 2683 120 1433 2057 2183 2639 2716 329 2220 2764 2527 1955 939 2500 207 175 2228 482 1335 795 2191 1111 295 1314 131 671 2440 2806 6 532 2144 661 1223 2028 2526 1937 92 2813 948 2393 1555 2168 614 598 2009 1875 1746
2751 2567 1171 1214 22 2109 189 96 1032 2060 1632 2554 419 2153 1927 894 106 1199 592 481 2313 1661 1865 2222 2502 2152 2162 1744 1960 2784 300 1605 84 1260 851 815 1371 744 167 629 807 2726 40 565 1987 454 941 20 2404 2841 2141 957 396 1766 1363 2305 1844 785 1858 609 869 150 1232 1397 2627 214 1765 420 1286 333 38 859 506 43 2263 2030 2476 1333 588 959 2216 1139 1889 42 2768 2073 1963 924 1425 746 2203 856 1995 1703 1402 1709 1180 1163 1738 424
431 2510 1839 1035 70 767 1753 2561 2772 1125 2777 2478 2077 277 2818 1252 2015 1834 1938 1747 951 2622 2686 1557 889 1833 1443 1390 601 2757 315 1759 2 395 1980 18 1842 191 997 2663 1533 1394 2496 2644 1801 1165 769 1798 2302 962 1107 1310 433 2506 2471 211 1298 1427 835 2289 545 1306 1989 2653 101 529 2540 1666 2494 485 1853 646 2532 1340 1130 1955 2601 2482 853 1895 1739 2046 903 126 1674 2685 1786 2277 1695 374 1922 339 2507 992 1904 2315 860 757 707 676
1385 1779 406 2145 1992 773 2763 2102 1007 1526 2516 1969 1511 1442 1325 1707 742 519 1800 1138 1731 1871 2613 1645 1894 288 257 664 2110 709 2609 338 186 843 648 1133 1466 248 410 811 538 2843 730 11 365 2302 1783 2219 94 1424 544 1454 1079 2331 1165 1968 1516 870 2746 1005 1670 435 2224 416 2239 2095 2335 315 535 883 1546 191 2549 392 717 2290 76 2560 1853 568 2377 2615 1573 253 434 1266 2060 1905 301 336 710 420 1020 1265 1739 2259 404 1893 605 360
1753 1125 70 2777 2772 2077 2478 2561 431 2510 1035 1839 1252 2015 2818 1390 2622 2757 1533 1759 951 1557 1834 315 1165 1842 767 191 18 2302 601 2 277 997 2546 1980 103 433 1608 769 2663 2289 1323 1904 1228 297 2507 1115 1895 739 2685 1266 2702 424 2506 1821 2755 751 1186 2315 369 101 2504 2555 213 393 1277 1720 1785 1389 1137 1513 1962 465 1130 1847 1427 250 2178 85 2482 1739 990 304 19 1310 1401 1176 374 2808 1584 2113 2574 1150 502 1443 2023 2576 860 1329
59 1407 1545 4 2389 626 266 826 2411 1737 2477 613 2528 312 2832 2501 987 283 2044 1202 1146 1102 2817 635 1624 2367 547 556 1934 1752 1799 950 2270 1656 1644 1319 611 2082 1386 85 1926 2069 2790 817 1405 188 943 221 1181 2011 2300 51 169 947 1045 2781 1617 2840 1640 1218 1261 1552 237 1782 1663 1054 445 1813 2837 839 2470 134 1029 1584 508 2010 1623 1923 712 2836 860 41 645 1715 324 123 737 925 2515 2675 131 1679 299 2191 1444 1262 659 90 2168 2783
4 59 2389 2411 2528 1545 2501 2044 1407 266 2832 826 1644 312 1737 626 2817 2477 1624 1934 613 283 1102 635 1146 1656 987 1405 1202 1799 943 611 556 221 817 2790 188 2082 1319 2270 1926 85 1752 2312 1029 2367 2069 2300 904 547 950 2011 2133 1552 1313 1172 1414 1428 2606 1468 1663 1208 1307 947 1181 906 674 74 2010 2574 659 1054 1444 169 1983 2652 1782 2424 1486 1386 712 1422 1253 2781 1046 463 900 1123 2337 2724 2836 563 2707 2716 219 1623 445 1092 1437 1679
1944 2294 2135 1212 137 899 1055 1606 2741 116 2842 1056 204 97 2207 725 1547 2511 1067 1134 1463 2068 1464 2825 2041 1935 1076 804 2382 2728 79 2286 1937 246 2766 948 2665 2813 329 722 2248 1639 1940 2258 1841 2558 146 2393 682 1185 1721 447 1223 1899 1874 1825 677 2435 1592 2580 362 1452 2436 2569 1777 2708 2057 491 2438 686 494 732 2305 1868 165 1130 620 1986 181 2291 2598 140 1540 1797 574 2184 647 271 974 1099 637 2683 1126 2440 2215 1983 1847 1950 1408 154
1179 2252 1651 2491 1583 1977 2328 1578 2682 998 9 1579 887 1470 2792 1791 1769 1531 916 748 952 118 841 1063 2065 919 2778 227 2042 517 567 2310 930 2723 1667 2647 819 1854 1585 639 2575 2711 382 1770 1970 1354 778 114 2729 928 2550 369 982 2097 2754 1507 2019 945 107 1016 1657 1691 2225 102 2604 153 1211 2106 1920 2357 1748 357 1906 279 917 1372 1382 2067 1403 1669 2329 902 1943 2349 736 2525 397 541 1259 2447 1690 575 2033 1832 2234 2347 1169 2192 2159 2360
1681 2600 1705 487 2085 942 337 2543 1742 1384 2458 966 1853 360 1331 1000 2259 1695 54 1614 2664 1739 1893 1673 2696 710 2782 542 50 660 2369 1508 791 2257 1370 1287 1031 813 1554 1495 2803 1565 1871 2613 2660 1770 2023 530 2755 1266 2049 984 1320 2653 747 2808 1905 1089 883 2064 1745 355 1676 1241 1779 416 1301 1237 1604 2392 1584 2609 1017 10 1832 2297 607 631 2711 748 1531 2240 1952 601 1385 2575 1854 2045 2618 469 2792 2630 2361 1981 114 257 2341 1809 2796 843
1054 1328 2767 1444 1649 1663 947 1679 2837 2836 169 1623 2707 1782 645 1381 1993 1617 1261 1422 2011 1045 445 1544 440 1658 2439 712 155 735 2241 2352 51 2840 1218 2050 194 2130 1860 1029 2628 860 319 1552 1407 134 1208 1840 1253 904 1468 1640 2735 2133 1307 674 965 1437 900 1486 906 992 1775 489 2046 1046 2084 1489 563 179 2815 1428 2287 550 2076 2652 1416 260 1710 2337 2312 2358 1051 197 109 2515 201 2714 259 2088 769 1148 2424 2826 1135 1586 1123 2631 659 978
2077 2478 1125 2777 1753 2772 2561 70 1035 1839 2510 431 1533 1252 2015 2818 951 767 1390 1165 103 1842 1834 1186 1759 191 18 1323 2757 315 2622 2302 997 1228 369 277 1785 1513 2178 1557 297 2506 988 601 1213 2113 1847 304 2022 1161 2546 2 359 569 424 1980 193 1608 1460 1666 1150 1773 2090 2507 85 1821 2353 433 1728 1740 1795 173 2574 1739 769 1720 1412 101 1904 2653 1130 15 121 1027 2054 1163 2647 2260 924 688 1102 2066 436 2314 581 2779 1401 578 1798 1417
1785 1228 1513 1847 1795 1773 1161 2555 617 545 1197 2178 1561 2066 2022 304 2260 2242 2542 1213 2058 1749 1394 1277 1727 2113 834 63 1631 1353 576 1176 2546 1087 1019 1178 132 2504 824 2547 1300 465 2247 2579 783 88 1883 1928 374 581 1115 695 1743 1103 2523 2785 596 2441 1801 2277 1914 95 2129 2190 2000 614 2202 2238 1476 2422 1999 1093 483 1389 751 1856 2827 436 1672 2777 182 1166 70 1898 1683 983 2111 1971 1590 1558 2054 215 240 2478 2745 940 1125 1137 1533 676
1472 430 655 2406 1972 1216 721 1187 2061 1647 1037 1921 2402 402 331 1438 1008 471 344 1395 1648 2505 2465 1317 1140 936 1756 1715 2053 1918 2301 805 2236 1924 113 1635 999 2407 1755 390 1124 1143 1118 1475 1822 726 806 1050 799 1967 2279 1297 1011 363 580 2059 108 296 1273 653 159 1568 478 534 1293 1929 484 314 2232 1662 2429 1097 2062 326 2531 927 1829 780 504 464 1303 1789 2715 654 467 1706 1275 1356 628 31 1127 2244 27 391 92 2794 295 2765 53 1024
1752 1799 1624 2069 1146 1202 2389 1545 626 1644 2832 283 59 613 1407 1102 312 4 950 1737 2367 2411 2477 2790 2528 826 2501 556 2817 266 1656 611 547 2044 1319 635 1934 987 1386 2148 2781 1181 221 735 752 943 1926 977 2300 2714 440 489 518 188 197 1983 795 2270 85 1405 925 741 1716 2662 1092 2082 970 817 697 1408 2198 2189 1446 1003 74 877 2588 1369 1509 1309 1295 2335 2595 1837 1278 1135 2105 1815 1051 1847 2515 2538 1411 2007 144 2440 2200 2724 2676 1634
1149 2320 293 29 2756 2533 2172 286 789 2787 2673 2540 646 2021 739 240 1231 2054 708 754 2224 918 967 853 700 483 2615 2430 558 1689 184 1491 1312 1448 2295 2238 124 218 1728 1427 2024 24 1984 2413 591 2131 2161 1837 766 2247 2215 1099 1535 1804 2260 1265 2395 2472 634 180 833 119 2143 832 1773 2785 1842 1513 213 18 2493 1533 1296 414 135 2371 1670 1812 2408 1016 328 757 2306 1478 707 1634 3 1904 2740 2830 2351 972 2560 261 1383 1951 162 1309 2339 965
967 1804 1719 707 91 1849 2408 792 213 2235 2354 2143 1722 2024 24 1689 739 1529 1867 2430 2296 218 1269 634 426 424 2390 19 1597 2566 1945 520 1231 232 1733 2756 2744 2320 29 2533 2021 184 1478 853 1149 1535 558 2615 2295 2224 2638 1448 1593 2172 286 2413 754 1728 293 2260 291 832 135 1265 2472 548 1533 1334 540 1296 1984 2673 1252 844 1842 5 119 2785 2457 80 1075 2015 2542 2324 2161 1383 1753 2787 1947 498 18 509 191 2725 244 1515 1914 466 609 2757
1416 1948 2815 1096 2272 1362 1897 1496 2556 1051 1965 1860 1586 1636 497 1316 2082 712 1261 1218 2270 1422 659 2011 194 1617 2721 1045 1468 1319 904 85 562 2352 563 2713 188 257 201 259 1993 674 2435 2790 987 1901 2714 547 221 1307 2454 2076 1386 2650 2300 2767 2241 607 2358 635 445 305 1679 2580 439 1046 1623 1926 2826 1899 1757 1208 1123 1694 1369 715 2204 1848 1552 611 1437 494 2628 645 137 2843 2312 1963 1328 1850 1569 1405 1782 2741 2433 746 2707 319 1185 943
2546 2113 1115 2178 304 1213 2066 1389 2054 545 2787 646 2504 1951 962 1306 485 1798 1175 1353 1394 2579 589 240 1300 572 483 101 727 293 1451 1230 1427 251 1883 374 1971 2540 1801 2784 395 2277 658 2759 803 2409 1361 529 2000 364 789 2644 614 436 1137 1513 2242 2542 2022 1161 1847 853 215 1166 2777 2478 1928 1559 1683 2077 1125 2238 617 1106 576 2381 1900 895 581 1773 1197 93 737 1228 1785 1795 1839 2772 766 2323 1561 751 1590 898 1257 1786 1087 328 2114 2040
688 2624 297 103 2471 1235 2601 1908 1323 284 1845 848 1186 1114 931 502 2276 126 702 1340 1830 578 990 1767 1413 1821 1391 1720 1608 2314 903 1107 250 1975 768 522 1310 835 65 684 2388 1512 1254 2667 1232 277 1605 400 2728 2706 2661 2502 725 1839 767 1144 2152 2022 1891 2207 227 1723 919 420 851 40 2478 1397 10 2561 1277 1825 579 2036 1165 2620 2254 1459 2766 748 1667 148 1372 1916 997 1583 2841 1531 369 614 1748 2196 86 2077 2507 1055 2772 1579 1953 9
865 1038 1754 1041 1949 2421 1049 932 1521 839 698 640 13 955 2671 2520 1272 1910 2210 2083 2150 701 729 2578 377 323 2798 882 123 1757 1477 2640 1337 1429 2539 828 1255 986 335 1144 427 2230 85 1819 987 1386 274 2568 2280 547 933 2415 2561 2011 994 2086 901 398 1024 1793 864 2650 306 1918 861 2591 2629 2027 1266 910 2818 1671 1329 2103 2464 1273 2108 2396 1864 8 858 907 2795 608 1042 2366 2428 526 309 1168 388 1907 70 2077 56 1061 1839 2217 159 2442
2371 428 352 1201 1826 2092 2269 2648 299 1421 2576 2776 2833 2094 667 2484 1549 969 1530 1078 2139 317 2820 1122 2797 879 1982 160 264 1925 2412 180 1732 1120 2255 1646 166 1147 2518 603 1450 1735 1242 1071 830 1678 2275 226 1088 1069 2811 2844 2403 2385 2063 1863 2654 2266 1620 2473 393 1462 147 2136 741 1338 1244 837 1619 2213 1 1073 2758 339 2738 307 1814 1341 913 46 1622 2783 1571 1016 1539 1540 1366 863 845 2226 1618 2395 1349 2080 642 2455 2138 2383 342 441
2252 1179 1583 1651 2328 1977 1578 2491 998 9 952 1791 1579 2792 887 2682 841 1769 2357 919 118 1906 2647 567 1531 2065 916 748 2778 1470 639 930 819 1063 227 1354 1920 2723 517 945 2575 1667 1770 1585 2097 2042 2729 2349 776 2392 98 1819 982 2310 1970 928 2711 114 1854 813 394 2225 2462 382 860 2081 769 2416 1657 778 902 1870 1943 755 279 1169 2166 541 102 457 1734 736 2482 353 135 2658 579 1690 83 1643 2012 32 2257 2342 184 26 543 1052 1748 558
1035 2561 70 1753 2510 2777 1125 2077 431 2772 2478 1839 767 277 1980 2818 951 1252 2015 1834 2685 18 1842 2702 997 601 2268 459 2622 1533 2315 1557 1390 315 1989 1443 1165 2663 2757 567 1747 1456 2 990 211 2302 1938 20 2686 2496 1759 191 2831 2161 2532 2162 889 1460 768 118 1556 1353 1666 1659 1401 103 1512 2705 2136 5 2726 1833 1277 1707 1891 1166 1284 163 1723 369 1052 1425 598 392 1205 37 1719 400 1323 1082 2471 1804 2247 1462 306 205 1739 1300 1394 2351
1752 1799 1624 1202 2069 1146 626 2389 1644 1545 283 59 4 1737 613 2832 1102 1407 312 2790 2477 2411 2367 2528 266 1656 826 611 2501 950 556 2817 1319 197 1847 1983 132 2781 1795 977 547 1716 635 1934 1513 970 2044 489 1743 1172 1228 1773 2714 2662 1785 2189 2574 1092 1509 524 695 1497 188 2588 60 2419 1672 85 2035 2148 741 1653 1278 2515 1176 1151 987 1190 1405 2190 717 795 345 1437 1224 2547 2198 2745 925 1386 1161 38 1870 659 1181 511 88 1838 262 1316
1882 956 42 1536 636 1108 2278 2425 2678 2807 2197 2168 1318 38 669 2263 2194 1802 2573 476 2476 1880 372 661 2823 1025 2623 620 1525 1283 1995 814 1797 387 181 732 1083 396 1702 2261 1227 1251 888 2554 411 644 2498 1865 582 2431 2643 307 2305 1221 419 1366 1480 285 2448 1032 909 2633 2442 2607 2688 189 1476 894 1363 2562 400 922 1084 2572 2720 1199 2530 996 2647 1280 115 2745 1176 762 1170 971 1520 88 37 270 2385 6 262 2141 759 1260 2760 2188 2048 2761
711 503 1680 633 772 2250 2322 2193 2119 1532 238 1111 2228 587 2592 2479 1335 2052 2099 330 696 849 152 458 2819 354 2716 1563 972 81 1741 2674 2552 740 1827 505 1708 2742 1746 1332 2181 2500 2557 28 2370 523 602 2237 2191 1339 313 2283 2681 2365 1376 261 2177 734 1896 1704 671 1852 872 120 2527 2534 705 2689 2813 532 2028 1956 1615 598 847 2215 533 2764 1774 1109 162 699 1297 1314 2727 1135 1837 1955 1555 1099 68 2597 295 2814 948 175 1873 2393 647 2010
2600 1705 1681 942 487 2085 337 2543 1742 1384 2458 966 1331 1000 1853 1614 360 1695 2259 2696 2664 54 1673 1893 1739 50 2369 710 542 2782 660 1508 2257 791 1031 1495 1370 1287 813 2803 1565 1554 2660 984 1770 355 1676 416 2613 1745 1871 2023 1301 2647 747 9 2049 1978 883 607 1920 2755 631 530 1002 1320 1396 243 945 1017 2653 2341 886 114 2711 2392 1604 517 1815 2808 1579 1052 2596 639 1266 2140 781 1154 2609 1970 1839 1105 2240 2743 1033 2450 2792 2134 1922 597
2021 2320 2756 29 2533 293 1149 286 2172 2673 754 1231 2787 646 1728 739 757 1689 218 184 1597 1265 634 24 1984 119 1296 2054 1312 2224 1448 2430 1383 2472 2024 1478 135 2615 80 2295 558 2161 2413 2638 1533 2143 426 853 1306 1451 1951 485 2323 520 545 1361 962 395 1394 240 191 1175 589 529 727 232 1945 789 424 182 2260 1886 2644 101 1182 1801 1593 1252 420 1334 2540 1266 498 1427 1333 1213 2016 707 967 2784 658 1397 2113 2408 70 1804 1106 414 163 304
2331 392 301 1419 843 248 1133 538 648 519 94 1424 937 1634 410 717 1546 434 605 2549 365 544 1516 1573 811 1079 1454 610 1040 2560 1783 1581 1131 1020 2746 1309 2290 1311 1966 1005 2830 1894 2219 1794 435 1243 1379 112 1968 2730 2151 730 338 1442 1992 2364 2102 568 1969 2788 1455 773 1110 1511 2763 1670 870 253 1527 1466 406 2341 2145 1387 336 2843 257 535 1779 881 709 1731 742 2377 1044 2095 1138 1871 1068 1707 2680 2516 1385 1526 1450 2251 1678 830 2243 1732
2138 1549 2576 2833 2139 299 2092 2269 1982 352 428 2371 2484 1122 1925 879 264 2776 2412 2844 741 2797 1735 667 349 557 969 2189 1863 2213 2648 1201 1589 1338 2255 1814 1619 2266 317 127 2455 2403 2731 2094 2063 837 1539 2226 1826 2460 1242 1366 1530 2473 2811 226 687 1421 888 2385 2820 1069 1078 1816 1480 1571 2363 2175 1815 2710 2104 1009 891 2524 90 262 2758 273 1939 913 1509 160 641 403 867 1341 1607 1291 1994 2431 1698 991 46 1349 2158 642 2595 2338 267 1514
1870 26 2649 348 1369 2454 925 2769 2714 480 179 2538 663 518 550 1710 2050 1701 1489 1417 860 2130 712 1788 161 2513 1045 769 2011 197 445 1930 2375 1422 2840 463 746 563 645 2650 1276 2155 720 2174 1029 1307 1617 260 1776 1860 659 1795 1716 2332 2289 2076 2123 1030 2324 210 2753 2247 735 2084 524 2241 1859 2646 1437 704 1392 1895 606 2327 259 976 2724 201 793 133 489 2330 1773 1743 1350 1575 1234 2358 433 970 1034 588 2125 884 1947 1627 1576 2034 294 2004
1944 2294 1055 2135 137 899 1212 2741 1606 2842 116 1056 204 2207 2728 725 97 2511 2766 2825 1547 1463 1067 447 2068 1134 1935 2558 2041 1076 1721 2382 1937 1899 2286 804 79 1223 1464 146 1452 1825 1874 2435 722 2665 1940 2580 2813 948 329 246 2393 1639 2248 165 2708 494 2057 686 682 1841 2719 1868 2291 574 677 2438 1130 140 1986 2258 2292 1185 2319 1592 692 491 362 2569 2683 1777 2736 2436 1126 647 2305 271 2440 221 1408 657 2790 1725 2008 1540 1876 1405 188 2639
909 115 2361 1462 1757 2261 84 851 1995 40 2194 1283 2494 941 1371 2712 123 1613 168 2308 1987 1232 243 619 2617 1199 38 2387 1960 387 1113 1502 906 2747 882 1965 2282 607 2686 76 482 2607 1761 1035 2188 2399 1172 1496 1144 451 2573 1025 2203 521 2084 1476 924 1865 1231 2732 1922 2510 489 1880 391 173 1897 1073 2688 1839 244 1397 396 2803 2515 1221 1554 43 965 2644 594 2796 1487 2115 2077 2745 431 1416 1851 2202 1101 1747 629 1437 904 631 2755 2500 2677 1307
1631 576 1561 2242 2547 1103 824 2555 1019 540 751 2542 1727 63 1749 2058 465 834 2022 1999 596 617 95 499 1928 1087 1277 1334 1590 182 1343 1197 1394 1166 93 898 2112 1298 1743 545 132 1176 614 1333 1300 2737 695 895 2277 2441 1304 1785 2409 1801 2066 60 2072 1558 2827 1434 714 2700 291 1914 940 1798 1685 1004 88 1513 483 1207 783 1883 2493 1856 1847 1161 310 1353 2785 1483 1228 2111 1795 1213 1535 1689 2656 2197 2579 983 1389 588 2016 529 2745 20 1178 954
1325 2516 1526 1442 1385 1779 406 2145 1511 1969 1992 2763 773 2102 1007 1707 519 742 664 2110 1138 1800 1871 2613 1645 288 1894 1731 11 338 257 843 186 709 730 2609 1133 1079 1783 94 410 648 1573 1454 544 811 2095 1546 2331 1424 538 717 870 248 1968 1466 365 249 2560 2219 1670 2746 1516 435 2377 883 1581 1309 1012 2843 2224 1725 2284 1020 358 1721 301 2018 1499 881 191 2290 416 1267 1498 253 2680 1005 535 568 1794 2519 2730 1001 2350 800 1136 2030 2146 2196
1262 455 113 1829 2059 726 999 1475 2236 484 2279 1929 806 314 1216 331 1050 1924 1273 1011 464 53 1187 402 1168 1299 1275 344 1706 1967 430 2698 1140 655 295 2053 1303 1635 2531 1875 471 504 1438 2232 799 936 390 1662 1918 1568 2142 2429 131 2505 2465 1730 1715 1037 2407 389 1124 418 1024 2137 2301 363 2470 1039 467 2406 534 1472 108 268 840 1008 1274 1506 780 1503 758 2794 1281 653 412 2806 1240 1127 927 858 1648 2017 1789 2715 822 27 1612 2693 1780 2765
1049 932 839 1521 698 955 2150 123 882 1757 986 1255 1041 1910 865 1487 1429 2798 2083 2539 323 2410 924 2629 1949 2216 2573 1754 953 121 500 2428 1957 1471 1413 2494 1835 335 1703 1566 2640 272 2561 1066 2230 2463 2179 1731 8 340 536 1707 15 2650 1431 688 1324 1420 1198 1885 2601 2214 1239 1502 327 1138 1144 2267 569 560 72 2333 384 1641 1733 150 427 1367 2620 1386 729 233 85 1412 1331 1132 433 1488 907 193 796 2047 945 487 2013 511 2449 2117 1222 1226
2191 458 2716 2500 1708 2119 587 1896 2674 2552 2819 2479 313 1532 238 734 2099 849 505 330 1339 523 152 1563 2181 354 696 28 175 1827 1741 2283 120 2742 847 972 711 1746 2527 1376 2681 2177 2250 2365 2689 2370 2193 772 633 2557 705 2534 503 2052 2322 671 2597 1852 81 1111 532 1680 2592 68 1873 1555 261 1704 598 963 1240 1135 1099 2028 1241 890 368 295 1956 694 296 2799 1725 1784 1650 504 740 2817 2265 553 533 872 1917 1656 692 699 2237 602 1332 2292
1422 712 1045 1782 169 1663 1623 947 2352 2837 550 1679 1617 2836 1444 1649 2707 2050 1993 1328 1054 2767 1381 1261 1218 2439 1489 179 2545 1544 1658 2241 51 563 1307 1486 2046 925 860 2034 992 659 1710 900 645 1428 1437 2007 2358 1640 1848 2714 1369 2130 1046 260 1208 1417 674 1552 978 489 2337 2133 559 735 2424 2454 906 2011 480 1253 2652 2826 155 497 1860 74 1586 1878 2084 1158 904 2397 769 2515 1123 2724 259 1051 26 2076 445 1870 2606 2840 2628 1468 2419 2312
751 1019 2242 1996 777 2114 1986 1825 1357 725 230 1130 1818 12 1091 2288 1940 2281 63 2495 1389 2239 1561 2603 2073 39 2493 362 165 564 2558 926 581 862 1353 1906 2066 2573 55 1180 343 202 2022 1841 397 419 1538 1751 543 2554 76 407 1601 2176 1595 2207 874 275 737 2204 2489 540 2542 614 541 1137 1685 2293 1194 1632 182 1846 2728 187 212 1733 1219 96 1719 1087 2036 2546 206 2143 2296 2392 1197 1502 739 1184 894 2647 189 920 372 728 1352 1257 1883 2791
4 59 2528 2411 2389 1545 2501 266 2832 1644 826 2044 312 1737 1624 1934 2477 2817 1407 283 626 635 1146 1102 613 1405 1656 1799 1202 943 611 987 188 221 556 2790 2082 817 1319 2270 2312 1926 85 1313 1029 1468 2652 2606 1172 1983 1752 1208 1486 74 1307 2424 2133 2574 2564 1428 904 1414 2300 2344 1092 2724 2069 2419 2337 2011 260 463 1151 2397 1437 659 900 1552 563 1123 559 2800 2676 2836 1948 2148 489 977 674 906 978 2007 1416 2035 1848 2200 547 1046 1627 1422
1588 1132 988 193 680 569 1249 121 2090 536 332 1553 1431 2333 2117 1236 1430 1499 36 866 1699 1886 1268 733 2380 1728 500 1533 426 2078 1228 213 2394 2024 1513 1773 2793 2588 1847 2709 359 2406 2365 340 2339 1795 2656 2233 1278 1256 1597 1685 144 1785 2451 983 2441 427 1648 2190 2827 571 1049 1161 174 2143 135 833 2267 2353 1102 1323 1024 249 95 105 752 1716 695 414 2298 252 1355 499 2820 103 2781 1112 1997 1167 1946 1213 2002 2626 2022 416 1859 1216 627 2546
299 2269 2092 2833 2139 2484 2576 352 2371 428 264 2797 1549 2844 1122 1982 2412 741 2063 2255 687 2189 837 1735 667 2776 2455 969 1925 879 1338 317 2811 2403 1589 2648 1009 1159 557 1814 403 2094 90 1619 127 2731 1815 2385 1201 1863 17 1242 2266 573 226 1530 2473 2213 888 2226 846 891 1349 1421 600 642 1539 1291 867 1571 1078 262 2710 2486 2460 641 267 1238 2100 2175 2138 1622 2338 1607 1807 1698 1826 160 2431 1295 2339 1059 342 2820 913 1 991 1509 2662 814
2502 2152 2567 1371 851 2751 22 1171 1214 1605 2109 2141 1960 1632 2263 1661 2153 40 106 1927 84 96 592 419 894 2554 2841 189 2404 957 1032 1199 1232 2162 2060 1744 2572 1139 2726 2222 744 214 2348 1889 609 2457 509 941 1766 1616 629 2203 2305 1602 300 20 1696 785 2706 565 167 1953 244 481 1515 1596 510 2464 424 1397 5 1738 1401 1659 2521 844 594 2507 520 1280 420 2623 2115 2351 1198 2562 924 2678 1365 2566 1434 150 701 1064 454 2128 1525 940 746 1866
65 835 990 1107 768 903 1310 1254 502 2601 1114 1830 1908 702 1512 848 284 2471 2388 931 1821 1340 1767 1720 1323 297 103 2624 1975 1608 688 126 250 1235 1186 522 684 1845 2276 1391 578 2314 2667 997 2507 2661 1413 1336 2555 277 1904 1300 1251 483 1120 2058 1147 1013 400 2818 20 2015 1277 576 2401 2522 1727 1252 2612 1620 2305 240 1364 205 834 2275 2518 951 1732 1753 2151 2079 2056 603 2247 1678 2695 2425 1834 2383 2005 333 2136 1659 824 1523 309 1315 2251 1353
2093 1879 394 921 1017 1906 631 1290 2282 2796 2064 1518 607 2596 2049 1909 1567 2140 1237 2392 530 1981 446 1604 1301 1058 451 662 1119 391 2357 1613 1978 1673 2257 2262 2259 1384 360 487 2782 1853 1742 908 2664 54 710 1614 338 542 1739 1893 1000 813 2696 337 2733 1681 2252 2254 2803 2360 2233 2159 1253 1695 1172 1554 412 917 107 210 1466 462 1455 2234 1372 660 2084 357 1370 1331 2843 2550 1832 227 2604 457 2657 902 2297 887 1088 2033 102 1517 2682 1099 1516 2684
2702 2315 1980 2685 277 767 1460 211 1989 2532 1443 2 18 601 315 1842 1759 2388 369 2510 1833 2663 1834 769 2622 2015 1340 1938 1747 2302 903 1608 2757 2818 1252 431 951 161 889 1165 433 1895 126 32 462 1254 70 2686 920 1557 2258 1821 1753 191 1390 997 974 1512 1748 250 2507 2289 1286 1459 1999 1667 1194 1103 1004 1720 684 2506 2733 2414 1304 1401 949 187 198 2497 615 95 2824 917 848 2496 1177 60 902 2112 835 590 783 511 2561 2540 2563 227 2598 1845
2362 2512 1911 222 850 2355 2218 1504 477 1436 1933 2071 1790 2691 836 935 1098 2096 2645 1976 461 2156 1321 2432 897 755 1736 2201 1638 2750 2450 2342 1806 2074 1305 1872 1599 1709 380 1023 796 437 2009 981 2642 172 72 2747 760 208 2055 2722 2636 164 2577 1163 2587 1510 1145 823 2446 156 2274 1085 177 1155 816 1052 612 399 1233 2353 144 1808 401 1404 179 1100 1628 2163 453 2098 2829 2679 1314 141 1903 595 703 2601 550 1532 1089 1241 2812 1302 480 1386 2537 1006
1903 2679 1163 1085 177 2122 2829 816 453 401 141 2163 1023 2055 1628 2274 1688 1089 1808 172 1404 1155 72 2722 2636 1100 1241 2009 2747 694 612 1145 1784 981 2098 461 2577 164 460 1047 1415 174 477 823 2775 156 437 1976 208 380 2587 595 1233 1510 99 2537 399 1872 73 1599 144 2469 2074 760 2126 1160 2655 589 1723 727 420 182 1397 2314 2768 666 1951 485 1983 662 1597 111 191 1405 1488 977 953 731 1412 1203 1306 1740 1848 658 1891 1319 2574 1391 2419 1712
238 2479 1532 1741 2819 1827 152 587 2119 28 1563 849 696 505 1708 2500 2552 2283 2181 523 458 175 2674 734 1339 1896 313 354 330 2099 2716 2191 847 2742 2250 972 2370 2365 2557 81 120 2689 671 2534 711 2193 1746 2527 532 503 1680 2028 1704 772 963 633 1956 1376 1852 68 705 2322 1111 1117 2177 2457 1182 520 1739 163 726 1632 209 1893 54 1991 1555 844 1515 1927 1231 424 2799 419 509 2681 1052 2021 2470 5 602 2224 1766 189 1744 360 1875 182 542 2814
2301 471 1438 402 1008 2407 2429 1929 534 806 484 1662 1918 108 2244 936 363 1475 780 478 344 2059 1037 2531 1124 655 1140 628 467 2465 2505 1465 999 726 786 2687 2053 1568 418 1011 2765 331 295 2137 1216 1730 927 1789 2232 1378 1275 2236 452 268 2285 390 1187 1831 1039 1635 1715 1648 1050 464 1048 1472 1706 1843 324 1655 1481 1813 1273 2406 1220 1024 858 1967 1923 430 2806 53 653 1395 131 2715 113 456 1262 753 52 314 805 1875 2142 495 1143 1281 1317 138
341 989 803 2040 101 2381 364 737 1900 215 436 374 2759 2114 251 581 328 2579 766 2238 1683 2504 572 1137 1427 1357 407 1091 1115 1389 1230 1971 2495 2546 2288 1257 39 1786 926 1996 2113 76 1818 1180 564 2066 1898 2178 304 2281 2277 1213 230 1883 1300 545 483 1353 2644 1951 1394 1801 777 1306 2540 1559 1093 485 589 2242 727 1207 395 1106 789 240 1361 1175 614 2409 898 2072 2784 1087 1166 714 1451 1558 751 646 2077 93 658 790 2478 2561 2000 2787 1962 688
899 137 1212 2135 2741 1606 116 1463 97 1935 2041 2842 204 1944 1067 2766 2435 2825 447 2294 1055 2511 1899 1547 1056 2580 494 2207 1134 1874 146 1223 2728 2558 2068 2057 2708 1452 165 2736 246 79 2286 725 1777 657 1126 574 722 1185 677 2665 2291 2683 1076 1986 2506 682 2438 1130 686 647 2719 1825 2625 140 1868 1937 491 804 1464 2382 1639 442 2283 2037 168 1088 2569 2639 1998 1841 635 1725 2813 1752 2181 692 1677 2292 173 141 864 974 2272 1102 1940 2248 1592 2352
1583 1179 998 9 2252 2328 1579 2491 1791 1977 1651 1578 1470 2792 118 887 2065 2682 952 2778 1531 919 748 1769 567 916 930 841 1354 227 1063 517 1667 819 2647 1970 2042 1854 2575 382 778 2711 2723 1585 928 2729 2310 639 1657 1920 1770 945 114 982 2349 2658 808 311 2550 369 579 1460 2754 297 107 1507 1210 1851 767 873 1254 1691 98 776 1211 903 1821 875 923 1819 103 848 2225 1720 2604 1748 1246 2416 1235 1690 860 1919 2462 997 2166 817 736 1340 188 2434
352 2833 299 2092 2139 2844 2484 969 687 1122 2371 1982 2269 879 1925 557 741 2797 1366 667 2412 428 1863 1539 1421 2094 264 2403 1814 2468 573 846 1480 1816 317 342 349 1530 2460 1349 814 1291 1242 2226 913 2385 267 1 2431 1338 2576 2710 1619 837 2811 891 2607 1238 1025 867 1660 2473 642 2727 600 2255 2175 234 1078 2063 2189 888 17 133 2633 1411 160 2486 90 857 1520 127 1930 2731 1622 991 2541 262 385 1549 2524 797 1571 2548 641 226 2266 1607 2185 2834
1122 2731 1814 1589 2412 2063 2371 2484 2092 1735 2833 2727 2844 2255 667 2139 1338 741 1982 299 600 1 2399 837 1622 1925 2797 1520 2648 428 317 90 264 2486 1863 1571 17 2385 203 2269 2403 1698 234 2223 2811 2100 846 2338 913 573 1572 642 226 1159 2455 195 2266 2189 2213 1549 814 1291 307 267 2776 1238 891 1411 2468 1994 1025 352 867 1009 1349 879 2576 685 687 1101 403 1539 1629 641 342 1619 969 2215 991 1684 2541 1826 1129 2123 2473 2635 2590 1807 127 2460
650 2171 1288 2666 2043 922 1703 1363 1541 2216 820 2816 1916 411 2346 285 372 1221 1603 6 2810 546 475 1697 732 1723 759 1188 2643 620 1891 181 468 582 1763 1749 1702 2167 750 1797 2058 1727 683 95 2555 2268 1713 1570 973 1083 1084 1260 334 834 2168 724 1524 298 333 1476 1224 905 1537 37 1587 342 637 1284 2387 1536 829 661 132 1983 636 1474 60 807 1059 2717 2677 2466 949 2190 913 1304 284 888 1838 2841 1485 1319 500 2437 459 1572 88 42 1456 226
2113 1213 2178 304 2066 2546 545 1389 1115 589 727 658 2022 1394 1951 1175 63 485 1306 2504 1019 1353 898 2579 714 1971 2242 483 1333 1300 2072 1137 853 1798 1883 1361 1087 2277 2409 962 1207 614 240 1558 1801 572 93 1166 1230 1590 101 2759 751 803 251 2784 895 1125 1257 1928 374 1786 1685 2077 1427 1683 2777 2478 121 1161 436 2400 1106 576 1027 2054 650 364 1451 215 2540 1228 2841 1785 1513 988 2772 2561 789 2644 569 2216 2810 2816 954 149 1881 1559 182 1355
2119 2479 1532 1335 2250 711 2819 458 152 238 849 28 1896 1563 505 2674 2099 503 2228 330 587 1339 2500 313 734 354 1680 2191 1708 696 633 1741 2552 772 523 2742 1827 2716 2193 847 2181 2322 2557 2283 2365 2689 2534 705 2370 1704 81 972 532 671 1376 175 2028 1111 2052 120 1956 295 2681 1297 1746 2592 2177 1555 481 2806 1029 647 1789 1015 192 1775 456 1208 68 1117 1314 2652 2597 489 904 1661 533 2424 735 2501 2273 1428 692 173 1610 43 168 1006 84 1461
247 153 723 1359 2585 1403 539 1772 303 450 2453 1121 2582 1204 2718 1751 2485 764 862 2008 2551 719 2146 206 2018 2284 343 1289 1997 1633 2603 1351 190 1493 1534 914 35 196 776 869 353 1963 1157 2824 233 98 615 2405 2067 1245 812 1577 871 2536 1625 2170 2474 873 1246 2209 276 575 1691 551 781 2256 2434 1600 652 1136 2349 342 825 841 2604 2734 2740 213 2754 2550 1631 2254 282 736 930 1915 1583 1748 254 1642 1507 2136 1459 40 2490 1110 2408 2157 1958 2310
1300 1394 2555 483 1801 2277 1353 1727 63 240 2058 834 1277 1749 1883 304 1019 545 2022 2178 2066 2113 576 1087 1213 2504 2784 2452 529 789 395 2579 2197 2546 997 2507 853 1904 1166 1115 824 898 1685 436 215 60 614 1389 2644 1513 1971 1207 2540 1304 251 374 341 2072 2409 572 1798 954 1590 149 1103 803 1137 2759 1928 2547 1795 940 1631 1161 714 101 581 2242 1558 2238 783 2787 646 182 1363 766 328 93 650 962 2381 2317 2666 2497 75 895 1230 2777 2478 1773
1255 986 123 1757 882 2735 2352 194 1775 319 1218 1029 173 1253 2287 2628 1544 2241 1840 223 2439 109 965 833 2732 1649 1261 1381 2482 1049 1444 947 2011 1120 769 2150 1993 992 1658 1051 1054 46 2836 1646 2484 1679 1270 1617 155 134 606 1897 1416 2837 2518 1009 1663 712 2412 1650 1636 1788 2815 1782 1045 1860 1010 1623 2100 264 439 2275 1096 1267 1338 1732 1615 1422 1863 603 2455 2767 1948 1652 906 1694 600 445 932 2584 2635 169 904 1710 961 269 1622 619 1387 1122
2479 849 1532 2819 2119 238 587 152 1708 1563 1827 1741 28 458 2500 2552 505 2181 2283 696 2674 1896 523 1339 175 330 734 354 313 2099 847 2191 2365 2742 2716 2370 81 2689 2250 2534 972 1746 2557 2527 120 711 705 2193 503 671 1852 1704 2177 532 1376 1680 772 633 963 207 68 1111 1956 1117 209 192 295 2028 2244 131 2322 726 1715 1635 614 344 2406 61 1555 520 1465 1967 1774 390 1231 838 1991 162 296 424 780 2566 2457 1924 1648 1282 1893 1875 2806 471
1672 2249 44 2437 761 2317 1836 16 1990 1469 1178 1483 47 1447 376 1183 1224 676 1116 2180 683 2700 1713 2523 1714 1838 1449 1057 34 291 2422 490 2190 1476 2745 2202 1914 60 2129 88 1462 1304 465 1856 1073 132 834 1176 983 95 603 577 2695 1482 2785 2441 2058 1103 112 1620 1727 269 1523 2518 1732 2547 2080 830 832 596 2275 2111 441 1678 2290 2261 1749 339 2555 1660 1783 1346 695 1120 1311 1147 717 2607 2560 1968 1450 544 2431 248 1999 845 1631 1243 365 824
1708 238 2500 458 2552 587 1896 523 505 2119 2191 2819 1532 313 152 1563 2674 734 2181 2479 28 1339 175 2716 1827 2283 849 1741 2099 330 696 354 2742 972 2250 120 847 1746 711 2527 2193 671 1376 2370 532 772 2534 2365 503 1852 633 81 2177 2557 2689 963 1680 68 2028 2322 2681 1111 1956 771 533 1240 209 2597 705 1929 1704 261 1555 296 1135 1924 192 1050 109 245 2199 1164 504 139 2594 1885 295 1099 890 356 2052 2470 838 649 1774 726 2809 1117 1102 1775
2540 1306 485 1175 1951 658 1798 962 589 727 1427 646 789 1361 2072 714 1207 2409 251 853 614 898 1558 1451 1166 93 1137 1971 240 895 1087 2323 1928 2787 2054 1590 483 1115 1801 2113 1883 1230 2579 2504 1394 2546 1257 101 1300 395 2066 2644 572 1786 374 1353 293 1389 2277 1106 304 803 545 1334 2784 2759 634 1213 2381 2430 529 1900 2178 2040 24 954 1559 1161 364 436 2542 2024 1513 2320 1869 2022 1683 1847 1298 1597 1149 1197 2143 1760 2238 215 2478 29 1434 1834
225 1787 207 61 2025 2396 2669 192 2794 1481 49 52 2173 1282 1506 408 1378 418 296 1141 346 356 1022 2821 239 2690 290 2467 1662 786 2280 1692 525 654 1140 2070 209 838 139 1781 478 245 758 1612 1262 2164 1465 455 363 131 138 2091 2398 1356 216 467 2505 2465 2765 2429 113 1780 1274 1124 389 2311 1875 2244 383 1037 780 241 27 653 628 2687 1924 753 858 1039 2137 449 108 1303 534 936 840 1127 625 1024 822 1220 89 1216 1248 1918 252 484 1843 679
1038 1041 2421 1754 640 13 865 2210 1949 1272 2671 2520 1910 2578 729 377 2798 1049 955 698 2640 1337 839 2083 1521 932 323 1266 828 1429 776 2568 2808 2629 353 2539 427 2415 98 370 196 2474 2047 56 571 2570 1952 2428 1793 743 2217 2818 340 1819 70 569 1329 951 933 2077 1834 2561 2839 701 988 769 2090 672 1176 2602 85 536 2738 193 1249 332 2375 433 1549 2795 2423 123 1533 1753 276 1891 623 132 1890 901 1668 166 824 1839 2650 596 121 1374 2478 2530
909 1462 1757 1371 851 40 1113 2361 2494 1960 1232 1144 1502 2203 2115 244 115 117 1198 2677 629 1283 2359 594 1987 327 1137 1591 474 1199 1616 835 1738 1922 2077 482 1641 2308 2179 1659 989 1073 2261 957 1184 882 1801 2263 1866 2607 281 1839 1889 510 1255 148 2404 924 306 2644 423 76 2620 1596 1768 341 37 762 270 84 2478 300 907 1536 167 1754 2521 1766 2421 815 2712 2573 2506 2562 2561 123 2747 481 1397 2541 2772 214 1954 2726 1221 2617 396 1477 2245 2194
2755 2045 2023 1584 258 747 770 1320 2757 1707 2622 1759 315 1557 70 414 1980 360 2733 1739 18 2015 462 710 2259 2561 1476 1007 1842 2077 1853 2494 215 1073 997 1753 777 1390 1900 1517 1165 101 1992 2302 1125 436 1673 2510 328 2478 2507 2341 248 2782 1731 338 1834 660 1996 1252 257 2630 76 2257 2040 341 751 926 2777 542 187 1502 648 730 1904 54 903 1871 406 773 2281 2179 601 1466 737 1138 2772 1251 2238 1512 535 2073 1818 1000 1681 1197 487 94 1832 2251
853 1798 962 1394 1801 2323 2277 485 395 1306 1230 1175 1951 589 529 2644 954 545 572 2540 727 2022 658 63 2054 1451 1427 783 646 1361 1334 1019 1685 182 2072 789 1333 1197 304 2542 714 431 1760 2113 1298 2 2737 1213 2787 93 2178 601 2409 2504 18 1106 149 2510 940 2000 1999 2579 2129 2112 1346 895 832 1839 1559 617 1712 1842 1747 1535 1343 191 2066 1004 1590 1631 767 2016 1166 315 1928 1561 1938 889 614 551 240 2656 483 1087 1833 2400 634 2622 2663 1207
607 1981 1237 451 1604 530 446 2049 1567 1058 1301 2140 2796 1396 1518 243 2282 1105 1017 355 2660 1370 1495 1290 631 813 662 1554 1031 1287 1565 1879 1613 1742 2803 1002 2392 966 2458 2369 2257 1119 2093 1676 2596 394 2357 1978 1508 1906 2262 1384 50 791 2696 984 1695 1673 1331 1909 908 2600 2664 921 1681 2085 1000 942 391 1739 515 144 1766 2361 1614 416 975 1853 1705 1455 2829 2712 2147 487 1893 2464 1531 2404 633 1035 1965 177 54 2089 1865 301 2713 748 2543 1100
2502 2152 851 2567 1371 1605 22 2751 1214 1171 84 2109 2841 2141 941 1960 2153 894 1632 1661 419 2554 40 106 1927 96 592 2263 2162 2060 1232 2726 189 785 2348 1139 2222 1744 5 1032 214 629 744 2457 828 2404 815 1365 454 20 2623 1199 2705 1280 270 2831 957 2678 509 2401 2612 300 565 2572 1953 1364 2313 167 377 594 2760 1750 481 520 1515 420 1251 1397 1064 1987 171 42 844 1283 609 232 1333 43 506 2578 183 2216 1766 37 1217 1015 2566 2720 424 1363
1911 2355 2642 850 2512 2446 2218 897 222 2362 599 2537 2691 1436 666 1479 1504 1933 2318 1387 1621 1682 320 2071 477 1200 461 1790 1676 144 2098 1628 2452 908 99 1976 1023 208 796 2420 836 2055 141 73 2587 1599 2074 1047 1717 453 2096 399 1098 935 1510 2747 595 612 1321 1267 2156 2645 401 2289 1145 72 981 2636 1160 2469 433 2496 157 172 755 164 991 823 731 1973 265 2163 460 984 2126 2432 735 2075 2009 518 2460 888 2722 1939 1373 2443 1002 1550 945 1638
955 1521 839 698 2267 743 932 2568 427 1049 2415 1429 2629 2217 2539 2428 2423 2798 2210 2421 2520 1754 640 1793 2380 2221 1038 13 2671 1256 340 1910 1272 2150 901 1236 1041 1070 1886 729 2031 2120 1699 332 123 1399 571 56 1430 2047 323 882 500 964 1553 1053 2083 2038 2640 536 358 1949 377 370 1374 1189 2078 1337 1329 1197 2839 2828 121 933 2117 672 1888 1668 569 2578 986 2032 1266 2808 36 1431 2668 979 865 1499 828 2333 2227 1255 2602 733 176 1952 952 1557
372 2387 411 2623 2263 807 820 2666 1570 1502 475 117 1865 2313 1260 1198 1184 1916 650 2643 419 759 2179 922 1084 334 750 1603 1284 1227 1702 468 973 1199 2118 2153 1815 2216 42 2259 894 510 2677 167 1632 1738 2507 710 1221 2030 913 732 1288 546 2554 2128 420 1363 676 285 1456 1113 2573 2043 360 980 620 1572 236 629 54 1397 1541 2073 181 1188 2810 542 298 189 1703 2171 2791 2768 2346 1858 1893 459 20 1672 783 1525 2784 1891 2521 2058 148 1371 1673 1032
67 1075 1810 627 202 2509 2583 1406 1012 249 2350 2121 1001 12 2809 997 1944 2507 1055 1609 1904 2224 404 2630 520 2748 2728 960 775 1894 10 1689 1265 1517 357 2621 2435 2733 1169 1869 2533 1670 1707 2615 1473 338 2297 751 1805 1874 165 2684 2320 2623 2780 1448 1166 1832 24 2586 1149 2777 876 1138 1372 2368 2772 538 2347 725 2542 1466 2077 2478 1928 1611 2211 1594 2447 1945 1733 648 777 2294 1334 2753 2637 462 2558 1731 2744 1252 2352 1165 730 843 2484 1084 2622 794
1625 869 2067 196 353 1963 776 98 276 2256 585 2474 1600 1819 2361 2103 781 1643 2081 1579 233 9 910 1042 841 871 1583 2778 701 1794 1279 2548 928 2349 1377 620 2434 2462 2194 930 153 2697 1864 809 543 2328 2491 2666 476 1536 1657 1791 2727 582 2643 1651 669 807 2196 247 2334 732 2012 2065 2206 2843 12 2371 764 69 154 673 2749 1966 42 1977 282 639 2252 307 650 1179 636 2530 2647 996 468 2729 2264 1318 2613 579 1402 1970 181 640 1201 2460 2151 1634
1065 571 1266 2640 1952 2808 427 2415 2217 56 729 2333 1793 743 901 340 1399 1337 802 429 2568 332 2078 964 1070 2423 2083 2038 536 2839 1329 2798 2428 2120 2221 2031 1429 2539 1393 1053 2629 555 2335 2029 358 1910 878 432 2267 1492 597 1418 142 323 2743 2117 2668 417 2032 500 199 886 1562 868 1189 2786 866 733 1256 979 1886 36 1686 121 2108 2795 1651 554 2682 62 13 2570 1268 1398 2227 640 289 2224 1888 2615 2047 1499 1699 1236 1272 21 1890 1296 2090 1237
1870 26 348 1369 2649 2454 925 2769 2714 480 2538 663 179 518 550 1710 2050 2130 1788 1417 161 1489 769 1701 712 2513 860 2155 2375 884 1576 2011 704 57 1930 2418 1895 2174 2650 1358 1792 197 793 1861 1716 1859 514 2123 210 1172 2004 445 2125 185 2581 746 1422 2724 1276 977 280 1348 421 1045 1377 2289 1193 689 294 1432 493 310 433 1345 1392 1665 1758 173 1298 1857 1580 524 2206 133 1043 2461 1552 934 2332 976 287 259 2703 1034 2840 2574 720 970 1743 2544
1159 2455 1009 1815 403 837 264 2063 2484 2255 2811 317 2412 1338 600 226 2833 299 2266 2648 2371 2138 1735 17 352 667 1622 2092 573 2486 2100 1925 2139 428 2269 1982 1349 2213 1549 846 685 2338 642 2403 1571 2399 2576 90 1060 1698 1 1122 1863 913 2776 961 1520 1530 1101 1994 879 2094 867 2635 414 1078 814 1421 385 234 1619 195 203 2223 1816 2844 1480 1366 1572 2189 1025 307 2431 2797 557 2834 2481 1409 1826 1615 665 1828 1589 160 127 1201 1660 741 706 2607
1575 1758 57 493 1034 2418 2461 294 280 2229 689 1665 1861 1930 2330 746 797 1580 570 2004 2174 1792 2125 1664 2327 1392 1234 2186 421 1276 2374 756 859 1947 2456 2838 1375 210 934 793 704 77 133 1724 1358 366 516 2548 1859 1765 1196 1292 228 2184 2581 976 588 1776 548 2123 2039 857 1072 2541 1551 1350 2672 1887 1043 422 1279 1193 2694 2332 2155 1457 720 2206 801 885 2356 242 1877 2739 287 150 583 1377 656 2590 2659 263 1191 1633 706 1576 884 1086 1229 1432
2185 143 795 1411 1694 2468 1440 386 2584 1684 2529 718 2517 2298 741 2363 1129 1514 2710 958 2616 641 2175 1373 1295 2771 1863 991 1925 267 2619 1807 1814 888 1982 1360 787 1539 638 557 2385 30 127 1291 1630 1238 810 1619 342 1445 2271 2481 879 2460 1059 1939 262 2473 1270 2139 1509 2844 1446 71 1294 2820 2731 665 1122 752 891 667 697 969 1524 1530 1324 203 2189 2094 166 2738 1629 551 1607 1735 352 1069 2339 846 299 2835 273 2833 472 1338 1828 1078 160 2246
1385 1779 406 2145 1992 2763 773 2102 1007 1526 2516 1969 1511 1442 1325 1707 519 742 1138 1800 1731 1871 1645 2613 1894 257 288 664 338 709 2110 2609 730 648 186 1133 248 843 811 2331 1466 365 1783 410 1079 94 435 1424 538 1573 535 2843 870 2746 2560 544 1005 717 11 2377 2302 1968 1454 2290 2219 1670 392 112 1419 1040 1309 301 1581 1634 2730 605 1165 1527 315 1068 2095 2680 610 1546 2251 2830 1020 881 568 2549 1516 191 434 1379 1966 336 2697 1131 1110 678
540 1019 1093 2242 751 2785 1561 1914 63 2441 777 407 1856 2022 1346 617 2827 1535 1087 1996 689 1685 2238 570 940 766 2111 1176 328 2542 2737 1091 1683 133 2202 88 581 182 198 310 1004 2745 1476 2585 737 341 2374 1898 2555 949 783 291 620 1215 1999 149 1343 57 832 2112 548 997 1785 462 1596 132 2507 2263 1434 1251 1197 1359 762 732 2733 2184 1904 2114 1365 1353 2562 280 596 2125 230 1930 1318 2582 2838 2129 924 2190 576 1733 75 95 2498 1103 1797 797
70 1753 1125 2561 2777 2772 2478 2077 431 2510 1035 1839 1252 2015 1390 2757 2622 1759 2818 1557 1834 315 951 1165 767 191 2302 1842 18 601 1533 2 277 2663 1980 2161 997 769 2315 1228 2702 101 860 2685 1329 2506 751 1130 2546 2653 1137 1895 1150 2686 103 635 188 2839 1417 1962 1739 2344 2574 433 1306 1747 297 1666 1427 2755 2779 497 2066 1266 2400 1674 1904 1443 2022 359 1489 85 393 943 1785 646 688 2507 1597 10 2409 2647 1786 1102 1938 1166 1847 2136 1905 2289
2755 2045 1584 2023 258 747 770 1320 1266 85 1301 2421 2808 1604 1035 463 2772 2574 2077 2419 1557 1753 2777 2478 2768 1237 2561 1397 2140 1029 1390 1952 1058 487 2361 1488 1252 2622 1754 1369 1839 2724 860 1417 414 622 631 2015 420 2757 1125 74 2093 2649 1521 2034 924 1701 1848 257 1489 1740 563 712 1739 2424 260 2344 2800 2179 2122 2714 2796 2494 1759 2076 2011 1007 2753 178 104 2307 70 1981 1518 2506 1853 1710 550 1812 1423 259 142 2131 1165 1412 2735 2358 2510 2302
213 1945 707 2354 2408 1867 1269 424 520 19 1849 1529 232 1722 2566 2390 1733 2744 783 2737 954 1685 940 1749 2555 1889 949 1727 2112 1019 853 149 834 1004 1999 1394 957 1103 2058 2022 198 63 1631 1298 2725 1904 997 1363 1277 609 182 1288 1712 2216 2507 967 2572 1434 2197 1760 2457 1766 2542 60 1801 2497 2404 2464 905 1608 1703 1087 103 617 2823 2441 75 42 1785 2772 1304 1343 2353 1914 1323 752 304 509 540 1856 558 2777 844 474 2706 2522 2576 2277 45 924
2320 1149 29 293 286 2756 2172 2533 2673 2787 2021 739 2161 1231 2267 646 708 500 2615 1431 754 918 2224 2117 2428 1886 1448 2131 1499 36 700 2814 184 591 1689 2120 1070 1728 2031 1904 853 2221 1553 2629 1491 2539 24 124 1533 1707 1956 135 757 1429 997 1296 2295 213 414 2121 2583 2798 1001 2350 2408 1265 1766 119 1945 527 1812 2430 235 162 1535 2024 974 623 967 1837 538 1894 1253 1256 1181 2380 1670 2371 616 415 1165 1158 1266 2735 2822 2507 1430 180 571 1099
2339 991 1295 1862 1807 1373 2771 641 2466 2662 888 697 511 262 127 2385 2710 1081 1509 1497 583 2175 1863 1514 741 588 2524 1324 2541 1814 2731 273 2781 1735 1059 2517 1947 342 46 1355 2184 687 537 2776 143 1167 1291 1238 1539 1540 267 551 1242 2340 1765 969 133 2215 1572 795 718 2468 892 1 223 2740 234 2844 2529 1618 548 2727 1811 2372 386 30 1445 2104 961 2013 1122 2473 2185 976 1196 472 154 667 2189 1803 2298 1278 1215 913 2094 1349 756 1619 2635 1652
2387 372 468 807 2313 1015 1610 1858 973 298 1456 980 1284 750 820 6 334 2118 1884 1285 1570 1560 1865 285 1221 2677 1260 122 546 1603 1541 459 448 2268 475 2791 2643 582 37 1916 1153 1537 2535 759 411 1227 2194 922 1891 396 419 1723 1761 629 2261 275 1188 1512 690 1502 1697 1572 1084 506 2153 42 1844 894 281 454 2171 2030 1199 1340 476 1980 481 117 829 2573 815 1987 2666 650 2554 1286 152 1363 1702 258 1205 2162 163 669 1305 2755 913 2239 1962 2292
1083 1702 620 732 181 759 1318 2643 1536 636 2807 42 2278 582 1797 546 6 285 1221 468 2678 411 1260 1188 2627 2425 2677 2048 396 1108 2476 973 2168 1251 298 1084 807 2313 661 372 669 2194 133 1697 1525 922 2608 2522 1947 476 1064 189 1856 2760 462 2060 2171 2111 1858 1365 2056 2554 2004 40 1280 2548 45 419 1761 2816 171 270 1227 2263 1375 1792 746 570 1504 2441 2498 2745 1625 1930 57 2623 2182 2615 1846 187 2489 2418 2229 236 2562 2761 387 281 493 1861
2578 828 377 1251 2083 1364 2056 2608 2760 2182 45 2522 1064 236 2612 2401 1797 2602 2705 2831 1668 2116 1726 183 2678 959 1337 171 2197 672 933 1910 2828 1374 785 1754 1217 1038 2520 955 2798 2503 762 621 729 2038 1041 1365 2807 1336 2421 2718 229 2582 13 698 2160 1013 2263 2220 2562 1318 565 1429 1329 2629 964 2539 1049 42 2079 932 620 506 2445 732 1204 1272 333 2476 1458 398 2278 1399 1433 2221 1521 2441 1170 1560 1280 2013 1183 270 1425 2210 1482 2141 689 2623
61 2396 207 2025 1787 192 225 2669 2794 49 2173 1282 1481 356 296 239 408 2280 52 1506 209 838 525 139 290 245 654 1141 1378 346 418 1022 131 2821 2091 1875 2164 1662 1781 2070 2467 2690 1692 786 758 478 1262 455 1140 1612 113 1356 363 1465 653 383 241 389 467 1124 27 2429 2765 484 2137 1274 1248 2398 1275 216 1924 2142 840 449 2311 138 2244 108 1303 268 1780 1037 2465 2505 1706 295 1039 495 799 2236 464 1475 1127 2059 726 858 1024 936 534 1843
2093 1879 394 1906 1290 631 921 1017 2282 1518 2064 2796 2596 2049 2392 1567 607 2140 1604 451 530 1301 1237 1058 1909 446 1981 2357 1119 1978 908 391 1613 1673 2257 1614 337 2696 662 984 813 1554 1331 54 369 1739 710 1370 1893 2262 487 542 1460 1384 2259 360 2660 2600 917 1681 1853 2782 2252 2550 1621 778 2733 942 1970 660 517 902 32 1002 1705 107 1382 2648 1194 243 1832 2297 2641 2166 2543 2507 2106 2664 1372 1455 1000 2604 412 2711 1742 997 1745 2414 102 17
1422 2767 1993 1663 1782 169 1623 947 1617 1679 2837 1444 1328 2836 1045 712 1649 1381 2707 1054 1261 2352 645 2050 1544 1658 2439 735 2241 550 2011 51 445 1218 2130 179 2840 1489 155 860 2714 1710 1860 1640 925 1552 1307 440 1208 563 1486 900 904 1369 674 1437 1468 134 2424 2515 2769 992 2454 2544 259 480 260 1428 319 26 659 2133 769 1416 906 2076 2358 2046 1123 1046 2628 1253 2826 1701 348 1029 1417 1848 1948 2337 194 559 1586 2652 978 2312 2007 2649 497 463
844 2457 1515 5 509 1616 244 2572 2464 2115 1696 609 1766 2725 744 2448 1889 957 466 1744 2404 1556 1477 163 1061 388 1637 2351 2677 498 629 2222 2387 281 232 520 2162 372 285 2508 425 19 582 2128 2726 546 2643 1945 2014 1661 2823 807 1221 1426 592 2278 2566 375 2169 23 468 1326 2124 167 1269 1702 473 1844 1722 424 636 20 454 759 2109 42 1214 1080 2210 1858 1188 565 752 2521 6 1947 1880 2751 669 829 1754 306 1265 2627 732 119 2366 1867 2421 707
1870 26 2649 2454 1369 348 925 2769 480 179 2714 1710 663 518 1788 2538 1701 1417 1489 860 550 161 2050 769 2130 2375 2650 712 1895 2289 173 433 1045 2482 197 2513 1422 2011 735 1029 2840 2241 1617 606 2724 2424 445 1993 645 178 2287 1552 2753 2626 2397 2344 2084 622 2646 623 1328 463 1253 1307 2358 168 169 1679 1627 2076 1218 524 1663 259 793 1146 2480 675 1054 1649 2735 2800 2247 563 659 2606 1172 1782 2530 2676 996 202 943 2439 489 1564 1406 1193 2652 2148
1752 1799 1624 1202 1146 2069 2389 1545 626 283 1644 59 4 2832 613 1737 312 1102 826 2528 2411 1407 2477 950 266 2501 611 2367 556 2817 2790 1656 2044 1934 1319 635 1983 2148 977 1405 188 547 1092 970 489 197 1172 2781 987 2652 2419 1386 2270 2574 524 943 2133 735 2200 518 1151 2662 221 1437 2588 1716 85 900 2035 2714 1497 440 1190 659 2606 817 132 2198 2084 2538 74 1494 559 1509 2724 1847 877 2676 703 2515 2797 1653 2312 60 1615 1636 1228 259 2424 2564
468 807 2313 1865 1858 2425 1260 2476 1560 1015 973 298 1797 1285 372 229 2197 448 2118 1884 980 620 181 759 732 2643 1610 1456 122 6 1108 1536 1251 387 42 2268 2760 959 1199 2688 2678 1364 506 1570 546 459 2608 1935 2056 636 285 2401 565 1064 1284 236 1286 2535 2705 1697 2831 585 45 2522 2791 1318 582 2041 189 2182 2554 2612 419 2807 1702 171 2720 2167 1221 669 2060 1844 1463 1537 300 2498 1083 2278 2562 820 411 1084 2168 1134 1188 96 2442 2153 476 1916
1422 2767 1993 1617 1663 2837 1623 169 1328 2836 1444 1782 1679 947 1649 1045 2707 1054 712 1381 735 1261 2050 2352 645 2130 155 445 440 2011 1544 2241 1658 550 51 179 1860 2439 1218 2840 2714 319 1640 1552 1208 1468 1416 1489 194 904 1710 860 1029 900 2312 1307 925 2454 2769 1407 480 259 674 2424 134 2133 1486 563 1948 1437 2337 2652 2628 1369 2544 260 2076 1428 1253 2815 1046 348 769 2515 992 906 2358 2082 965 518 1123 2735 26 2631 74 1096 4 2826 2606 562
568 730 1466 338 709 186 1455 1442 2219 2516 1516 1526 1325 1969 1511 1707 1007 1454 538 248 1992 742 1894 2763 1379 773 1385 519 257 1779 843 406 2341 336 1068 1138 253 2145 1546 678 535 2251 1670 2364 1794 2331 610 648 1243 2102 1850 2746 2830 1020 870 749 2005 855 937 881 1581 237 2151 2290 1005 800 1731 1133 2560 392 1079 821 2299 1871 1498 2243 1783 2843 301 2377 1573 1968 365 1094 673 2680 435 593 2492 1131 717 2730 774 1660 1527 112 288 1110 2519 2549
339 863 393 1646 2136 1244 1120 1678 1073 2518 1732 1620 2275 603 830 1450 1147 1462 845 1523 1016 373 2695 751 584 2383 441 997 2395 835 2080 1482 1107 2555 1277 1310 1904 1183 2507 2785 2058 1914 834 1608 2077 2546 1254 2777 895 1753 2661 1821 1727 1115 2478 2422 1720 2772 2005 70 1125 676 1533 1561 1389 2680 827 1691 1670 65 490 93 1114 1906 2818 103 2576 1323 465 1176 678 2509 1590 1908 2579 951 1300 2697 1181 1252 2542 538 1186 1512 1340 2251 2015 369 2560 213
70 1753 1125 2772 2777 2478 2077 2561 431 2510 1035 1839 1390 1759 2757 2622 315 1252 1557 2015 191 2302 767 1165 2818 1834 951 18 1842 601 2 1533 2663 277 1980 2315 997 2702 2685 103 1443 297 1107 1608 1938 2494 1747 889 2161 2686 835 2289 126 2755 2259 1720 1340 1821 1266 1306 2023 1488 1908 1323 853 101 1786 1329 1597 848 1833 1904 1310 1853 2506 1137 433 2507 1962 1922 393 860 423 1235 1845 783 369 1427 702 1559 2179 1244 360 1798 1707 688 1895 903 1584 485
2809 12 627 67 1075 202 2583 173 1810 1473 1406 1721 769 1012 2507 2509 1895 1876 997 2121 249 574 1001 1874 2350 1904 433 161 2435 1390 1223 2057 2375 1401 2561 1555 1557 2598 70 2478 2077 2099 197 1759 2307 2436 2622 2683 1165 682 2482 532 2291 2772 2777 494 74 1723 521 2574 2553 359 1439 2800 1334 1287 1753 2757 2369 671 1839 2028 2617 520 482 168 19 1125 1563 677 1980 491 2438 2670 330 2653 2015 414 372 1817 1252 191 313 2265 2344 2708 2676 637 696 424
2755 2045 2023 1584 258 747 770 1320 1853 70 1759 2757 414 2622 710 315 1739 18 1980 360 2259 1707 2782 462 1073 1834 1476 1681 2183 2510 1842 1557 2733 2494 2561 2015 1000 601 2257 487 1502 1517 542 54 1673 2179 2 1753 2663 531 2302 660 2664 2341 1695 1893 2630 187 406 2077 1512 248 2699 2534 951 1198 1340 1844 1390 338 101 1992 1975 1252 1165 2818 1871 1554 1007 1968 1832 2684 2478 1325 1370 1511 648 2702 1572 1731 148 1125 117 2696 2680 2777 1197 2657 1133 94
1778 2394 105 1946 416 883 257 2843 144 1419 569 193 988 1894 1731 1132 1588 320 519 1621 2341 2417 2452 1871 1219 1527 1249 908 536 1882 1323 103 1608 1138 2613 1454 301 593 392 1186 1479 502 568 673 774 1455 11 1002 1460 1707 2299 945 2471 2492 2090 1174 688 680 1200 1926 2555 2777 1495 2196 253 2460 2772 678 1645 332 1094 2609 1936 1006 2830 250 2601 1020 1720 2314 1368 749 869 2377 535 412 499 1533 1068 1734 2326 85 2331 2360 705 2647 1125 1154 2697 1277
1798 962 485 1306 1175 1951 589 658 727 2540 2323 646 853 1427 1361 2054 395 1451 1334 1230 1394 2787 2644 529 1801 572 714 1166 2409 1928 2072 2277 93 789 898 251 1106 895 1558 1137 1590 614 1559 1197 1971 2542 2113 1207 545 101 1087 304 240 2066 374 2504 634 431 1883 1839 954 1115 1213 2381 2546 2000 2510 2622 1759 483 1300 2579 1161 1786 2178 1298 1557 191 2757 739 315 803 1257 601 293 1834 1958 2430 783 1513 1689 1035 2302 1353 1847 1390 126 63 617 832
2458 966 1495 942 2085 1742 2543 2600 487 1705 337 1681 1384 1331 2660 1370 355 1614 1673 1396 2696 1105 243 2257 1554 813 2369 1002 984 1031 1695 1893 50 1676 54 360 2664 1000 1853 2259 1508 1287 1565 2803 1739 791 710 542 2782 660 908 1017 2147 1119 607 1154 1566 1033 1745 1978 2743 1052 566 886 2459 1239 114 2049 199 631 1455 1237 2026 1393 1231 1567 512 416 253 1368 320 492 1770 2282 1219 597 451 1301 1562 515 2384 1518 2566 530 2262 579 2488 568 1890 19
143 2185 1440 386 718 2529 1684 2517 1129 2298 1694 2584 1411 958 2619 1514 2271 2616 787 1360 1630 1445 638 810 30 71 795 697 1446 1939 1294 2246 665 2481 2363 1270 1258 741 752 1112 2468 203 888 1629 1814 1539 1619 1982 1295 1807 641 557 2139 2094 1863 1925 991 879 1530 577 2771 2385 1373 2460 2801 1059 2820 299 127 2269 267 160 1078 2731 2710 667 2833 342 2266 583 262 1735 1122 1509 1324 2727 2473 2092 273 1238 1081 2607 1549 1291 588 551 2175 2431 2524 1480
119 80 1383 1296 1265 135 1448 1984 2615 1312 184 2413 558 1478 2295 2224 2472 2638 739 520 2566 232 424 1945 19 29 1689 1269 286 2172 2320 2533 1722 1149 2408 2744 5 293 2673 941 1867 2021 1733 2354 213 2457 1849 2787 84 214 43 150 1426 1597 2567 218 1326 2169 707 233 1953 1279 1298 509 609 2751 1139 182 1766 1477 1744 1043 1434 2801 1807 1529 1171 1927 189 795 2656 247 503 2662 703 2109 1515 2390 1889 426 1651 1922 369 723 1191 2448 2228 2464 2823 1214
909 1462 115 2194 2261 1891 2361 1221 1723 285 1987 1761 2617 546 619 1757 2089 2308 661 521 6 629 40 482 2677 396 2816 1995 1153 2712 582 1496 2494 2704 2077 1897 76 1283 650 2666 372 1144 84 815 1371 481 1865 2657 1536 2803 476 941 1869 1362 1476 1180 2256 1754 391 258 2421 1433 2478 594 2747 1882 401 281 851 2772 2427 576 341 2115 1425 2210 2810 1227 2272 1839 451 387 669 1541 636 2495 970 1287 1960 751 524 380 1073 2556 1922 117 791 2686 977 1844
1895 433 769 2375 2289 161 197 2650 2482 1721 1759 1876 173 1473 1223 1701 12 2702 2757 2291 447 18 2315 1874 2057 2683 2809 2639 494 2435 601 574 860 2622 329 315 677 146 608 1027 403 647 2685 2022 526 1228 1842 258 2736 2051 1892 2719 1825 1439 939 1976 682 274 2696 271 1980 804 2779 2220 1390 2506 1710 2716 2302 2089 1785 1834 1881 1029 1931 9 994 2792 1899 2540 2436 725 1130 522 70 1815 1677 168 951 2207 2370 1150 1489 1427 974 1555 120 2778 611 864
2339 2466 511 697 1572 234 1514 913 46 2781 1324 2524 2635 1349 223 1618 892 2399 1540 2215 2372 969 349 2340 2727 1 273 1615 2104 638 551 1811 1803 1445 2213 2662 30 1520 143 1807 71 1355 2517 2541 2834 1167 958 1101 718 1295 2013 1270 2619 342 741 2158 1629 991 787 961 685 2758 2529 1025 1059 1242 2731 1440 810 352 2175 2710 386 307 2253 2771 2271 1095 203 2801 1373 888 1509 1411 127 2246 1630 2444 262 1862 2138 1360 795 1069 1524 2648 1497 2226 2223 1994
247 153 1403 1359 2585 723 303 1772 450 2582 539 1121 1204 206 2453 343 862 1751 2718 2551 719 2485 764 2018 2284 2008 2146 1289 2603 1997 1633 1534 914 1351 35 190 1493 615 1577 2824 1157 812 778 2550 382 1507 2711 1970 107 873 2604 369 1460 1915 233 1595 1963 2209 2233 1467 1608 2254 2196 1177 517 2434 825 1246 2536 103 1854 1154 2641 1323 1028 2019 1734 2394 1720 2414 1919 2734 736 1821 2192 1690 227 1748 492 819 2360 1669 1691 2754 2234 998 1859 2049 1104 1667
851 40 1232 629 37 2677 117 1960 1113 2494 1502 1371 1198 2573 2179 1184 924 475 420 1397 1738 2768 953 1922 2203 1144 1462 148 1221 1605 327 1570 372 922 1768 1537 1283 1487 1488 1471 510 690 285 2216 1591 1659 594 2620 2502 400 1916 2841 281 2058 2361 909 270 2263 1891 6 1340 459 2048 1363 1687 1641 2128 2555 796 1727 306 1703 1723 1757 2706 835 474 1288 275 973 2772 907 72 980 820 2666 2561 1277 2168 2661 2521 1744 423 650 1954 1400 2387 2726 834 20
2011 645 2840 445 1054 1328 1663 1444 1649 1679 1623 2707 169 197 2767 2837 2836 1552 1782 947 1029 134 1045 1993 1617 1422 1381 1261 2088 51 735 2130 712 155 440 659 260 2050 1544 2439 2241 463 2735 1307 1658 319 1208 1860 1253 179 904 563 2076 1218 433 1468 860 906 2289 1148 2826 1640 2084 562 1486 900 769 2419 986 965 2133 2352 2454 2424 489 674 201 550 2714 1369 2650 559 2287 2652 1046 259 1491 1437 978 1489 2815 1428 2574 1775 194 2628 2724 2007 109 2606
171 2608 2760 2182 1251 236 1064 2056 621 2831 45 2522 2705 1364 183 2401 2612 2678 1797 959 2116 1286 506 1560 2197 785 229 851 565 333 1844 2263 1217 2502 2152 1726 1987 815 2807 84 2572 1458 2623 40 1371 629 1536 2141 2503 398 1605 181 2571 1318 42 270 2425 1960 1365 732 2386 2278 620 636 309 1768 941 762 894 2726 2153 2720 2554 2567 2476 856 973 2048 1083 2761 2591 419 106 2162 1750 1015 2562 1108 1232 37 1661 1013 1280 2677 971 300 2160 1927 2079 1336
1051 1636 1496 1218 1948 1416 1261 194 1965 2556 1096 2815 1897 2272 1316 2628 1586 497 1362 2713 2352 1658 1840 1860 992 2046 1544 2439 2241 1381 48 201 64 712 1569 2721 100 1679 1054 715 2545 1649 1623 950 659 1045 2707 1782 1444 562 1552 1796 169 2836 2433 439 1993 1328 947 2309 1663 1148 2837 155 769 1901 319 79 2735 2367 197 904 2034 1617 1453 1422 489 2084 611 2376 51 1319 722 1640 2007 2011 1307 645 563 1486 445 231 906 1428 735 122 2133 2840 1029 1848
1545 2389 626 59 1799 4 1752 1202 2367 1146 950 2069 1407 613 1737 283 826 2477 266 1319 637 611 521 1624 547 2308 1815 565 1640 2158 1408 2440 1555 2832 271 447 2215 2712 974 1201 368 2183 1217 1615 1725 959 2720 2144 2781 1783 274 2614 506 598 1167 633 1757 2797 948 2817 428 1983 1811 2427 833 41 187 608 120 1572 1330 2372 860 2528 1255 1095 1994 1942 1102 223 2627 1210 46 1826 1261 923 526 2013 255 2051 2168 333 1286 2844 1386 2766 1844 237 1822 2220
2766 165 2558 2825 2207 1130 2728 1056 1825 447 1940 725 1986 2506 2736 1126 1055 442 692 1841 362 2292 2319 1962 790 2719 2294 2258 1944 2741 2135 204 899 1606 1212 1935 1547 137 116 2511 1463 2842 79 2041 2068 97 1874 2665 722 246 2435 1134 2305 104 1223 1067 2291 1452 864 608 2683 2057 251 494 274 146 2113 994 526 2440 647 1427 2066 271 1942 545 898 677 2381 304 364 1408 574 101 1166 2639 1899 20 1473 2813 70 141 2540 646 2809 1928 167 614 1353 508
2490 254 1642 3 2405 2170 1958 66 1136 652 282 14 2536 779 2336 2157 1246 2434 765 1745 1574 350 929 1245 1985 825 1869 974 873 404 862 2593 2101 1633 2667 1534 256 2209 2426 190 833 1947 2184 1344 1347 1169 2781 133 1319 2231 2224 1351 2564 357 548 2473 1595 1410 1012 2161 2019 35 143 516 1577 1403 1609 2605 1943 2583 977 10 2748 1600 1135 1157 601 371 2525 1497 1441 2789 2012 2339 1493 1002 212 2344 2487 1624 1172 249 1772 522 187 321 233 2215 1167 2453
1112 440 123 155 1255 735 1270 1258 2130 1617 2050 882 2171 1757 1422 986 1045 2481 665 2616 1294 1446 2298 712 2246 2043 2631 179 1360 1993 372 2816 2150 1630 194 2767 807 1939 2815 2352 1328 2501 1697 1129 1623 2714 1600 1649 1663 1096 2023 550 1694 1541 2482 1679 1260 2836 1479 2044 1362 2837 820 1956 173 1934 2241 319 2318 1320 2801 518 1416 439 1897 1723 2011 1948 932 1319 1621 1552 1636 169 2619 2380 2584 2732 650 1684 958 2449 1049 1731 770 2411 1534 1261 1278 1860
1752 1799 1624 1146 1202 2389 2069 1545 4 626 2832 59 283 312 826 613 1407 1644 1102 1737 556 266 2411 2367 2477 950 2528 2501 635 611 1319 2790 1934 2270 2817 1656 987 2044 547 2082 2148 1405 188 1983 977 518 1386 85 2652 2312 943 1172 1092 221 74 2133 817 259 900 2300 1926 2588 2714 2200 2606 1468 1208 1552 489 1362 1428 1636 2419 2011 1151 970 2781 1437 2676 1422 1629 2424 659 2574 2007 2538 735 524 904 906 2724 1414 2337 2076 2662 559 445 2344 1261 1190
732 2152 181 620 1797 1083 2141 2502 636 42 1702 2278 1536 1318 2048 2807 2643 759 582 2678 1605 1596 851 2567 1280 40 546 84 1365 6 1251 1221 1960 2841 2726 2498 2263 1661 22 106 1525 2162 1768 1214 844 2760 2554 2425 941 419 2562 133 2751 1364 2476 2153 285 387 1927 1108 1880 2720 2222 894 270 468 5 2056 1064 1283 1659 2182 2608 2831 2401 20 1744 454 1371 1171 2627 167 171 396 2677 1632 2457 1891 2374 973 1726 2612 2022 2442 2203 1515 2522 644 2761 1723
550 1489 1218 1422 2352 2707 712 860 1679 947 1623 1417 2545 1261 642 2100 2050 1054 2439 846 480 1045 925 179 1658 992 1253 1649 1444 1369 1381 1544 2714 489 1407 1409 1663 1622 2034 2515 1782 169 2046 2084 1328 2574 2649 2837 659 497 1099 556 2486 2241 1102 1586 649 518 600 74 900 1135 1710 2011 1095 2817 1338 2454 2597 943 1552 1319 2769 463 1617 2130 1870 2724 1190 1848 1837 26 635 312 197 1051 573 51 1486 663 906 2735 188 1656 1701 769 1428 1993 2790 1158
1628 453 2163 401 2829 177 2122 1023 2679 2055 141 1163 1903 99 461 1085 1510 816 73 595 399 2587 823 208 2655 1717 1599 981 2469 2098 2126 460 2074 1047 437 731 380 1145 2747 477 612 1160 72 760 1233 1976 2009 2636 172 2722 2274 1872 2577 164 694 1808 1241 2355 156 2775 1089 1155 1415 144 174 850 1688 1100 1436 1784 2218 222 1404 935 1911 2750 2096 2691 1305 1479 2362 836 2574 1801 1790 1504 581 515 1035 1387 2561 1605 897 2645 1088 479 182 2282 1357 2201
757 1728 1533 754 1231 2756 2021 29 218 2533 2320 707 1149 293 646 2024 5 286 2172 424 213 24 1801 1945 2408 967 19 558 2787 2323 2295 1394 2566 739 1849 520 2457 1804 1766 2277 184 2725 609 232 545 1689 1867 2464 2143 304 2413 2077 135 498 1597 529 1889 2354 509 1515 395 1722 426 1269 844 634 1753 2777 1904 2673 2478 2113 2178 2644 2772 988 507 2764 244 1115 569 2161 2014 2508 2124 1252 80 744 2546 1616 119 752 70 957 1326 1186 193 1182 162 2169
2411 2528 1644 2501 2044 2817 1934 2832 635 1624 312 1656 1102 1405 943 221 987 1407 2790 556 85 188 611 1926 817 2300 2082 1319 2270 547 1386 59 4 2449 1545 659 1799 2631 1046 826 2389 1873 1181 563 613 1135 2007 2477 674 266 1029 2213 1428 1307 1983 978 1848 1948 2564 860 1099 630 1146 2011 1988 1092 489 1737 651 904 2337 1172 977 2391 1437 2358 2714 2675 2344 900 2088 2574 1313 1564 2419 906 2133 649 1123 2721 260 2312 2540 2606 559 1417 1878 237 1788 1208
1475 2236 999 2059 726 1273 484 806 1187 314 1050 1967 331 430 2406 1929 2531 1635 534 2429 655 390 1706 1715 464 1648 1011 1875 805 131 2053 780 653 53 2061 268 1755 1124 467 2244 1662 1275 1730 108 1655 402 471 1395 799 1037 1921 1438 1024 1378 1787 452 2301 295 418 721 2402 1829 1317 2765 2806 1972 1647 936 1831 2407 2279 478 2698 1756 2794 28 2396 1563 1918 2142 1465 113 2285 363 782 207 2632 1303 1503 1262 847 2505 2465 628 1472 1018 927 1127 1008 1216
1834 2818 951 2015 1252 2 18 601 1842 2663 2622 2510 1557 2757 1759 431 1390 315 70 1839 1165 1753 2302 191 2561 2777 2161 2077 2772 2478 1125 1035 1443 1938 1747 2686 889 767 1833 1980 2315 277 2702 1989 2685 1533 2667 1166 1107 2496 2755 211 1310 465 126 2409 1962 1462 395 1928 1073 997 1646 702 853 101 1591 895 1786 1767 790 2532 2699 2471 2381 1340 2601 2506 1427 93 2653 676 1590 1830 339 1122 1971 1130 1853 2247 2504 2644 1897 751 832 2422 769 1973 557 1412
2755 2045 1584 2023 258 747 770 1320 463 2077 2478 2772 85 1029 2561 1369 487 2574 860 2777 2419 2344 1557 74 2635 1266 1007 1073 1739 2259 2768 414 631 1753 1035 360 2361 179 2735 2649 1088 1993 2676 1397 1163 259 2724 1125 2494 2622 977 1023 2800 1099 1488 1615 1489 953 54 2714 508 2302 26 925 70 1604 616 1837 1253 924 315 1407 257 622 2015 255 1673 611 1252 1165 997 1390 547 550 1701 2307 420 337 1301 2790 1980 1759 1319 527 1471 1848 2756 2757 2421 1812
2809 12 1473 1721 1876 2657 1874 2583 140 146 637 494 2308 2683 619 2057 2617 2435 67 1868 403 521 2090 1852 1895 491 627 1349 1060 2438 1266 1265 2598 1452 191 2375 2639 197 2291 1223 2055 53 2635 1592 2427 2445 1769 414 2712 2089 1101 255 2823 682 1810 2811 1793 646 173 2436 1185 444 1746 677 217 1798 1516 2813 648 574 2041 2302 2478 997 2054 1777 401 1639 1651 962 1951 769 1165 2099 2022 1613 1892 755 2255 1260 1904 1865 2509 1886 1417 1330 647 391 68 1815
2713 2721 1453 715 100 1796 1569 2433 48 2545 1490 305 64 2034 562 2376 1901 2309 1860 201 439 1316 2815 1965 563 1496 1586 2337 1051 2272 1148 497 1422 2826 2556 712 2358 260 1307 319 978 2007 784 1218 2650 2050 1046 1948 769 1428 231 559 2652 26 486 1369 1045 2287 1848 1416 2714 2454 1623 2312 1617 1552 1096 1636 259 1437 1870 1679 906 1261 1054 725 992 2606 2808 2204 1658 2088 1468 2480 659 1782 1313 2603 2767 674 1640 440 735 2046 2397 169 2241 2130 2646 51
2152 2502 1605 851 2567 1371 2841 1891 84 1723 22 1214 1171 40 2751 2141 2666 629 419 2554 1960 2153 2263 1632 1927 1661 106 941 894 2162 96 2726 2048 2222 189 582 167 2109 1083 6 2203 1221 1397 42 1744 420 1659 2348 475 2810 2060 481 2678 732 2677 636 1139 1515 285 1768 2643 2171 546 592 2022 1283 20 2346 1251 214 1536 1032 1199 2816 1394 1987 1333 5 844 1232 2278 815 2043 650 1702 454 1916 2831 1502 2768 2457 424 1922 1525 759 746 1364 2573 2623 609
1583 9 1179 1579 998 2792 2328 2491 1977 1651 1470 1578 887 1791 2252 1531 2682 748 118 952 2065 919 2778 1769 567 841 916 2647 1063 1354 2575 1667 227 819 1854 930 639 517 2723 1770 1920 945 1970 1585 2042 114 2711 382 2310 778 808 2416 2729 982 2349 776 2097 2658 98 928 875 579 975 1611 2462 1851 102 1372 923 2225 1626 1169 1809 353 1963 2334 1819 1625 2347 2234 781 2360 1690 2329 2405 1528 1734 1657 279 182 794 2368 1246 2192 369 86 357 371 2022 2233
1533 2777 1125 2077 1753 2478 2772 1728 2756 1231 754 2024 1597 70 426 757 2561 2021 24 2143 2260 2533 2320 29 739 634 293 1149 1804 967 218 646 1035 2430 1689 213 1265 2787 1513 1847 286 2615 1719 2172 1448 1161 988 1228 184 2296 707 1252 2408 424 193 1773 1213 359 853 520 1785 2113 2015 1945 1795 119 2054 135 2673 569 1296 1478 2413 1166 627 558 2178 304 1383 91 232 2546 2295 2066 2235 103 1928 191 2409 898 997 2161 746 1323 1846 1115 545 1165 2247 5
654 1356 2070 216 625 1248 1141 653 679 618 200 2311 2062 2017 1961 1021 1781 139 1472 1297 245 449 1026 27 525 782 1018 1118 113 192 2812 408 1435 1140 252 209 2173 1505 1282 2632 2669 1822 356 1598 2316 2164 1097 495 2698 1506 580 643 455 1912 1484 1008 1974 159 2025 49 1143 1654 1612 2483 2280 351 1293 2644 111 2053 136 1342 383 1817 2195 838 1302 1655 2197 1787 1225 326 296 1924 1124 2301 1711 2293 1352 488 125 1692 1037 479 1954 1423 1831 581 2199 1074
5 2457 844 1515 2725 509 2464 609 2572 1766 744 1889 1696 957 244 1616 2115 2404 1945 520 1556 1744 424 19 232 2566 466 2448 1637 1061 1477 163 388 1269 707 1722 498 2408 2354 2351 1849 1867 213 42 2162 473 2508 592 1927 80 1661 2278 1733 565 2169 2823 752 1383 119 1214 1265 1296 2222 1797 1326 1632 2678 1904 135 2425 1858 1844 2726 1880 1171 2014 189 2056 375 2366 419 2643 2744 959 2751 1108 2706 1529 106 1251 2060 1596 468 2615 2124 2554 2128 2521 1448 6
1115 2546 1389 2579 251 2113 374 2759 2504 2178 2066 304 803 101 572 1213 1427 1137 2381 341 2040 364 2114 1900 215 545 436 2238 989 1951 1683 1230 737 328 1971 581 1306 485 1175 766 2540 589 1257 2277 727 483 1300 407 1353 1786 1394 1883 646 1798 2409 2242 1357 614 1898 658 1801 93 898 2644 962 714 1166 789 1590 895 1087 2072 1207 240 1091 1361 2054 751 395 1558 2495 1093 853 1451 2787 1928 1106 1996 2000 2077 2478 2288 2784 1559 39 1180 564 2323 1818 2777
732 620 181 1083 1318 1797 1702 636 1536 2807 42 2278 2141 1596 1280 2048 2562 2643 759 2498 1365 2678 2720 387 2442 582 1525 1880 644 1251 133 2476 1019 2263 2608 2425 540 1064 2374 40 2623 481 2627 1802 2688 2522 1768 2554 2760 894 396 419 2188 2448 2386 1979 2056 1364 2182 6 1960 2168 2401 2831 2153 2116 43 45 546 236 106 1726 2612 63 2761 1084 762 1108 1632 171 1927 189 851 2022 1856 1661 689 1260 971 1283 84 96 752 793 183 1183 974 2004 468 973
2371 428 2092 2269 299 2833 2576 2139 1549 2776 2484 1201 1122 264 2412 1826 1982 1735 667 2255 1925 2797 2844 352 2063 837 2648 2455 741 317 2811 1338 1589 2189 1009 879 403 2385 226 1814 2403 1863 180 1421 1619 1815 2266 1159 1571 969 2094 2213 1071 1698 2486 1530 90 642 2731 1622 17 600 846 2338 1994 2223 891 1078 888 2100 2138 2473 262 127 573 557 1349 195 1101 203 1242 2654 687 867 1 1291 2226 814 1238 2460 307 160 1824 1539 1520 267 234 2431 166 913
196 1625 353 869 2067 1963 776 276 98 2256 2474 1819 2361 1864 585 233 781 1600 1042 910 2081 701 1643 1038 2103 1949 2462 381 1402 244 871 1041 640 1754 2363 2421 809 729 543 1844 2798 1766 492 1515 1744 2001 565 2778 609 2115 1078 2027 1616 160 2278 481 2334 153 1910 1802 163 2210 841 2026 2464 1851 982 2677 607 1638 930 1223 1889 425 388 2404 476 744 1154 1061 1556 557 2101 375 592 372 1696 975 904 819 2157 2379 2803 1063 506 515 2488 1530 1637 2226
2185 1694 2584 143 1411 1129 1684 718 2298 1440 386 2529 2517 2616 958 1445 787 1630 1514 30 2271 638 1360 2619 810 795 1446 697 1294 2481 71 665 1270 1939 2246 741 752 2363 1112 1258 2468 203 1629 1925 2139 1549 46 1982 1814 2731 557 991 987 641 2273 1652 2801 2011 1824 2231 888 1373 2075 1297 1295 85 195 1807 299 2844 1122 1994 2738 2727 1974 1548 2650 2385 1646 2771 1291 2710 1540 267 912 2833 872 223 2223 2524 986 1029 580 2790 879 1926 2213 1497 155 642
1875 131 1011 268 2285 68 1273 553 452 2531 2144 653 53 2091 2764 968 799 726 2693 2565 1843 1024 1746 1127 1475 2236 290 805 495 162 33 2698 314 1117 2316 507 999 1967 1755 1274 1852 771 235 1774 1182 1941 806 2812 2774 1050 1187 2059 1780 484 1635 2402 2406 1991 252 2177 2527 2053 239 2822 2794 649 2470 390 533 1823 1010 241 1302 2212 2061 1327 721 200 1961 464 1503 1974 2017 92 1648 2765 2181 2099 1317 331 2789 1563 2283 367 2770 2674 2306 1461 1885 858
536 2090 332 569 121 1268 988 193 2333 1132 571 1065 1588 680 1249 2415 2743 1033 1890 886 2108 427 340 555 2029 1272 2077 13 416 1754 2507 2478 640 2482 2772 417 2509 1393 1753 997 289 1793 1125 202 2777 1186 1810 2626 1562 1075 1388 1888 1904 1418 1219 199 623 173 2471 2210 178 622 412 581 2668 2671 2005 681 166 1431 2786 377 1037 1533 103 21 554 1331 883 53 2196 951 597 2100 67 2647 1920 2421 2287 1879 1421 2520 2094 561 1895 295 508 1078 2646 2178
1891 1723 1605 2841 475 6 2666 420 1397 594 1221 2768 285 1738 148 1232 1139 1953 1916 650 1488 2816 2346 2179 546 2348 1502 2502 1603 1602 214 2152 2494 1570 510 2810 2203 2643 820 2043 1922 1184 582 117 1591 2521 1198 2677 759 2171 973 1371 851 1866 2030 411 40 953 2573 468 1080 924 922 372 37 298 1659 1188 1205 1015 980 1537 275 690 306 1979 2128 1471 23 1960 1541 2706 629 1884 732 1456 750 1702 1084 2118 42 2303 1199 2022 1285 1333 182 1394 1697 20
335 1703 2591 2230 1288 309 1217 856 1907 2216 2079 1315 2160 861 333 762 1458 1336 2571 1013 205 1363 300 2386 785 2401 2612 1726 398 1487 2620 924 2503 1365 1232 907 1641 1144 2841 953 2761 2353 171 1605 325 2831 1186 306 2502 1471 1738 1198 475 2768 117 474 621 745 2346 2245 1474 2678 2705 2573 1916 1488 1908 284 37 2086 1749 1502 1251 1263 2494 148 2179 2561 2535 420 1397 851 1570 327 1423 103 905 1821 45 1922 2507 1286 1184 2263 423 297 690 1720 834 931
1417 860 1489 642 2084 1701 550 649 2100 489 1253 1409 2673 2515 1095 2533 846 1710 1218 179 2352 286 532 414 173 2034 600 29 1327 2212 623 2338 2545 1099 2172 2646 671 1658 1135 1386 2439 168 1679 2597 1623 1149 2470 1158 1571 2822 906 1622 2707 1338 606 1807 197 987 1956 622 743 547 2021 17 1118 2099 1045 573 2241 2660 2735 769 1296 446 1984 1231 2050 378 1544 330 1812 712 2028 2223 2415 2320 947 319 1051 2380 1383 978 1814 2626 1054 1261 833 2482 1994 348
1363 785 2216 869 1288 63 2401 2612 1019 2141 1214 620 1365 2567 22 1703 732 1171 2841 894 181 2022 42 333 2751 2502 1797 724 2153 2353 84 1251 419 182 2109 2554 1333 1318 189 1605 1504 2152 96 1625 824 2807 2222 1032 2547 1343 1927 941 1661 2425 2666 214 1880 1536 1632 133 2278 636 106 1103 2562 1749 1298 2037 1847 2348 1795 454 545 411 1785 2048 2625 167 1883 576 1336 1513 1677 2737 1999 1217 1744 95 150 2555 2831 2498 171 2060 1434 2004 1353 762 2643 1602
751 2242 1389 1087 2066 898 1019 1207 1590 1166 93 1115 1558 614 2072 895 2546 2409 1561 1928 714 1137 2579 2178 545 2542 304 540 1213 374 803 2759 1394 2113 2114 1971 2504 617 1257 101 581 1357 63 576 2381 1353 251 1801 1091 2040 1683 341 2277 1334 1300 483 2288 1786 1427 39 2022 1798 2495 1883 1130 1197 1825 215 777 1996 12 165 1962 1180 989 1900 485 436 1230 1685 737 1940 790 1818 1434 407 2281 364 2238 739 2207 2644 1986 182 725 1306 2558 634 230 2292
2510 431 1839 1035 70 1753 2561 2772 2777 1125 2478 2077 767 1252 2015 2818 277 1834 951 2622 1557 1533 1390 1980 997 1759 2757 1938 191 1747 2686 315 1394 1165 2471 601 769 2 2302 395 889 1842 2555 18 545 1310 1130 1908 2507 2601 1801 1443 1955 1298 835 103 1107 1277 1786 2066 1833 1137 646 2483 1427 2058 1300 63 1904 433 1559 339 2506 2546 2381 374 688 924 424 1830 824 1798 1727 954 676 581 297 1075 992 1314 2046 1340 940 85 1323 2547 1412 1115 1114 2566
2713 2721 100 715 1569 1796 1453 48 2433 64 2545 562 1490 305 2034 439 2376 201 2309 1860 1901 1496 1965 1316 2815 1948 1586 497 2650 1051 2272 1416 563 1640 2826 1148 1422 2556 978 659 1218 712 2337 319 231 1307 1096 1046 51 1636 1552 1428 1261 784 2007 559 2358 1679 2241 1369 1623 486 906 168 2050 2204 2133 1848 1878 260 2652 1658 1437 194 1468 2628 1054 2454 26 904 1381 674 769 1045 992 2606 611 2707 1782 1486 1993 1897 2714 1123 2424 259 1870 2046 556 2088
1416 1948 1096 2815 2272 1362 1897 1496 2556 1051 1965 1586 1636 497 1860 1316 2082 2270 1218 1261 712 188 659 1319 194 1422 635 987 85 904 2721 2713 2352 2300 674 221 2358 259 1468 1926 2011 1848 611 1046 2790 563 137 2435 1123 257 201 1617 943 1405 1386 1963 2714 2628 547 2650 2204 2241 1307 2312 992 562 2046 1901 1569 312 1552 2832 1045 439 2708 2808 1102 2076 1694 817 2411 1428 1899 1993 2580 454 2454 1185 1757 607 445 372 978 1644 549 2826 715 2606 173 2741
238 2552 1708 523 2500 1532 2181 2283 1563 2819 587 505 2479 1827 28 152 175 2119 2716 1741 1896 458 2191 849 734 313 696 1339 2674 354 2250 2099 330 2742 711 972 2527 503 120 847 2193 633 671 2370 1680 2557 772 1746 68 532 2534 1376 81 1852 2365 2322 2689 726 1956 2177 963 2028 771 705 1929 1099 1704 261 999 1052 1050 1875 649 1924 1885 1101 2597 2698 131 2470 53 1029 1182 1837 2059 2732 1305 314 1102 1135 2084 968 1407 550 1991 1253 2352 2692 1761 1216
2252 1583 2357 1179 1906 1651 2328 1578 841 9 998 1579 1977 1791 2491 952 887 919 1769 2682 1531 2778 2647 2065 118 748 930 2792 567 1470 1920 819 517 945 227 639 2392 1063 1354 394 1667 916 1879 1770 2723 2097 2310 1585 2575 928 1978 2349 2660 2042 1058 1819 2081 2093 813 982 607 575 1970 579 776 2166 98 2603 1600 2550 532 1211 1919 1691 2754 1219 1042 1154 2068 79 2257 2256 499 725 1301 1287 2711 1734 736 541 2405 1643 114 107 2140 975 2696 902 2416 604
1490 2433 1453 2376 2034 2309 1796 2545 100 64 715 1569 48 2721 2713 439 1901 562 305 231 201 1640 2650 51 2631 2826 168 1860 978 155 563 2129 1878 2556 249 2226 85 1584 2481 747 2403 1051 986 1307 2095 1148 1255 1948 943 1070 1012 649 1049 1437 2120 2031 1788 1757 31 1650 2811 1482 2343 1496 2616 2352 2080 2044 2468 2088 2428 378 2133 1046 2629 221 1678 1123 1429 1644 2350 441 674 1624 659 486 260 768 2539 2267 665 1816 830 932 2590 1120 2213 1001 2694 1836
1736 2342 1638 755 2450 1806 1790 2156 2071 1933 897 1321 1098 2645 836 2750 2432 1709 2096 935 2201 1052 2512 1305 2362 850 222 1436 2218 1504 2355 1621 2627 396 1911 2060 1260 481 300 189 1858 908 2691 1865 2002 2446 2313 565 419 96 2554 461 1987 1823 414 807 387 1560 2372 1425 477 183 1632 1032 1885 1650 894 1991 1599 281 1976 2318 959 1844 2588 2181 2552 595 240 1217 2688 2642 1214 208 1064 229 2089 65 1479 2306 2041 2153 815 1145 1286 2831 1701 1047 1095 306
2171 2043 650 2810 2666 2816 2346 1916 1891 1723 475 1570 1541 1603 820 750 2841 334 807 372 6 411 2502 2768 1260 1605 1397 420 922 468 2179 1502 759 285 1953 148 1922 1738 594 546 2313 1487 2588 1858 1488 1221 510 1284 2643 37 2152 1763 2620 980 1188 1333 1839 1139 2022 1666 1456 2375 85 2387 1232 197 122 423 582 1082 1697 117 401 181 1184 1308 953 518 2016 1175 2203 1386 2348 1342 395 173 529 1674 1015 2234 1865 1203 1955 589 635 987 851 1023 1213 1319
751 2242 1019 2066 1087 545 898 1558 614 2178 1207 1213 1389 1928 1590 1166 63 1561 540 304 2022 2542 2072 93 714 2113 1394 895 1115 2409 12 2546 182 1137 1353 617 2579 1631 374 576 499 777 1434 2114 1333 803 1334 2504 1785 581 2759 2260 2784 725 1883 1197 2277 1632 1091 1996 1971 407 1801 1940 940 189 2495 1825 1130 2555 419 2153 165 1298 1685 251 2554 1357 2000 2112 2604 2573 1689 1986 894 107 2040 215 101 96 2060 2414 2558 204 2802 1228 133 1035 1093 824
1710 1489 1788 1701 1417 860 161 769 2454 1870 2649 2769 1369 26 2650 179 348 925 1895 2482 2714 433 2375 173 550 2289 480 518 2050 663 197 1029 2538 712 2130 2011 2424 2480 319 178 2626 606 1627 2724 622 2358 1253 1045 445 1307 2646 1422 1993 2840 645 2287 2753 2397 2735 489 1617 1208 2241 2084 134 2606 2076 904 675 1486 2652 906 1437 562 1313 2344 1552 524 463 51 1679 563 2544 735 305 559 260 2676 1544 168 2837 169 674 2439 259 1775 109 1468 1640 2800
2501 2044 1934 2411 2528 1656 2832 1102 1405 2817 943 85 312 635 1644 221 987 188 611 2790 556 817 1624 1926 1319 2300 2082 2270 1407 1386 2631 547 630 2449 1092 1029 2574 1983 1627 1428 2344 463 489 659 2424 178 904 2011 2337 1046 2606 1422 2800 2088 2564 2007 1848 1414 1151 2358 1788 1552 2397 2676 606 2133 1688 622 260 2084 2670 2724 1313 4 2307 675 2636 559 1468 674 1835 1172 2419 1993 2035 109 2652 486 712 1486 977 1155 201 978 1307 2770 970 74 2312 1208
462 2733 1517 1482 441 187 2383 2080 2684 2754 1691 1523 2695 2106 1382 373 2525 2395 1169 575 2019 845 2780 818 2368 584 1016 357 2447 1626 1147 2586 775 1805 2211 794 1678 1611 2651 279 1120 2020 2630 830 693 2518 1410 2637 1450 2621 2804 1732 2701 2275 1259 960 2329 2240 32 1372 876 2254 2297 2605 371 603 2347 2805 1832 1104 1073 321 457 1620 1669 102 1507 2802 10 2604 107 917 2550 2176 469 1192 1846 2192 55 2033 902 728 87 393 1177 2641 86 2414 1244 2233
2455 1009 1159 837 1815 403 264 2063 2484 2255 2833 299 317 2412 2811 2092 1338 2371 2139 2269 667 600 226 1982 1925 428 1735 2266 2648 352 2576 17 1549 2138 2486 1622 573 2776 1122 1349 2100 846 2399 1 913 642 685 879 2403 2338 90 1520 234 2844 2213 1571 1589 741 2189 2094 1060 1698 2797 1530 1619 1101 961 1994 1863 2635 1572 1421 1078 814 1025 307 2223 2727 2385 414 203 385 1814 867 557 195 1366 2834 2731 1615 127 2431 706 537 888 1201 1409 1816 885 262
752 2464 2725 957 1889 609 1766 2448 2572 2115 2404 509 744 244 1696 2823 1616 2457 844 1515 5 1880 466 1802 1596 1477 2562 498 1556 1637 2278 1744 1032 1927 42 388 1945 592 644 106 2351 2188 2468 520 2109 2442 1061 2060 2623 387 2720 163 1280 189 2498 232 213 1525 1632 2222 1536 2408 19 1269 1661 2168 424 2014 2263 636 707 419 2354 2807 2706 96 2305 1318 974 1867 2566 473 2554 2128 2124 2169 2688 894 1849 425 971 2141 2751 2153 2678 1960 40 1214 2374 1904
1710 1788 1701 1489 1417 860 2454 2769 161 1870 2649 1369 348 26 925 769 2714 480 179 518 663 2650 1895 2538 550 2482 2375 173 433 2050 2289 2130 197 2513 712 1029 445 2011 1253 1045 2287 319 1993 2840 1617 1422 2480 606 168 623 1552 2241 735 1307 2724 2358 2424 2076 2626 1627 675 259 1313 2544 1218 178 2735 2753 2606 51 674 645 1123 134 2082 2631 906 1679 1328 1640 817 1948 2652 1208 1782 231 563 463 2397 1658 622 2646 1319 659 2556 524 1930 1486 1416 169
1447 1483 291 376 1346 1469 16 832 44 1535 2129 1183 2317 2785 761 1836 1914 490 1990 2437 1482 1137 1087 2249 2114 581 2695 1357 1786 1561 2072 792 441 614 2383 1523 2555 2381 895 93 2080 1672 2409 2000 1257 1178 1971 989 1207 2441 2235 1019 1073 2579 373 1057 1590 483 2359 1300 230 1559 1152 374 60 1389 39 2209 1462 1595 2242 2700 339 2288 1451 1091 112 803 1804 1962 2759 1996 2040 2296 215 737 1620 967 1762 1558 603 1115 1196 1449 576 835 2165 751 2281 166
540 751 1019 2242 1561 1535 1346 63 2542 1093 617 1087 777 832 2785 2579 614 1207 2430 1389 1971 1914 898 739 581 1091 1558 2022 293 2114 1137 1590 1166 895 1996 93 634 436 1334 1689 2040 1685 1257 2441 1357 803 2143 2129 1786 165 24 1928 291 215 2409 2072 940 2748 1197 2381 1940 2759 1130 1434 2066 714 2827 182 1353 407 1900 1943 2533 2238 2504 374 101 2638 251 341 1394 2787 39 1115 29 725 230 737 286 310 2809 576 2495 1683 1818 2288 184 2172 1869 1055
1394 2022 545 63 1019 1087 2066 1801 2178 2072 2277 304 1213 1207 1558 954 1333 898 853 2242 2113 614 1928 714 1300 1166 1137 2555 1353 1971 93 2504 576 1590 895 395 1798 2409 182 1451 1363 529 2542 2579 1389 1685 2546 783 940 483 2216 1106 1361 1785 1749 1115 2058 1559 1298 1727 1786 1883 751 924 2540 2054 724 1277 1427 436 240 1257 374 2494 1434 1288 149 101 962 2000 2573 2841 1198 1513 824 215 789 1561 1631 581 251 1795 1703 1397 60 617 953 834 1357 2547
2216 1363 1703 1288 2353 924 1487 63 2841 2022 953 335 785 1019 1471 1397 1605 1488 2361 2768 182 420 1333 2502 2179 1394 2591 214 1738 2666 724 2230 1685 2567 2573 1785 474 650 1502 2277 783 545 2494 1232 1198 304 1213 1795 1412 333 1163 149 148 954 2555 1727 2810 824 1353 117 475 1365 2178 1184 1953 1591 1712 2574 1513 1801 2203 1217 1847 1203 1322 2152 2679 997 2263 2547 2171 322 2507 1371 2113 42 103 105 306 576 111 1343 1602 701 1979 620 1848 240 132 940
2502 2152 851 2567 1605 1371 22 1214 2751 1171 2109 2841 84 40 1960 1139 1232 2348 2141 1632 2153 96 1927 214 419 894 106 1661 2554 2726 941 2162 189 2263 785 2060 594 1953 592 2404 2222 1744 1032 957 1397 1199 20 420 629 454 1738 5 1602 167 744 2612 148 1866 2457 1364 2705 815 2203 1333 2831 924 1365 1987 2768 609 300 2401 2216 1394 1766 37 1198 1591 1283 2022 1502 1251 510 2521 244 481 1659 1750 1217 1889 171 1363 182 333 520 270 117 828 2030 1839
1475 2236 1273 314 2059 999 726 1050 484 1187 1967 806 1635 390 2053 2531 805 1011 2406 331 1124 53 1875 1715 534 1929 1024 131 799 1648 2429 653 1037 2698 268 464 655 1706 1127 430 1755 1274 1829 2061 1662 1317 2765 1921 1140 1746 467 2279 2091 1780 2402 2693 471 239 780 1438 2794 1395 1774 838 2244 721 1972 113 296 1216 402 2285 771 452 1168 1299 1852 1282 2144 1262 162 478 1182 27 1275 356 1756 418 553 108 68 711 2280 858 1378 207 2181 1787 1924 936
6 285 1221 546 2643 582 1723 1891 759 973 2666 820 1603 298 1188 475 650 2816 468 1570 411 1702 1916 922 1285 980 2677 2346 2118 1884 1083 372 2810 1541 1015 2043 732 1456 2171 620 1605 1697 1610 1084 1284 181 750 2313 629 117 636 1502 2791 1536 148 420 334 1227 2179 2194 1397 42 2502 510 1184 2841 2152 2268 1198 594 1738 1205 2030 448 2521 807 40 37 1797 2203 1260 1318 1659 2768 1858 1371 2494 1537 2210 396 2261 2303 459 1591 2278 2058 1865 476 1080 1394
1252 2015 1834 2818 951 601 1842 18 2 2663 2077 2478 2772 1753 2777 1125 70 2561 2622 315 1390 1759 1557 2757 191 1165 2161 431 2302 1035 2510 1839 1989 1533 1747 1938 2686 767 2315 853 1443 2787 1306 1833 2320 889 1149 359 2653 2540 2667 1137 1869 93 1786 768 1231 2685 895 646 369 24 1115 145 2664 293 1739 29 1825 1427 277 1754 1801 627 769 2240 321 614 2533 395 10 522 1609 304 707 1922 1394 739 371 1122 2352 1689 688 2808 2178 2121 962 2756 2395 2224
767 2510 431 277 1839 1443 1035 1938 1747 1833 2686 889 70 1753 1125 2561 1980 2777 2478 2772 2077 997 2496 18 2818 951 1834 1252 1842 2015 2622 1759 2757 315 601 1390 1557 2 2315 2302 1165 211 2663 2532 433 1460 2702 1401 2507 191 769 1608 1667 2685 374 1340 250 1394 101 2289 903 2506 1989 1904 2471 1895 1137 2494 827 1080 819 369 1845 1107 126 2482 1533 400 2381 2601 567 510 173 1310 103 2706 803 395 564 2521 578 341 1733 1821 1198 2574 926 688 924 161
1625 196 869 353 1963 2067 776 276 98 2256 2474 2361 233 1819 585 1600 781 1643 609 9 2278 2081 1579 1864 701 2103 1766 1042 1889 910 1744 957 232 1515 1791 887 873 153 42 748 425 2404 520 2457 2778 841 543 952 2803 247 1770 2582 2157 744 1063 2462 640 2222 2792 2334 118 844 381 998 1269 1171 1402 1945 2434 2647 1279 636 1326 567 2012 1470 1844 1556 1287 1214 2065 592 1078 1531 244 919 582 375 509 809 285 930 2353 2566 1354 2252 163 2048 928 2336
1778 105 2394 416 1946 144 883 988 569 1186 1132 103 193 1323 369 2777 1608 997 1419 1882 1753 1588 908 2507 2772 1125 1904 1720 257 778 568 337 1002 85 1821 1368 173 2077 1970 1621 1460 1733 2478 424 1006 1566 536 749 2471 519 1219 678 520 19 2011 1926 412 673 2090 1154 392 1533 2697 1420 320 1390 15 593 2711 1550 674 1231 5 332 1388 2647 680 1401 1728 384 42 2417 250 2492 2460 2196 774 382 2843 1945 2566 2410 795 622 1239 1846 688 492 131 1367
1830 848 702 1114 768 931 1767 522 903 2601 126 2624 990 2471 2667 1908 2276 1845 502 688 1340 284 1107 1235 297 103 1323 1821 65 1720 1310 835 578 1186 1608 1413 1391 2388 250 1512 1975 1254 684 2314 2197 277 960 1670 1075 1450 830 2224 2701 1678 593 2036 2518 2251 2395 1221 920 482 2383 775 767 818 2020 601 1496 2621 1120 2275 1805 1794 1243 404 749 1523 1462 400 441 1768 1620 1989 1169 2315 371 2329 568 168 1425 1594 1459 2273 1012 1283 1131 603 373 1732
269 1548 531 65 44 1088 1555 663 1073 1247 2359 1672 2499 2051 1523 441 2695 2653 604 444 339 2068 1462 722 834 598 2518 518 291 2030 2 2631 2437 1183 368 1906 58 1739 373 1646 1304 881 47 521 360 480 1120 2510 277 1839 2445 600 1300 2617 1883 1853 584 112 1962 483 1243 1980 1338 1968 550 217 2680 1732 1252 855 333 542 79 832 660 2077 465 70 2483 1656 795 1439 1146 1990 2251 2427 2259 143 54 874 2183 1660 1799 1483 1620 96 576 1128 1387 2136
2171 372 650 2043 2666 1541 820 546 2816 1221 6 285 582 1697 2810 1916 1723 1603 922 411 759 1702 2643 468 1084 2346 807 1891 732 1260 475 1570 1188 750 2677 1083 298 181 2387 973 620 334 1380 13 1797 663 518 2167 845 2627 1227 497 1820 629 1536 1285 931 1763 1858 1895 636 829 669 1114 1284 1830 340 2241 2268 769 896 1586 409 691 2013 480 1110 640 639 1324 1074 2601 479 95 173 1116 568 2471 2556 332 992 2194 683 2046 848 1412 98 2367 2132 1496
2501 2044 1934 2411 2528 2832 2817 1644 1656 312 1102 635 85 1405 943 987 1624 221 188 611 2790 556 817 2082 1926 1319 1407 2270 2300 2631 1386 659 630 2449 547 2007 2088 1428 563 1046 904 978 2011 1029 2133 1092 1848 1796 2606 2358 486 1627 1307 1788 2337 674 260 2826 1313 489 1468 2652 4 1148 1414 2035 2344 2309 1901 2424 2213 2480 2076 2646 606 59 1422 2545 201 562 1123 2397 1158 463 178 2084 1552 906 784 559 1151 911 2800 970 2483 839 454 305 910 2564
1504 2218 1436 222 850 2355 2109 1214 2751 22 2512 2567 1171 1933 2691 2071 1790 1661 1911 2362 2156 935 2096 2222 897 1321 836 1098 2645 1744 2432 189 2201 1638 592 2750 755 2450 2060 1632 2342 2404 2162 20 957 1960 1032 419 2726 106 96 1806 894 1736 2153 2554 167 744 1709 1927 1371 703 1081 2457 1889 851 2464 1766 40 509 454 1696 1947 2572 2141 1497 1616 1741 991 609 1103 182 2152 1807 481 2820 1514 2002 38 629 520 63 2263 940 796 244 1847 2022 2784 1394
1483 376 291 1447 1346 832 16 1469 44 1535 2555 576 2317 2129 1300 1087 2058 1727 483 834 1749 2072 824 1277 2242 1207 1561 1631 614 1019 1883 761 1836 2409 2579 93 1183 1103 898 2785 1353 2547 1137 1590 1558 1672 1394 2437 1990 895 1178 2114 714 581 1166 1928 1786 1357 2197 2066 1971 751 2542 1914 2381 2452 2504 63 1304 60 230 374 596 954 240 1451 251 1427 1389 2249 2700 1257 989 2000 545 967 39 2235 2288 792 1559 2296 465 2277 803 1115 95 2546 2695 1801
909 1462 2361 1891 2617 521 115 2308 1723 2712 619 1144 2494 1232 1371 1916 1757 594 1397 475 420 40 2077 650 2346 2841 1922 2478 401 614 1502 2203 2657 1137 1801 851 2768 1605 1738 2816 2704 306 2089 148 1931 1987 1306 2502 482 2261 2055 939 924 1487 2179 37 1394 2810 1433 1839 2272 1113 1023 117 2772 453 2644 2747 1570 485 258 1960 2561 2666 2526 2194 629 1035 2043 2022 2404 1628 459 791 1951 2113 1184 327 1199 101 637 1439 76 1897 510 2163 141 2677 300 1865
2619 1440 386 143 2517 2529 1684 718 1129 1939 1630 2298 1446 1360 1294 665 2481 2616 958 30 810 638 787 2271 1445 1258 1270 2185 71 2246 1694 2584 1514 1112 1411 697 2363 795 577 741 1863 1925 752 1497 641 557 1548 879 1862 1619 1982 2184 2460 299 1735 2771 2385 2524 352 991 1373 1629 583 2468 588 667 1122 2833 2139 1816 1081 2412 656 1009 127 1815 223 2484 2213 2590 46 20 2623 2455 1664 264 2801 2356 2094 2820 1682 1242 1480 228 685 1295 2373 1530 2835 273
2773 872 1297 2062 1822 1118 1143 159 261 1293 2237 1097 580 2199 326 2715 31 740 1472 1111 125 1332 1026 1730 602 2592 2228 1156 643 2052 788 501 1923 1912 2681 2611 1021 504 633 1789 2594 2687 1831 2806 2193 1813 927 129 324 1062 1240 1929 1303 2789 552 295 1275 877 1655 120 2265 1335 1302 699 1650 1164 1314 618 1281 2017 1008 220 2322 2597 1680 1917 598 2407 456 503 1109 1099 772 1961 1647 1135 2250 1873 1955 2105 1376 1885 738 200 1568 1003 2301 2499 389 1018
767 2510 431 1839 277 1443 1938 2686 1747 1833 889 1035 70 1980 2561 2496 1753 1125 2478 2077 2777 2772 997 18 1842 1390 2622 211 601 1759 2 1834 1252 2015 951 2757 1557 315 2818 2315 2532 2663 2494 1165 1340 1394 2302 433 2506 2702 1989 769 1460 191 1401 2507 989 2685 395 400 1137 374 835 1397 40 1080 1608 1130 688 1198 2289 827 2601 101 1895 341 1922 2482 926 2471 420 1962 510 1462 2755 2521 1801 173 1845 1904 567 1361 148 1329 1738 72 2661 76 703 1733
119 1265 80 1296 1383 1448 2615 135 1984 2638 184 1478 558 1312 2413 2472 2295 2224 739 232 520 2566 424 29 1945 19 1689 2320 2172 1149 286 293 2533 1269 2744 2021 2673 1722 2408 2109 218 2787 509 213 1744 2448 466 1597 1733 2457 1807 2169 5 1533 1867 1696 1477 991 2354 1802 2464 1426 2508 1889 646 426 909 924 1922 957 2756 2390 1059 1298 2656 687 498 1266 2740 592 2260 1880 796 1766 2725 473 2710 182 1849 1529 2751 827 1373 1326 1043 795 2661 2149 154 634
1489 1417 712 860 1045 1623 1710 1658 1381 1782 1218 1422 1679 2439 1701 169 947 2707 1544 2352 1649 1617 2241 1307 2837 2034 1328 2515 1663 1253 489 2767 179 550 1054 900 2050 645 2011 1444 2076 2836 2084 1437 978 1261 992 2424 906 497 1586 2046 2358 2545 563 1428 2007 1848 674 659 904 1051 1046 1486 1948 1993 2714 173 2628 2652 2287 559 1148 2130 2826 1208 319 1158 134 1369 1416 2646 51 74 925 168 1029 1468 2088 2133 1552 26 2840 769 622 260 987 642 649 671
13 2210 2520 640 1272 2671 1754 2421 377 1038 828 2578 1949 1041 2828 672 2083 1337 2602 1668 933 1374 1910 2798 2629 2415 323 1429 2047 2539 2428 2038 370 2217 1329 56 1399 729 2839 427 865 964 2032 2568 1793 2423 1256 743 2335 1888 2031 2120 2570 1890 1189 2221 1070 2808 698 2267 571 901 1952 2743 1049 932 21 536 979 1033 2795 2132 554 2108 2227 955 289 2384 886 1562 176 1065 2029 629 340 142 1266 332 2380 5 358 1764 1393 2786 893 868 123 2425 550 1753
2113 2546 1213 2178 2066 304 1389 1115 545 589 727 658 2504 1951 485 1175 1353 2579 1306 1971 2022 1300 483 1394 1361 1137 1883 2759 803 374 1019 2242 2409 364 572 215 251 436 101 1230 63 1683 988 1427 1798 2277 2072 240 898 737 1106 714 614 1087 1786 2114 1207 93 193 1559 341 1125 581 1257 569 989 2077 1900 895 121 2381 751 2054 1558 1333 2777 1801 2540 1590 2478 103 1323 1513 853 1161 1166 2238 962 2040 1451 2644 2784 2216 2772 1186 646 1357 1355 2400 1685
1758 1575 493 797 2374 57 2004 133 1665 859 756 2418 1664 746 1947 280 2461 1034 2184 294 689 366 1580 1861 1765 1358 2229 570 2330 1930 1792 2327 1196 2174 548 2125 588 2838 976 422 1234 2541 1724 2456 1392 1279 2186 1276 421 1375 583 228 2672 1081 1497 150 516 793 210 77 704 2548 1859 2694 1776 2039 2581 2123 857 720 1877 2332 263 1551 1350 1457 801 38 2590 2206 934 2739 1191 1292 656 287 2356 1887 880 1542 1086 2659 885 1229 1072 1193 1432 2321 1043 158
1416 2272 1948 2815 1096 1362 1897 1496 2556 1051 1586 1965 497 1636 1860 1316 2435 2082 712 1218 2506 2270 1839 1834 1899 194 2741 188 1261 1422 494 2580 1694 137 1130 987 1757 635 2352 2808 85 2077 2011 725 607 2721 2790 2478 2411 748 951 2204 2708 657 659 2510 165 899 2650 1963 2686 1185 146 372 1926 1390 431 2772 904 2832 2300 2046 116 1102 1287 1319 2714 1695 746 159 647 1993 2207 1212 2719 257 2818 992 20 140 5 424 259 986 233 1617 2241 2057 2803 2713
540 751 1019 2242 63 1561 1093 1087 2022 2542 1685 182 617 777 1389 1535 1346 2579 1434 1357 614 1207 2066 581 898 1558 940 1091 1590 1197 2114 1996 895 215 93 1137 2785 1353 436 737 12 1394 1940 2441 1334 739 1971 1166 39 2040 2409 198 1689 634 725 803 1130 714 2143 1914 2504 2288 1818 2072 832 407 1928 310 165 2238 2430 1786 149 2638 24 1257 1213 2759 1343 2495 75 545 2827 1298 2737 230 293 1760 548 2112 1825 1004 1900 1943 291 341 954 560 1986 374
1575 797 1758 493 2374 1664 57 2004 2418 1665 859 746 280 294 756 2461 133 1034 366 2229 689 1358 1861 1947 1580 2327 1765 1792 2330 1930 1196 2184 2174 570 2125 1724 2838 976 588 1279 2456 1234 2186 2541 1392 1276 548 150 793 422 228 1375 210 2672 583 421 516 1081 704 1859 2548 1776 2581 77 801 263 2694 1877 2332 1350 857 1497 2039 1551 1457 720 934 885 2739 1292 2123 1887 2206 656 2321 2590 1191 1542 1193 287 2659 1043 1086 38 1229 1072 1432 2356 880 706
100 2721 48 715 1569 1796 64 2713 2545 1453 562 2034 305 439 2433 1490 2376 201 2309 1901 1640 1860 1316 1496 51 1965 1586 2650 2815 497 231 1051 2556 1948 2272 1046 155 1148 2826 659 563 2007 2337 978 1636 1428 1307 2735 559 168 2732 1848 906 2133 2358 1218 1552 122 1054 1658 2628 1416 784 1679 712 1437 1123 2606 2652 611 1422 1096 2241 1486 319 1444 454 1870 2707 2050 486 194 920 1369 674 26 1840 1623 1185 1897 977 2454 2703 1153 1261 1878 260 992 1743 2213
2044 2501 1934 2411 2832 2528 85 1644 1656 1102 2817 943 312 1405 635 987 188 2309 1796 2034 611 221 2790 2545 817 1490 1624 1453 556 1926 64 439 305 562 1319 1901 2631 1407 2433 2082 2376 2300 2721 715 1569 2270 48 100 2650 2449 978 630 1640 1029 486 2826 260 231 659 1386 51 563 201 2088 2011 2337 1878 839 261 547 2007 1376 712 2133 1307 2177 1135 770 178 155 1552 2629 2713 718 2597 2539 168 932 1099 2191 674 2358 1627 322 1123 1046 1049 1414 2213 323
998 1583 9 1791 1579 2792 118 2065 2252 2778 1179 567 1470 2328 2491 930 1651 1977 887 919 952 2682 1531 748 1769 1578 1970 841 517 916 1354 2711 382 778 1854 928 227 1667 1657 819 2310 2575 2647 1585 1063 2729 639 2042 2723 1770 1920 808 114 945 982 1851 2379 2658 369 2225 579 311 2530 1169 996 1460 902 2349 1691 98 896 26 1016 345 2166 1989 1369 2459 917 763 776 348 179 2368 2714 1528 1253 480 1305 1819 2621 584 2754 1740 2648 102 2550 1211 925 2733
834 1727 2555 2058 1277 1749 1300 483 1394 1883 1631 1353 1103 2197 1304 240 1801 2452 2277 576 2317 63 60 824 783 1019 1087 2249 1672 2504 2547 2784 1178 2579 1483 2022 1999 596 1363 2437 304 545 1451 1288 395 954 2178 2054 676 1106 95 2066 761 1115 1990 132 2216 2113 1559 940 465 1785 1685 789 376 967 1703 1798 924 888 962 2700 1176 2190 529 2546 2737 251 650 2666 1561 149 1971 1346 1361 1476 198 2072 1513 333 1928 88 581 1427 2409 2540 922 411 577 1683
247 153 1403 1359 2585 723 1772 450 303 2582 539 1204 2453 1121 2718 206 1751 343 862 2146 2018 2284 719 2485 2551 764 2008 1289 1997 2603 914 1534 1351 35 1633 190 1157 1577 615 1507 1493 2550 2824 812 2604 107 2209 233 2734 1595 873 2711 1963 1957 2214 1970 2434 272 778 1177 1691 871 2536 2233 831 382 1104 1669 1246 1946 1915 1066 1420 2414 384 2641 2254 2019 575 825 776 560 1854 851 1222 1232 1821 896 40 1720 728 15 579 930 2754 2170 2058 55 1785 2067
117 1198 1184 2494 2179 1502 1738 2203 2768 1488 1397 420 148 1922 1591 510 1232 1979 275 1659 2573 594 953 2303 327 2030 1471 474 1605 2521 423 924 1641 1953 1205 306 907 1602 2128 1487 1080 2841 475 1371 214 104 1423 1687 1139 2348 1866 23 1954 2791 1113 2620 351 1400 1144 690 1723 2245 1570 488 1537 851 1891 1412 40 2263 37 905 2216 111 701 2502 2014 2483 2691 796 946 2195 1711 1225 473 1916 1817 20 1654 2154 2706 2535 205 1340 2346 1206 182 2043 954 1322
967 1804 1719 91 792 2235 2024 2143 2296 24 1689 739 426 2430 634 1597 707 1231 1849 218 2408 2756 2320 213 2354 2021 1722 29 2533 1529 1867 1149 754 2390 1269 1593 424 19 2566 1478 2638 293 1728 853 184 520 291 2172 1535 1334 286 1945 558 232 1733 2260 2744 2295 757 2615 2413 1448 832 2224 1469 1533 1753 1252 2472 2785 2673 548 2015 2161 388 5 1075 1265 540 135 376 498 1947 844 2054 466 2787 1091 1515 2542 2000 777 509 2725 2659 1637 244 2324 2777 202
346 2821 2467 2690 1022 1692 1378 52 1481 2398 758 138 1612 1220 753 786 418 628 1662 1048 363 478 389 108 2669 2505 2465 225 467 1506 2611 1465 2634 1787 840 1018 782 207 89 936 1303 1918 2025 1141 61 2396 2632 1039 192 1568 2794 643 1140 2244 1026 2232 822 2687 402 2070 2142 2301 2429 780 241 654 49 113 1008 1262 412 484 1356 1275 471 858 2765 216 455 1438 655 1216 534 788 1831 1781 2806 1789 2407 647 1813 927 1124 2137 295 1730 2311 2062 125 1655
453 2163 401 141 2829 1628 2122 177 1903 2679 1163 1023 2055 1085 816 981 461 2747 2098 823 1047 612 1976 399 1510 437 2636 73 1599 72 1233 380 2074 595 208 2274 2587 172 2009 477 2722 1872 760 1808 2469 1145 1404 1688 1089 1160 731 2655 1155 2126 1100 2577 460 1717 1241 99 164 694 156 2775 144 1319 201 1092 1415 1784 1983 611 977 1848 304 1740 2113 2344 2537 1046 2007 904 259 1951 2272 74 1306 1428 110 662 2724 1029 2133 784 2574 598 174 2419 2676 222
1730 1275 295 2806 1929 1831 1655 927 1789 2687 1240 504 324 1062 129 1923 1706 501 1281 1813 456 1932 1912 125 2142 2059 464 2407 788 331 999 2773 484 2715 2301 31 326 1475 2236 2137 580 159 2244 1503 1273 655 1335 2316 1011 1050 1293 847 1143 1568 1097 1967 1187 726 2232 389 1822 1118 2228 780 53 2429 120 1635 430 534 633 806 711 1465 1873 671 532 2322 1008 314 2406 2764 467 1715 1986 1755 1297 1563 200 1164 1962 2306 131 653 552 1477 268 2250 503 505
848 702 931 1114 1830 1767 2601 2624 1908 126 2471 284 903 688 1845 990 2276 1340 502 1107 297 1235 103 768 1821 1720 522 1310 1323 1186 835 1608 65 578 1413 1391 250 1254 1512 2388 2667 1975 2314 684 749 767 277 400 2383 1759 1221 2251 2757 40 1670 2036 1459 2196 2706 2661 2738 1733 1120 582 441 1147 2058 6 2395 1678 1536 1707 818 923 997 1243 1277 960 2754 1691 2744 594 1232 1131 851 2737 678 148 1748 1605 2518 952 1891 2697 2507 2020 2555 1866 1959 2005
1252 2015 1834 2818 951 18 1842 601 2 2663 1759 2622 2757 315 1557 1390 1165 2302 191 70 2161 1753 431 2510 2077 2478 2777 1125 2772 2561 1839 1938 1035 2667 1747 1443 1833 2315 889 1989 2686 2685 2702 1533 895 1427 522 93 853 769 1980 767 2409 1107 2755 1617 1122 1045 1166 1310 126 211 848 557 712 1029 1786 2130 1549 2011 2023 378 1649 1845 277 2699 2504 702 2247 1590 1971 1982 173 903 2496 101 2735 768 261 1584 1646 1830 2241 1993 1974 179 2540 319 2653 2532
751 2242 1389 2066 1087 898 1590 1166 93 1019 714 1928 1207 1115 895 1558 2072 545 2178 304 2409 2546 614 540 1213 2579 2113 2542 1137 1561 2504 63 1394 1971 374 1353 617 803 251 2277 2022 1801 2759 1300 1334 101 483 576 1257 1883 2114 2381 1427 1683 2040 1786 1685 1357 1689 581 1631 407 739 1798 182 1434 341 1197 777 12 2238 1940 1091 24 1093 2495 1298 1130 215 165 853 1996 240 499 2493 465 20 789 940 167 2777 1825 2555 436 510 1900 364 2030 725 1659
1431 36 2117 1499 2267 500 866 733 2333 1236 2380 743 1886 1430 1256 1553 2568 2423 2428 1699 2415 1429 2629 1053 427 2539 2217 2798 2221 802 2078 878 955 536 698 680 1910 121 1793 569 193 1492 901 1070 571 1132 358 432 932 340 332 2120 2031 1588 123 2038 2121 1399 237 1049 1521 2559 142 1329 961 988 623 2047 56 2350 651 415 13 839 2675 527 964 2083 1158 2839 729 568 2520 708 249 2224 1678 2640 1001 429 2405 1041 1337 2583 1587 1557 1012 882 1038 2210
1752 2367 1624 950 2069 1799 1407 987 1102 312 2790 1644 1926 85 556 2411 2832 2300 2389 547 1202 1545 817 59 2501 635 1386 1146 2044 626 1319 2528 2817 1533 1316 1181 2781 611 349 2818 752 795 613 1446 221 2082 1656 659 2631 2352 1186 2185 1294 741 1965 932 846 943 2770 1135 2011 1513 1873 2213 2189 4 2100 1847 2084 489 2504 165 872 1795 2675 1496 649 766 2177 642 951 2584 839 2714 237 2171 2561 1093 2139 1955 200 2270 771 132 1011 1411 1785 1773 1694 2178
2070 1141 1356 216 1506 1781 654 49 2311 2669 2164 2025 525 192 1140 225 1248 625 2794 27 1787 207 2173 61 679 455 2396 408 139 245 113 1282 209 2280 383 239 252 838 1924 1612 290 344 356 858 1481 449 1435 1262 296 1274 52 1124 1598 138 1037 1692 1505 2690 346 786 1662 2467 1780 1216 2505 2465 418 1008 2821 2137 2687 822 363 1021 2091 643 2611 1048 2053 1500 2062 2632 1022 2765 2398 1378 1024 653 478 2232 1465 1789 1843 241 1097 580 1018 1127 1026 452
1514 2529 1440 697 1445 718 143 2517 2271 386 30 787 638 810 958 71 2619 1684 1129 1360 2298 2185 1630 2246 795 1270 1411 1939 2616 2584 1446 1694 350 1294 741 2844 1258 2363 2481 665 1122 2833 2175 1539 1814 2797 1366 1242 203 969 299 2385 2468 2524 1735 428 2727 1947 133 1480 2184 867 2139 588 2473 1520 2213 2092 1196 2371 1295 991 1816 1863 2269 2541 1862 1081 685 2731 2215 1744 2726 1 2094 267 2339 2710 1807 976 307 583 2820 2162 1291 2484 1530 1549 2633 2412
645 2011 445 2840 1328 1054 1444 1663 1679 1649 1623 2767 2707 169 2837 947 2836 1782 1617 1029 1422 1045 735 440 1261 2130 134 1993 1381 197 2050 712 155 1552 1253 179 51 860 2241 550 1658 2735 1544 1218 319 1489 2076 1208 769 2482 2714 1710 1701 2769 518 2352 904 2287 2454 2439 348 2088 1788 906 2084 1640 649 1860 161 463 563 259 2626 489 2649 1757 1468 1307 1775 986 965 925 606 1255 2515 1369 2646 26 1135 833 2289 123 2513 2424 480 260 173 2753 1148 2480
783 2737 940 1004 949 2112 1685 149 1999 198 1343 2497 182 75 1434 1298 1103 1712 954 1760 1304 60 1019 1197 540 63 617 1749 2022 1631 2542 1093 1333 2555 1727 1561 2058 707 1535 2354 1269 1867 2242 2441 1945 2408 1346 1914 832 213 520 1856 834 2785 19 2202 596 95 424 1849 1795 2111 577 576 2129 1476 2566 2827 1513 88 2353 1087 2745 1773 1722 2190 1394 1277 1847 2197 1797 232 1529 462 2547 1785 2733 2579 291 1251 2317 1733 1176 2507 1801 824 997 2263 1904 2522
1054 1328 1444 2767 1649 1663 2837 1679 169 2836 947 1623 2707 1782 645 1993 1381 2011 1261 1617 445 1422 1045 440 2840 1658 1544 51 2439 155 735 712 2352 2241 1218 2050 194 2130 1029 1552 1860 860 134 2628 1640 1407 197 319 1208 1468 2735 1307 904 900 1840 1253 260 2133 1486 1437 659 550 179 2088 2076 674 563 2815 1051 2652 1489 489 562 965 906 201 2826 2084 1046 769 109 1428 1148 1710 2337 2358 992 1775 559 1369 2419 463 2424 1416 2714 2713 2312 2046 978 2606
1636 1316 1965 1496 2556 1840 2046 992 2628 497 1586 1897 2241 2439 1544 1658 1362 1218 194 1051 2352 1416 1948 1381 712 1045 2272 1878 2815 1261 970 978 1437 1123 524 1096 2084 2337 900 1148 1486 674 2133 1468 2652 489 1428 559 2424 1307 2200 675 1848 2826 2574 904 1046 563 2606 1860 1158 2148 2358 1208 2724 486 319 659 231 906 2035 606 2515 2007 1172 784 1414 977 2397 2312 1552 1151 74 2367 1092 2676 445 2732 2753 2544 562 168 2840 2419 266 1782 259 2309 1146 178
540 967 1231 1804 1019 754 2785 1996 2756 777 2021 739 751 1091 2242 1914 1719 1535 189 2060 1093 1032 1632 1927 63 407 419 91 1689 2554 96 1733 1561 218 481 106 2831 1064 974 894 42 2235 1596 2441 2744 2153 291 300 1867 2143 707 184 2476 2320 1987 2562 230 24 957 2040 187 2073 815 171 2733 183 1943 1280 2495 581 1722 541 813 1215 1251 328 1898 1087 1052 2430 792 634 2354 1849 2760 1560 2224 2408 737 1353 2827 1904 1766 762 293 2608 1529 744 2176 1214
1545 2389 626 59 4 1407 1799 1202 2367 1752 950 2069 1146 613 1737 283 826 2477 266 547 1624 1319 1102 2832 2528 1217 2411 2817 447 1386 611 271 312 2781 1408 692 2440 1715 2044 2270 1656 2692 2704 2230 274 1907 2501 333 2712 1757 1635 1942 987 598 2719 2011 41 2208 2188 2806 703 2766 635 856 2150 580 368 608 1750 295 633 1140 1315 396 2717 1815 666 1555 2052 390 2009 1967 1118 1962 1354 556 817 2292 762 2183 2840 2322 335 1111 1949 2289 2720 2681 2627 159
1110 1040 605 610 1243 1966 2788 2151 1131 1379 2364 1311 2830 1634 1794 937 1309 1020 112 1005 434 2290 2560 1581 544 2549 2746 1783 365 2730 435 1573 717 1968 811 410 1133 1079 1424 94 648 568 1946 1670 248 730 538 843 1546 1044 1279 593 749 1731 1894 1707 1645 1138 2219 2186 1642 2763 673 3 522 519 2697 1516 511 2460 551 257 2102 1466 1454 2613 2224 406 2331 1992 2541 254 2417 2383 773 976 623 2709 2615 1969 1527 1958 2485 2838 2787 2757 315 415 1442 2490
835 1254 1310 1107 2275 2136 393 830 1732 1120 1147 1678 1620 1450 65 603 863 339 1244 1646 2518 1512 1523 2080 441 2695 1073 2383 1908 373 1482 1336 702 1016 1013 845 584 284 1114 2395 1315 1462 2555 997 1277 1821 768 2079 903 205 856 1104 1830 2160 55 2058 1720 1907 1691 2388 309 333 990 575 834 1057 2176 1458 1669 2641 1608 1340 2258 728 297 2738 1217 2340 931 1904 1727 1400 103 2661 2471 1183 1767 1483 848 2326 2239 2507 1323 1507 2604 376 2624 362 2601 462
1422 712 169 2767 1782 1663 1993 1617 947 2836 2837 1623 1679 1444 1045 1328 2352 2707 1649 1381 51 1261 2545 1054 2050 2034 1489 1640 550 860 1218 1658 2439 1544 2714 735 562 1417 179 305 2241 155 2130 563 1369 1569 645 925 1437 900 480 2826 2312 100 2424 1416 1208 2454 1948 2721 1051 1468 194 715 2358 2011 1552 2082 1486 1710 1701 674 659 2769 1307 1788 26 2337 2133 2076 1796 1428 943 2270 1860 445 1123 440 1878 260 4 1870 2652 635 1405 74 826 1848 2649 312
1980 2685 2315 2702 277 767 1989 1460 2 601 211 18 1646 1120 1443 2518 2663 2532 1842 315 373 2510 2695 1147 126 441 1747 1252 769 1834 2622 393 2015 1759 997 2080 1073 40 70 1340 1080 1938 369 2302 6 2359 1523 2740 1254 1165 2738 1462 1833 285 2818 2363 2383 1904 1221 433 1678 1979 2395 462 2680 55 557 1194 863 582 431 584 1982 1450 845 728 818 166 1310 2757 1169 1732 2494 2507 2755 191 1753 951 2643 1608 1788 835 546 2733 1107 2048 1549 2706 903 2275
1244 393 2136 863 1646 339 830 1450 1678 1732 2275 603 1620 1120 1147 2518 1073 2080 1016 2383 845 1523 1482 2395 373 441 584 2695 997 1691 1462 1088 2754 1107 2697 774 1104 1174 2196 1904 2251 2492 1254 1669 730 2005 462 2006 2733 357 678 1670 2630 1277 575 1507 2560 1748 1791 2680 1142 2211 1169 2621 2778 742 800 1581 187 1094 1690 1794 538 1913 1936 2151 2550 1354 2159 147 835 2254 1379 2087 1517 2780 2326 593 1454 2641 2507 1602 2299 2234 2661 1243 1850 2605 2740 1707
117 1198 1184 2494 2179 1502 1738 1488 2203 2768 420 1397 148 1922 1591 510 1232 275 1979 2573 1659 2030 2303 594 953 327 2521 474 1471 1605 1205 423 1953 1641 924 1602 1080 907 306 2128 23 104 2348 1139 1371 2841 214 475 1487 1113 2791 1687 690 1866 2620 1144 1423 851 1400 2245 1537 37 946 167 1891 1954 40 20 796 2216 1570 454 905 473 205 351 2706 2691 2195 1723 2263 2535 2502 2508 1199 1960 488 1916 1412 2351 2086 1263 1084 2483 701 745 2169 111 2014 335
2263 2623 419 1371 1632 2554 2153 894 189 1927 1199 1525 2313 1865 2784 1084 1032 2060 96 106 372 117 1198 42 1260 1502 592 411 2678 2128 1184 1280 167 2572 1170 2216 565 327 2030 2573 1960 510 2179 474 454 1659 20 2162 2507 1205 396 2666 2351 2643 2141 710 2521 2259 2791 2245 807 1738 636 306 1363 148 690 360 744 1904 1536 2303 1987 1556 420 1397 1113 732 236 181 468 759 1702 54 620 815 475 1703 2073 2494 1251 163 1641 2203 997 400 1288 1744 23 2768
269 1548 531 2499 444 2051 598 368 2510 601 2 2663 1725 431 339 1284 351 18 1922 1842 1412 1089 136 2483 816 1439 1747 2561 2653 1570 2686 2631 676 1954 1508 1839 889 1155 1938 1352 1423 1073 1817 2014 2494 117 1753 1646 1555 663 1711 1833 1541 111 1198 1884 1418 2622 70 660 1456 265 1184 2437 2245 820 508 298 1955 2506 718 1853 1767 1266 694 2179 1980 275 1462 1035 1502 1000 980 2055 306 1603 646 191 1557 475 2538 1100 315 2077 13 944 327 1088 1443 2808
1944 2294 1055 2135 1212 137 1606 899 2741 2842 1056 116 2207 97 204 1463 725 1464 2728 1076 2041 2382 1935 1639 1547 2511 2813 2286 2248 1937 1134 948 1067 1940 2393 804 2258 1841 570 1874 1721 2558 329 12 146 2441 2068 1223 2827 491 620 2436 686 2740 682 1592 1947 2435 1452 2305 723 391 2615 1986 362 1825 494 133 165 677 1777 2585 2748 548 1868 1185 1130 732 2733 2749 540 246 2418 2569 2184 974 2004 2598 1797 2583 2825 777 1899 2708 1943 154 2438 184 189 1359
49 192 2025 2669 2173 2794 1282 207 654 61 2070 2396 408 1781 1787 1356 356 139 225 296 245 2280 209 239 525 1141 838 2164 216 1506 2311 449 290 1248 27 1140 383 625 653 679 113 1124 1924 1037 2693 252 1481 455 1435 344 2053 2091 1612 1505 131 1274 1692 1598 1875 1262 799 1021 495 2236 1635 52 2465 2505 2137 1662 452 1378 580 1022 390 1097 786 418 241 1465 1780 268 1011 1500 858 2765 2232 1843 1216 1297 2142 1967 758 478 92 2062 159 2531 1299 2244
989 341 803 2040 364 2381 101 737 215 1900 436 374 2114 581 2759 251 328 766 2238 1683 2579 1357 1091 2504 407 1427 1137 572 2495 2288 926 1996 1818 39 564 1180 76 2281 230 1971 1898 1230 1786 777 1257 2277 1115 2066 1883 1093 1389 1300 2113 2546 1394 1801 2644 1213 1353 304 483 2540 1559 789 395 2178 545 1207 898 2242 1106 1361 240 751 1087 614 2072 1166 2077 93 2000 714 1590 576 2784 1951 1451 2478 1558 529 2777 1306 824 2409 20 1125 895 2787 2561 70
2171 2043 650 6 2666 285 2816 1221 546 372 2643 759 582 2810 820 468 411 1188 1916 922 1723 1891 1541 1697 298 1603 2346 973 475 1702 807 1260 1083 1084 2677 1858 1456 1570 732 1285 620 1284 980 1884 2313 750 181 2118 1797 1015 2268 636 334 669 1763 1865 2194 448 1227 1153 1536 629 2167 1761 203 2261 829 459 2627 2601 661 2168 476 42 956 769 2012 2387 2130 2714 173 1082 845 2841 1950 1410 2684 2240 2727 1380 2471 2028 2482 1110 965 1253 2801 319 1059 122
2414 1177 107 2604 2550 55 2176 728 2641 397 1507 1194 1104 1669 575 2754 2019 1211 1691 2326 736 1467 153 2159 2234 379 2360 1028 1919 32 1748 1690 2036 1459 187 796 469 920 917 2254 2233 1014 2239 1734 457 2073 2733 902 1611 2033 2192 1601 2586 541 2603 2605 2297 1832 993 357 1950 462 83 1372 1805 1821 1534 1720 2684 1626 2329 2166 1517 2080 2752 1192 2630 794 818 2347 2563 1943 1382 517 775 1169 35 2368 2447 400 279 2661 1482 2780 1970 2240 1403 227 2106 2711
196 1625 353 869 1963 776 2067 276 98 2256 2361 2474 781 233 1819 1864 701 1600 585 2462 871 153 1402 9 543 998 492 1744 2334 1667 910 2353 1970 819 2157 2081 2103 748 567 2803 1643 2751 381 2778 1042 1661 40 1770 841 2647 919 1401 1354 1154 1403 1579 1556 2222 579 2109 1171 206 952 1219 640 2404 343 1791 1214 592 2711 2278 2457 873 2001 424 1515 118 930 1460 1287 2391 2336 22 515 2661 957 862 2582 520 301 2567 2792 227 2162 2153 232 247 945 2141
909 1371 1462 1113 924 851 1144 2494 2361 1232 953 115 40 1960 1487 2216 2573 1471 1502 1198 1757 2179 1488 1738 1397 117 2768 835 1922 997 420 1641 2772 327 2203 2547 824 400 37 306 2507 341 907 1199 1283 1703 989 1363 1184 1659 103 2077 148 1137 1591 510 1336 335 63 2617 701 474 688 1394 1186 1400 2478 423 2288 767 2620 2114 762 2535 1559 2197 2561 594 2022 751 60 1451 2747 1288 1476 581 2245 297 1401 2521 576 214 2261 1106 1954 2263 1323 1361 1315 300
431 2510 1839 1035 70 1753 2561 1125 2777 2772 2478 2077 767 1252 2015 2818 277 2622 1390 1834 1557 951 2757 1759 315 191 1533 1165 1980 2302 601 1842 18 997 1443 1938 2 2686 1747 889 1833 1394 646 1798 395 769 545 2315 1427 2702 2685 101 1306 2663 2066 2506 860 1137 1130 374 433 2540 188 251 1298 2161 2289 1895 2482 962 898 2113 2532 485 853 1801 703 1489 1904 1115 2574 2507 1739 369 103 1989 2022 211 1460 2546 2054 2494 564 2653 1266 161 2576 2072 304 20
2792 998 9 1579 1583 1179 1791 2328 2491 1470 887 1977 2252 118 1651 1578 2065 1531 952 748 2682 567 919 2778 1769 841 916 2647 1354 930 1063 1854 227 819 2575 517 1667 639 1770 2723 1970 1920 2711 382 2042 114 1585 945 2310 778 2729 808 982 928 2097 1657 2349 776 2416 2225 1809 98 1819 10 2329 902 2658 875 86 2462 1851 371 2234 1611 975 579 102 923 1372 1626 1169 1528 2334 2020 1734 2033 1690 2360 794 2347 1271 1959 1989 1963 279 2159 2405 2211 917 321
2755 2045 1584 2023 258 85 1102 2790 943 1407 1656 1926 817 611 188 2817 1319 221 2300 414 987 556 1405 2832 1934 2270 635 2411 2082 2528 770 547 312 1624 2501 1386 747 1644 1320 2044 259 2358 1046 2344 2735 2544 1029 1848 2307 1993 2574 1414 1428 622 2564 2800 463 904 1564 1617 1092 911 2397 178 1158 2631 1253 712 2724 2676 674 2337 2287 2007 1552 970 219 2670 1615 524 2635 489 201 1151 1878 1796 630 2606 977 659 2626 1313 74 2646 2770 769 1101 1045 1054 912
2070 216 1141 1356 49 653 654 1781 408 209 139 525 1140 1506 245 2669 192 838 2311 2025 2794 2173 1282 2164 2280 27 1124 455 625 1037 113 356 225 290 2053 239 207 296 1787 449 1262 2396 679 344 1248 1924 61 1780 252 1635 383 1612 1715 1274 1662 390 1505 1216 2698 580 1967 2693 1843 1127 1472 2236 1273 1465 1648 2406 1481 1050 1598 643 858 1008 2429 1021 2765 786 2301 1568 1024 2062 1011 2465 2505 1297 2244 418 618 2232 131 1435 1097 799 452 1875 495 53
2282 631 1290 921 1518 1017 2064 2596 2796 2093 2140 1879 2049 1909 530 451 1604 1301 1567 1058 1237 446 607 1906 1981 394 2392 662 908 1119 1613 1978 1554 813 984 1370 2257 243 1739 1105 542 1384 660 391 710 2357 1331 1002 2262 2344 54 1614 1673 2782 2530 996 1853 2259 1181 1396 355 1893 124 360 345 2664 2696 1000 2010 1151 2564 2676 1172 2648 527 904 2724 271 259 1491 1837 1387 1742 337 1564 2035 610 1621 2675 1242 338 2574 2753 651 912 237 1942 1147 463 591
433 1895 2375 2289 769 197 161 2650 2482 1721 1876 1223 1473 12 1701 173 1759 2291 2639 2683 447 329 1874 608 574 2051 2809 494 860 677 274 2057 939 1439 526 146 804 70 2506 2757 2702 2435 2825 271 2207 1452 18 1825 2436 2779 682 1555 2220 1130 2558 2622 2022 1027 647 1710 2736 258 1228 1839 725 1417 2766 2561 1868 1677 1892 374 140 1150 1931 403 1489 2507 1427 864 2089 188 1976 1055 2719 994 1881 1785 443 1753 2315 1842 1771 2598 1035 2510 1056 2183 168 580
2171 2043 650 2810 2666 2816 2346 1916 1891 1723 475 1541 820 1603 2841 807 750 334 1570 411 285 6 372 1260 546 1139 1221 1953 2643 1697 468 759 420 1188 148 1605 1397 922 582 2768 1922 1858 1738 2179 594 1502 1905 2022 1809 1153 1089 1688 2240 1027 2130 2348 2502 510 2732 2636 10 1488 1372 556 2347 2297 956 977 1881 173 1404 2178 1808 2234 1333 688 2368 2494 2387 1163 357 2272 2254 1213 796 1832 2804 371 904 2747 145 72 1259 1023 1690 2714 1014 1046 2233 1468
1417 860 1489 2084 1701 489 550 173 1710 1253 168 2545 2515 2352 906 2424 623 1307 2034 2646 197 649 1135 1218 2100 2753 642 622 978 769 179 606 1099 1437 2076 846 925 712 1948 2626 1679 2707 532 2649 900 1158 2050 319 1428 1054 659 2480 480 1327 1045 674 1623 1627 312 2212 1051 391 1848 1658 178 1148 970 2735 833 1369 1102 1409 645 1029 987 2200 559 1644 563 2338 947 2817 2439 2011 1422 2597 1564 2358 446 2470 1046 2501 1837 2714 675 2007 2628 2832 348 1649
67 1075 1810 627 202 2509 2583 1406 1012 249 2121 2350 1001 12 2809 1944 1055 2507 997 2728 520 1609 2224 1473 1265 1904 404 2615 1689 2435 725 424 1928 960 1448 1166 2748 1874 24 2320 1894 1945 2294 2744 2542 775 2533 751 2621 1169 2777 10 1733 2630 2478 1334 2077 2772 1149 739 2753 2207 232 2143 2558 338 1252 1721 1707 1753 165 1464 1611 1722 1517 137 2733 2623 1805 777 1590 2586 1869 1466 1296 1820 499 184 2015 357 876 187 794 538 2684 5 1130 1084 2211 2622
1083 1702 620 732 181 759 1318 2643 636 1536 2807 2278 582 42 1797 546 285 6 1221 2678 468 1188 411 2627 1260 2425 2677 2048 1108 2168 973 2476 396 661 1251 1084 298 669 1697 1856 133 1525 2194 2313 2608 807 922 372 476 2522 2111 1064 45 2056 2441 2004 2827 1947 1280 1596 2202 2745 2760 2448 2182 1792 1365 171 2190 1930 1761 2498 2548 462 236 2263 270 1375 2562 1476 570 281 88 1227 2761 57 1758 310 1172 187 2615 2374 132 1858 949 2418 1768 228 1914 2623
352 2833 2269 2576 299 2092 2139 969 2371 1549 2226 428 2484 1349 2844 264 2213 879 1122 1982 2138 2776 741 2797 2648 1925 2255 1201 2455 667 913 2412 837 2727 234 1572 1826 1009 1 349 2189 403 1815 1520 317 2215 2266 1338 307 1159 2635 1539 2158 1619 46 2094 892 2524 1025 557 1421 1863 203 891 1735 1571 223 1530 1629 1101 2460 1814 685 1071 1698 2731 1994 226 2104 90 1078 2403 1618 2063 166 2372 1615 1630 2399 1242 787 2834 2811 2223 2473 273 638 1366 1589 1069
1141 1506 2070 1356 216 1781 654 1140 2669 49 2311 455 2164 2025 27 225 113 192 2794 625 525 1612 207 1787 61 1692 1248 2396 1262 1924 1481 239 344 408 1282 52 1274 679 2173 2821 2690 252 858 346 2467 1022 2465 2505 1378 1216 209 1662 2280 356 383 139 838 245 1124 363 138 2765 1780 418 786 1127 296 478 2398 1037 758 1024 628 936 290 1598 1505 1465 2232 1220 1048 2053 1435 2429 1918 1438 2091 753 1568 108 471 2244 449 389 402 782 2632 1875 2687 780
2045 2755 2023 1584 258 747 770 1320 1759 315 1707 2757 360 1007 2259 2494 2622 710 1557 70 414 1992 1980 1739 2561 997 2302 1853 1673 2782 660 1165 406 18 773 215 648 1842 2077 1476 542 1390 2015 2507 1073 2179 54 101 436 1753 2478 328 742 1511 1969 1125 2102 1731 1900 1199 1138 462 1800 1325 2733 338 1502 1466 777 1133 2216 926 2777 248 257 730 1904 148 2238 766 1893 1871 751 2772 737 1198 2040 989 1968 2510 1818 76 2573 341 2030 2657 1517 1834 2257 364
2025 192 61 207 2396 2794 1787 2669 2173 49 225 1282 356 408 296 139 2280 245 209 239 838 525 654 1781 290 2164 2070 1141 449 1506 1356 1481 653 2311 216 2091 2693 131 27 1875 1248 383 52 1140 1124 1662 418 113 455 495 241 625 452 679 268 1378 1037 1435 799 1021 1500 1924 1843 1262 346 786 1022 1692 2053 1612 1505 2142 2531 1465 2285 1011 2429 2765 1274 2821 2236 1635 478 758 1780 252 33 53 484 534 344 2244 1024 464 1475 2137 389 726 92 1503
2713 1569 100 48 2721 1496 1316 715 1965 1051 64 2556 1636 1948 1796 2545 1096 1453 1586 562 1218 2433 2628 497 201 2815 1416 1261 439 2034 2272 1658 2376 1840 194 305 2046 992 1860 1544 2352 2241 1490 2309 231 2439 1897 1381 1901 2650 659 1836 122 1679 1148 319 712 1362 1444 1552 1710 1054 769 950 1782 1328 2007 663 26 675 1649 563 674 1870 906 1640 2313 168 1307 2826 448 2454 1015 1046 1428 636 2652 161 518 1045 947 1536 1878 51 1422 95 1623 685 1489 2836
1252 2015 1834 2818 951 601 1842 2 18 70 2772 1753 2663 2777 2478 2077 1125 2561 2622 1390 315 1759 2757 191 1557 1165 431 1035 2302 2510 2161 1839 767 1747 2686 2315 1989 1533 1443 1938 1306 889 2685 277 126 1786 1833 1137 2667 1845 688 2653 2471 2702 2409 485 1427 101 93 853 1951 895 2601 1257 1115 997 768 1980 1130 1107 990 522 395 848 1825 1971 1801 2787 769 2546 1723 1739 2247 24 1830 497 2755 1186 1340 860 903 1122 2381 2540 1175 2644 1897 614 1891 2506
1475 999 2059 726 2236 314 484 1050 806 1187 1967 331 1273 1635 390 53 2531 534 1648 2406 430 1929 464 1706 2429 1011 1715 655 2053 780 805 2244 1124 1662 1875 467 478 295 1037 1024 418 1275 2765 131 268 1755 1465 799 2693 1281 1503 2698 1262 2715 1730 402 456 653 1039 113 1438 471 504 1378 389 1127 2552 927 2061 455 452 1789 1972 721 936 1568 587 2301 296 207 1317 239 771 2794 2285 1216 31 1274 344 1780 108 1395 1140 1532 1918 838 238 1746 2479 363
1416 1948 2815 1096 2272 1362 1897 1496 2556 1051 1965 1860 1586 1636 497 1316 2082 1218 2270 712 1261 1422 194 904 659 1617 2721 2713 2011 1468 1045 1319 674 188 201 259 563 2358 2352 987 562 85 1046 1993 635 1848 221 1307 2300 2767 1123 2312 1552 1901 1926 445 2790 2435 257 547 2714 319 439 2076 1623 1428 137 2204 611 1694 1386 2241 943 1405 1679 2826 2650 1963 1208 2337 992 2454 1569 1437 715 2580 305 978 2046 2133 1328 1782 549 1757 2012 2309 2832 2606 1185 1102
2843 257 1894 2341 2609 1498 535 253 1527 2377 1871 821 1068 1455 336 1731 2613 870 1850 1670 288 416 1645 2095 1138 1800 881 2299 883 2680 1936 749 2243 800 855 1094 1142 2196 673 2251 1913 2697 2005 742 2492 1466 774 678 2519 2417 593 2006 1174 1707 2087 1454 2331 519 1419 730 338 1516 301 1546 2219 1007 709 937 538 843 2746 1379 248 2326 610 2036 1128 1243 392 1319 2364 1794 187 1347 2788 2618 2456 2559 2420 2487 1581 2234 2176 186 920 1040 648 1210 923 1020
1049 839 932 698 1521 955 2150 1041 123 882 1754 1038 2421 1910 1949 640 865 323 986 13 2798 1272 340 1757 2047 2520 1487 2629 2539 427 1429 2083 2671 1255 2210 2267 743 2333 121 2380 729 2640 2415 924 500 1329 332 536 1471 2423 1189 2428 933 2568 432 85 2117 2077 2032 2078 18 901 1386 1842 2828 2265 1413 2711 1888 377 2470 265 2561 1753 1970 2402 554 142 547 1885 2795 72 701 1125 1708 953 796 2494 681 672 2449 571 2353 56 2574 1374 2772 569 1492 1566
5 2457 1515 2725 844 609 1766 1889 2464 957 744 244 2404 2115 509 1945 2572 1696 520 1616 232 19 424 2566 1556 2448 1722 1744 1477 1269 466 707 1867 2354 2408 1849 1637 163 1061 213 1733 388 2744 2823 2162 42 2278 2351 498 752 473 80 1661 2048 1529 1108 1927 2390 2014 1326 1265 2222 375 2169 1283 2124 1214 2726 218 2502 2678 592 377 2508 468 1296 119 285 941 1844 1383 1632 1858 2210 1797 1904 1596 270 1880 84 828 6 1768 815 1171 306 2224 1221 973 1231
1083 1702 732 620 181 1318 759 2643 636 1536 2807 2278 42 582 1797 546 285 6 1221 2678 468 2627 1188 411 1260 2425 2677 2048 1108 973 396 2168 2476 1084 1251 661 298 133 1525 669 2608 922 1856 2522 1596 2194 1064 1697 2313 2004 807 372 1280 2498 1365 2182 2305 2562 2760 2374 2056 1792 1930 476 45 1947 171 1758 57 894 387 2263 2554 2441 236 419 2111 2745 40 2202 2827 1768 1283 189 270 689 1880 2448 228 1914 570 481 462 187 281 1960 2153 1172 1861 366
244 2115 609 1766 1616 2677 2464 844 1696 2457 509 1515 2725 629 1889 5 957 744 2404 1477 281 2572 2448 2387 1744 466 582 1556 546 285 498 1221 1061 163 372 2210 396 2627 2222 2643 388 481 1844 2421 1637 2162 2520 640 2798 1754 2014 2823 1480 468 2428 520 1702 807 2726 232 707 2351 6 752 2529 759 1945 2539 1849 2671 1661 2629 1366 425 1269 1256 1910 1041 1722 19 565 592 2278 2568 1374 636 20 1660 1084 2128 1867 1858 2745 1188 815 13 2415 42 454 2524
1588 1132 988 193 680 569 1249 121 2090 536 332 1553 1431 2333 866 1499 36 2117 1430 1236 733 1699 1886 1268 500 1728 2380 1513 2024 1533 213 1228 1847 426 1773 359 1161 2078 1795 2406 2709 2365 2143 1323 2546 1648 2190 627 1685 427 2233 1597 24 571 1716 1785 1213 12 2441 2394 2588 1859 2267 2626 249 499 2656 833 1049 1355 2781 103 1256 695 2296 1946 983 105 2827 340 1012 901 364 2260 2022 2324 132 175 1176 95 293 1024 1242 2121 2113 1719 967 252 416 2451
2510 431 1839 1035 70 1753 2561 2772 2777 1125 767 2478 2077 2818 1252 2015 277 1834 951 1557 1747 1938 2686 2622 1980 1390 1443 889 1833 997 315 601 2757 191 1842 18 395 1394 1759 1533 2 769 2496 1107 1310 2506 1801 1298 1165 19 2471 433 2302 2507 2663 824 545 2566 1130 424 1955 5 2555 707 2532 2547 1666 2644 497 2289 903 1586 1904 2601 1340 2482 1989 1266 2653 1739 835 2277 20 1798 1853 596 853 211 232 1287 567 1922 182 646 1150 920 1674 2046 520 2685
2252 2357 1583 1906 1651 1179 998 1791 2328 1977 1578 9 1579 919 952 841 887 2491 2682 1769 2778 2065 394 1531 567 118 930 1470 2647 748 1920 819 2392 1879 1354 2792 517 1063 945 916 2310 227 1667 639 575 1585 1770 2093 2097 1691 1970 2166 2754 1058 2349 2550 2660 1978 928 2723 2042 499 2733 462 982 1169 736 2360 2752 2575 769 1626 457 2234 2368 984 1690 813 1382 776 579 1028 2711 1734 98 2254 1919 2019 2684 2106 1517 279 1136 2159 2563 107 2081 2192 2658 2067
2502 2152 1371 851 2567 2751 2141 22 1171 1214 2263 1605 2153 1960 2109 894 1632 419 2554 106 592 84 1927 96 1661 40 1032 2572 189 2060 1744 1199 2726 2678 744 2623 2162 2608 957 236 2522 1064 629 2760 1232 1251 941 2404 2056 2457 2706 785 481 2182 2222 45 42 1198 1280 565 20 2278 1364 1766 509 1750 167 1515 2807 2831 2562 1525 815 609 2705 636 1113 2348 2507 2305 5 940 183 1217 1536 171 844 2841 2691 2116 2612 690 454 2203 1365 1987 1659 1556 333 2197
1422 550 1993 947 1045 712 1444 1617 1679 1623 2837 1782 169 1663 1381 2352 1328 1649 1261 2836 2050 2707 1054 1658 2241 1544 2767 480 179 2439 1218 2130 735 518 51 1640 2769 445 645 663 2454 155 2011 2840 925 2424 1489 1369 1552 2515 194 74 900 1253 2714 2724 992 1029 1190 259 2631 2574 860 1486 134 489 463 1710 2046 319 2649 2133 2676 833 769 2628 2544 1208 1407 1102 260 2084 1878 2076 26 904 1788 826 2606 1860 563 2538 1468 906 1307 1051 965 613 2513 659
1290 631 1017 2282 2093 921 1518 1879 2064 2796 394 2596 1906 2140 1567 451 2392 2049 607 446 1058 1909 1237 1981 1604 1301 530 1119 1978 2357 1613 908 662 984 2262 2660 391 1002 813 1384 1614 2257 1554 1673 1331 369 1676 1370 416 2696 337 1460 1239 1495 991 243 1215 1739 1382 124 499 793 2600 1742 2019 102 487 2648 2166 1392 1745 2754 54 2543 1837 2802 1372 2458 1893 1621 2106 1566 210 1194 2733 942 917 2297 2192 107 2525 1025 1832 710 736 2360 1467 2159 2641 1919
967 1804 1231 739 1719 2143 2024 91 2756 426 754 218 24 2021 1689 2430 792 634 1597 213 2235 2533 29 2320 2296 2408 707 1728 2354 293 1529 1722 777 2785 1996 1733 2390 184 1269 1019 1849 1149 1867 1091 2744 1914 751 1535 2260 2638 2566 540 19 1334 1478 1753 424 558 291 2060 232 1561 2615 520 2005 388 1945 1448 757 2295 286 2073 832 2172 1064 230 1601 548 189 2224 1130 1125 541 2554 481 419 2777 1632 2542 1055 2820 2251 1533 1331 1927 570 1943 1032 1904 908
2665 2068 1547 722 2511 204 2842 79 2728 1841 246 2305 2207 2506 1134 1055 1986 362 725 2766 2258 1130 165 2825 442 1962 1126 2558 1940 1067 2294 447 1825 1935 2736 1998 790 864 2292 692 2319 104 2037 2625 2135 1677 508 1056 2741 2057 1463 2113 526 1798 1452 608 994 1606 2683 1942 1944 271 545 638 304 1716 2719 2440 2086 2291 1183 140 795 1212 137 2777 1513 1785 647 1847 2271 364 2155 1868 30 274 2233 1088 810 1445 2435 2639 574 2178 1970 766 2066 1771 2829 386
1752 1799 2389 1545 1624 626 59 1202 2069 950 2367 1146 4 1407 283 613 1644 826 1737 2832 2477 2411 547 312 556 2501 2044 266 2528 1319 987 1386 1102 2270 2817 611 1656 2082 1934 635 1735 518 741 1629 697 2011 85 2781 2797 1411 1181 2727 833 2588 1983 1811 1803 2339 932 977 2731 817 2776 2790 2595 2844 735 1261 752 440 1167 1926 203 1405 2385 143 661 2213 2840 74 2484 2662 1615 1295 2148 1653 1589 2168 2185 2473 2584 1362 2557 2631 1636 1092 1815 1408 2470 46
1908 1107 848 702 284 1310 1830 1114 931 2601 835 2471 2624 502 297 1821 990 688 903 1767 1340 1254 126 1720 1845 103 2276 1235 1323 65 1608 768 1186 250 1512 578 1975 2388 684 522 1413 1391 2314 400 1401 2661 575 767 1691 1839 997 579 543 1277 1232 2667 2555 277 431 2507 2136 102 441 1819 2510 1864 916 423 333 919 339 2058 2605 2036 2761 114 960 1244 952 309 1336 1970 393 2478 827 834 863 1154 1459 2620 2359 424 584 1354 1626 2247 1162 703 1727 778
1710 1417 1701 1489 2084 860 1319 675 2646 1307 2011 906 606 489 2375 674 1253 978 1218 645 1788 1948 173 197 659 904 769 2352 900 2200 2515 623 2424 319 987 2241 712 1388 524 970 168 1468 611 2480 1158 178 1848 1313 1148 1437 1486 2840 161 817 622 85 559 2439 1428 2076 1123 2753 2574 1046 2358 2287 497 1029 992 2606 188 2270 1208 550 1416 1386 451 2652 312 1190 1627 563 1586 1658 433 833 2501 2676 1552 547 2082 2034 2626 2007 2714 1544 1878 2046 2724 1261
332 536 427 569 121 1793 2415 571 193 2217 340 901 988 2568 2090 743 1588 1132 1249 680 2333 2423 1065 1553 2380 1699 1256 2267 1430 2117 2210 1236 56 2047 1886 500 1272 640 2520 2671 1431 36 2078 13 2629 2798 370 1429 955 2032 323 2428 2539 554 1888 2601 1754 2053 931 1485 2221 1053 733 2421 1549 1297 688 1070 1140 1910 432 377 1268 2471 40 2758 1041 2197 2075 839 1324 2013 2266 1374 968 2077 344 2607 2094 1607 1830 2406 289 1462 2120 2 2029 1069 1219 1037
1897 1362 1948 1416 2272 2815 497 1096 1586 1496 2556 1636 2046 1051 992 1965 1316 2628 1218 1658 2241 1860 1840 2034 2545 2439 1544 201 2713 1261 712 2721 2352 194 1848 2309 1796 1569 1901 1584 2007 1045 1381 1428 563 1158 659 2358 48 100 715 2084 562 64 2376 1307 674 1046 978 904 1319 1123 1453 259 906 2035 970 2337 524 1486 2544 1710 231 2077 2574 977 1878 2649 1417 2652 769 70 2200 2724 784 2826 1313 2287 2564 2344 2606 950 489 1468 168 2735 623 85 559 178
550 1422 1993 712 1045 1623 1679 1617 1261 1444 480 1328 947 2050 2707 179 1054 518 1663 169 2837 1381 1782 2352 2769 2130 1649 735 663 2767 2241 1658 2836 925 1218 445 1369 2454 1552 2011 2840 74 900 2538 1253 1544 2649 1640 197 2439 2714 943 992 489 1102 2574 26 51 1489 2631 826 2515 348 155 1486 1407 463 977 524 1870 2084 259 1208 194 1051 2076 860 2724 1437 2606 2544 1710 645 1417 635 1468 906 659 2676 2046 2200 2817 221 1656 556 2501 1307 2082 2652 2397
2269 2092 299 2833 2139 352 2576 428 2371 2484 969 2844 1549 2797 264 1982 1122 2776 1201 837 741 2455 879 2255 2063 2412 1925 2648 2189 667 1826 1589 1735 90 891 2226 1009 317 1814 2213 1338 1571 642 2403 2731 1349 2811 17 1698 2138 846 1619 2486 1539 2223 1815 2473 403 1242 1622 687 2094 1863 1159 600 557 1291 573 1421 2175 1238 2266 1071 2385 2338 913 1994 195 234 46 342 2100 867 1101 1520 226 1411 180 2710 267 2654 551 1 888 1572 262 2524 2215 892 1824
1579 9 2792 1470 998 1791 1531 748 2778 887 1583 919 1179 2065 118 952 567 2491 2328 2647 1977 2682 1769 841 2252 1578 1354 1651 930 1920 1667 945 819 639 1770 2575 1063 114 1970 1585 928 916 517 227 2723 1657 2711 1854 382 778 2729 1851 1504 515 2042 579 1908 2829 776 975 304 808 98 345 2178 492 725 72 42 1625 2459 923 1279 2310 888 177 1394 1319 1703 990 2567 2066 1353 1154 1739 1287 1963 353 2122 904 1035 2113 611 2103 2636 869 545 1363 479 1315
797 1575 1758 1664 2374 2004 859 493 746 57 756 1665 2418 1358 366 294 2461 1034 1765 280 2229 1196 689 2327 133 1947 1861 1724 2330 588 2184 1580 2838 570 976 1279 1792 1930 2541 2174 2125 422 2186 1234 150 548 583 2456 228 1276 1081 1375 1392 1497 516 793 2672 77 1776 421 2548 210 2694 801 263 1457 2581 704 1877 1350 857 2332 720 2590 885 2739 287 1551 1542 2321 656 1191 934 2206 1086 1859 1072 1229 2039 880 1193 2659 1043 1887 706 1432 1292 2123 158 1345
99 1510 595 399 208 2655 1628 73 2587 1717 2469 2126 731 453 823 2163 461 1160 401 1599 1023 141 2055 177 2829 2122 2074 981 760 2679 1163 1903 437 460 380 1233 1085 816 2098 2747 1976 1047 1145 477 612 72 1872 2636 2009 172 1436 164 2577 2722 156 2775 2355 144 1415 2691 694 515 2218 1504 935 222 2750 1241 174 1784 1305 1088 2282 1801 2096 2274 850 2277 1790 2642 1479 479 2201 1661 120 579 2645 631 1682 836 1911 1910 2432 1497 1098 492 1081 1035 2507 989
2548 1375 2749 934 1580 280 956 1292 2418 1276 1392 115 570 2255 793 551 1025 342 210 1995 57 154 2330 1861 1234 689 2229 1059 1947 2461 2399 17 2811 2371 2063 1575 1930 1034 38 1758 2648 2327 2125 226 1159 537 1792 2174 837 493 1665 317 2838 1060 203 403 2484 2456 857 704 961 2412 2266 2740 2694 1072 867 814 421 1387 1278 2186 1 1571 829 1338 2123 600 1101 294 1421 1859 2688 1594 642 150 2476 2194 1110 1043 2403 1882 234 1618 2701 1349 2100 2586 667 693
2755 2045 2023 1584 258 747 770 1320 1681 1853 2259 360 2494 1673 487 2179 2696 2782 2257 1502 710 2757 1759 1000 1198 117 1738 1340 2134 1384 1695 1707 2075 1614 2600 1705 2373 1184 414 2341 1855 1922 148 791 1742 942 54 1739 315 420 2203 2664 2622 1331 542 531 275 327 660 528 1397 2510 1893 1508 510 18 739 1891 601 2702 1554 70 1512 1488 1370 750 1980 820 1591 48 406 306 2302 1844 1723 2663 338 2 767 2644 1390 745 337 1007 2768 334 164 1603 431 2030
207 2396 61 2025 1787 192 225 2669 2794 2173 49 1282 1481 356 296 239 408 2280 209 838 52 139 290 245 525 1506 131 418 654 1141 1378 1875 2091 1662 1022 2164 346 2070 1781 2821 653 786 478 758 1465 2429 1692 1140 484 1124 2690 2765 2467 389 1356 2244 467 1262 363 27 534 1612 1475 455 1924 268 113 780 2236 449 216 2693 1274 2531 2059 383 1037 1275 241 726 806 1039 1024 1635 1780 295 495 452 1706 1127 799 840 2479 1248 2505 2465 464 53 2053 2142
1371 1960 851 1462 909 40 1113 1232 1757 2308 482 84 619 2712 1283 2617 2494 327 941 2261 594 2162 521 1144 2502 2203 1987 1661 2404 1433 2726 815 1659 37 939 1605 1591 2361 2526 2704 2573 270 1199 2194 510 2521 592 1931 1139 661 629 1744 1889 2183 2220 1738 2427 835 1198 2678 2152 2089 1394 2507 217 2263 481 1221 614 2197 167 2058 2445 2803 396 1336 1502 609 232 1866 1183 1844 2386 762 2359 152 42 1801 54 285 1880 2425 474 997 400 957 2677 1768 856 2457
325 8 1671 1474 745 2449 2535 1006 1082 2167 1090 586 1308 443 2706 1380 1763 1537 37 459 2230 1750 1641 690 335 2245 1144 946 2514 1217 1263 2571 2591 1425 2268 1267 2079 907 762 309 300 624 1336 1907 2197 1315 905 306 856 2160 1219 1013 1352 1703 1458 2216 2410 488 2086 1726 474 1697 333 2705 2443 205 1186 2442 2573 45 688 2314 2831 2293 861 2620 2401 2557 144 2688 621 971 2147 1049 1817 1423 922 2195 2720 1954 2561 1391 2263 2463 377 865 2056 1288 543 1206
2152 2502 1605 2567 851 2841 1371 1723 22 1891 1214 2751 40 1171 2666 84 1960 2141 1139 1397 419 2348 420 1632 2153 2554 2810 1232 1927 1661 214 106 2263 189 96 2768 629 2022 2109 2726 475 2203 894 2162 941 2060 2222 1333 1659 2171 1738 650 5 2043 1922 1394 1953 2346 42 1744 167 424 746 182 481 594 592 1916 520 924 20 1488 1221 6 2816 1032 2573 582 2494 1602 2457 1199 1198 1515 2048 1213 1283 2677 117 1987 1502 285 454 1019 148 2179 1184 815 1434 732
1419 392 301 2331 519 1894 257 1707 1527 1871 2341 1992 773 2843 1138 253 2763 2377 1731 535 742 1546 1779 1385 248 937 336 1454 843 1516 1007 1455 1800 406 1645 2102 2613 538 1498 1133 1068 1442 2145 648 338 94 1778 730 320 709 416 2219 2460 984 1969 1005 1131 1424 1379 2746 2299 881 2519 821 1325 870 568 1670 1479 2095 1387 855 1243 186 2543 1573 288 1020 2243 2251 678 2087 610 1581 1511 749 2609 1200 2697 1850 2516 1466 883 2151 1040 908 2005 1495 2560 605
2755 2045 2023 1584 258 747 770 1320 414 1759 2757 315 2622 1853 18 1707 70 1980 1739 710 1842 1557 601 1073 1834 2510 2663 2259 2699 2561 360 1000 2302 2341 462 2782 1502 2494 406 2 1753 2179 2183 1871 248 1476 1390 1007 1731 2733 2630 2015 1681 1511 1165 2077 1512 1891 1844 2664 487 1517 1992 531 660 1975 742 1695 542 2145 338 1340 1800 951 101 257 54 702 2257 1832 1673 2534 773 1893 187 148 1325 1969 325 1905 1125 1198 745 522 2478 1968 1329 535 1252 1138
1801 2277 1394 529 395 2644 2323 962 1798 1230 572 853 1306 545 485 1951 1175 646 304 2113 589 1451 2540 2178 2066 1334 1213 2054 1427 240 727 2000 483 1839 1300 2504 2022 614 789 1361 2579 1353 1035 2546 1115 658 2759 2787 2510 1683 431 1883 1137 2784 374 803 2478 101 2561 1971 63 2818 1166 1389 1928 1087 954 2077 93 70 1207 251 1786 2777 2542 714 898 2381 951 895 1559 2409 2772 1753 757 1834 1590 1252 783 2072 1106 1125 1197 2015 1333 581 754 601 2622 1257
2578 828 377 2083 1251 1364 1337 2056 1910 45 1064 959 2608 2760 236 2522 2182 1668 2705 2831 2612 183 2602 1797 2401 2798 2116 2678 1726 1374 2038 955 933 785 672 1038 171 565 698 729 1329 1041 2828 964 1754 1217 2629 2197 2503 2640 506 1399 2539 1429 2335 2562 762 1560 932 2421 2263 229 621 2445 1049 2839 2428 1336 1286 1365 1521 2374 516 1596 1183 358 2332 2215 2160 1844 2317 2570 861 2221 1482 2718 2572 2427 1266 2807 1255 2725 2080 1272 1425 839 2476 2498 1930 1070
909 1462 851 115 1113 1371 2361 40 924 1144 1960 1232 2494 2573 1487 1757 2547 2216 953 1283 824 341 1502 1137 37 2617 2197 2261 1180 762 38 327 688 835 2077 400 1471 1336 989 521 84 2308 2194 2203 1476 2772 629 1363 751 1802 117 1536 1768 1400 76 2677 2478 2704 614 60 576 596 482 2288 1995 306 1891 1880 1315 661 2114 1839 941 2607 2507 2327 1198 1922 2712 2022 300 619 1397 1091 2747 1199 1025 20 2571 612 42 2330 1394 1035 1451 2263 355 2720 396 1659
1752 1624 1799 2389 1545 59 950 2069 1407 1146 626 1644 2411 4 1202 2367 2501 2832 2044 312 2528 826 613 1102 556 283 987 2817 635 1319 1934 611 547 266 1737 2477 1386 1656 2082 2270 817 1405 85 2148 1926 518 2790 904 833 735 943 2631 2781 2300 2011 188 2133 977 1735 1636 1983 2312 1444 947 1181 440 1135 1362 1468 1156 74 31 877 2588 2487 221 2473 2652 2200 2606 932 2610 1261 1092 900 155 1029 1414 326 2732 1428 649 1099 2213 965 1054 633 906 1873 2470
1908 1107 848 702 284 1310 931 1830 1114 835 2601 2624 2471 502 297 1821 903 1340 990 688 1254 1767 126 1720 1845 103 2276 1323 1235 65 1608 1186 1512 768 250 2388 1975 578 684 522 1413 1391 2314 400 1232 2667 1839 1401 2620 997 2661 767 1691 575 423 1144 2507 2036 1922 1458 1864 1819 543 916 2203 431 1336 309 117 2605 2510 919 227 2160 40 1970 2494 277 335 205 1315 2754 2561 856 2478 420 2768 2230 579 333 1035 952 1907 1198 2386 2706 1626 1397 102 1217
2066 2178 304 1389 2113 1213 2546 1115 2242 545 1087 898 2504 751 2579 1166 1928 1590 895 93 1394 1353 1558 714 2409 614 1207 2072 1019 1300 2022 1971 1137 483 63 1883 251 374 2277 1561 2542 2759 576 1427 1801 2238 617 101 436 215 1785 803 789 240 1257 581 2381 1786 2555 1197 1513 2114 2540 2777 1900 1093 2058 777 1683 1847 2040 766 328 465 1277 1161 1773 1685 182 1125 2077 341 2478 1749 737 1251 1753 1795 2784 1727 1357 1130 1631 2787 1228 1535 165 2054 1798 364
1736 755 2450 2342 1638 1806 1321 2645 2432 2750 1052 1098 1709 2201 935 836 1305 2156 1933 1790 2071 2362 2096 2512 897 850 222 2218 2355 1436 1504 1911 477 461 2055 380 2027 1976 2535 300 1808 396 2691 141 325 1872 1703 2627 1560 1023 745 981 459 809 335 1425 2074 1572 1142 2103 401 2095 523 2274 2191 2747 8 1144 1599 2230 762 2705 2296 1621 1844 1286 64 1474 913 2571 506 2552 481 2831 48 437 2081 1711 796 472 1671 1240 1968 1973 2079 1593 813 475 565 465
767 2510 431 277 1839 1443 1938 1035 1833 1747 2686 889 70 1753 1980 1125 2561 2777 2772 2478 2077 997 2496 18 1842 1252 2818 2015 951 1834 1759 2757 2622 315 1390 1557 601 2 211 2302 2315 1165 433 1460 2532 2663 1608 1401 250 1667 2507 769 2702 191 903 2289 2685 1340 1904 1845 2482 374 819 1895 1080 1989 2506 369 2471 1107 510 173 23 2494 578 1394 2521 101 1310 827 2128 2706 1137 1235 126 161 2650 1821 1975 1533 1585 1733 2601 325 2388 400 103 1720 567 40
607 1237 1981 1567 1604 530 446 451 2049 2140 1301 1058 2796 1518 1017 2282 662 1290 631 2093 1105 1613 1396 1909 243 1879 2596 1370 921 355 2660 1495 1119 2064 2262 2392 1554 813 1742 2458 394 966 1002 2357 1978 2257 2803 908 1906 1676 2336 1100 151 871 975 2219 1565 984 1287 401 1404 124 1455 1331 1031 1793 391 1271 729 1546 2085 487 337 2055 301 2519 2843 338 186 1508 2369 700 709 2793 2361 2747 253 1516 1142 825 942 2577 2696 255 282 1330 412 141 2829 1865
631 1290 2282 921 1017 1518 2064 2596 2796 2093 1879 1909 2140 1906 1567 394 451 1058 2392 2049 1301 1604 530 607 1237 446 1981 1978 662 1119 908 1613 984 2257 2262 1384 2357 813 1673 710 391 660 2782 542 2259 1554 1739 1614 360 54 1893 1331 1853 2696 338 2664 1621 1370 942 1002 1000 1181 435 487 124 1253 1837 1676 1989 1584 2573 1742 2501 2564 1172 2010 1407 1099 904 997 1656 1215 1663 369 556 2344 2648 2537 2676 730 1029 1564 2745 1615 527 387 1904 2660 1135 1740
1870 26 2649 1369 348 925 2454 2714 2769 480 663 2538 518 179 550 1710 1576 2155 2050 161 2513 769 1716 1788 884 2130 1701 1377 1172 712 1847 704 1861 1489 1417 2174 1859 259 2375 421 457 57 1785 294 210 499 1319 524 2123 1743 2581 977 2159 874 1930 1624 2703 2418 1795 970 1494 1348 2198 1857 1228 1580 310 611 1276 1626 1247 1792 188 1347 2004 1513 860 1895 514 2544 2461 2125 133 493 1758 1860 2360 563 1358 842 1653 2547 1298 2233 197 2254 1999 1838 2211 2166
909 2361 115 1144 1757 2494 1113 1462 1487 851 1371 2573 1960 2203 924 416 327 451 40 2027 1922 1232 2840 1477 1754 953 2140 1613 2421 1058 1035 2620 1283 2261 1882 2076 2011 1995 1471 197 1301 257 1681 1316 1604 2796 955 76 1802 1987 1521 1180 1949 1742 1768 1864 2600 117 607 629 1496 2194 2084 463 645 1184 729 1591 631 2282 179 1502 487 489 431 1839 396 698 1965 1819 2747 1695 941 1744 550 835 701 906 1853 661 1287 1307 644 123 2116 1370 1554 2768 1397 168
620 732 181 1318 1797 1083 2807 2278 1536 636 42 1702 1596 2141 1280 2562 2048 2643 2498 759 2678 387 2720 2442 1365 1525 1880 1251 2608 2760 1064 2476 644 582 540 133 2056 2182 2522 2263 2425 1019 2448 894 2688 106 2554 1364 2623 419 752 171 2374 43 236 45 1927 2188 183 2401 2116 2831 2612 189 2153 2627 1108 1768 1632 762 1032 40 63 1960 1726 96 6 1661 84 481 270 1744 2761 1802 2386 1856 2168 1084 844 1947 2441 2060 2567 2572 2726 785 974 2705 396 1283
1087 2242 2072 898 1558 2579 1389 1300 1207 1590 1971 483 1115 714 1166 1928 2504 614 93 2409 895 1137 251 1019 2555 2066 1346 789 374 1427 1093 2546 2542 2058 1353 1394 1883 2540 304 2178 1749 1277 834 1561 751 2759 1727 576 545 2238 1535 1257 1786 540 2381 1631 240 2113 63 1683 803 2197 2277 832 617 581 1801 101 1685 1213 2129 291 2317 2022 1103 2114 2785 436 1798 1357 328 2040 2452 1904 215 407 940 783 967 2507 997 376 1483 1176 2576 341 1914 853 766 147
1948 1096 1416 2815 2272 1362 1897 1496 2556 1051 1965 1636 1586 497 1860 1316 1218 2046 194 992 1261 2713 2721 201 2358 2628 2352 1848 259 712 188 1123 2544 1046 173 2082 2312 2309 2270 2714 1428 2241 674 1414 943 1468 2337 1878 904 978 2564 1437 2606 563 221 970 257 2287 2545 623 635 1775 2652 1840 219 372 524 1422 977 319 559 1901 1710 1486 1172 1569 2649 906 168 1617 1045 2007 2076 2200 1307 1102 1993 2084 462 1517 85 2790 769 2034 1313 1963 876 1405 2684 2035
1290 631 2282 921 1017 2064 1518 2093 2596 2796 1879 1909 1906 2140 1567 2049 394 451 530 446 1981 1604 1237 2392 1301 1058 607 908 1613 1119 662 1978 2262 984 1384 2357 1554 1673 1614 813 2257 710 1002 1331 391 1621 542 660 1676 2782 2696 54 369 1739 1370 2259 337 1742 2537 2530 996 1893 2648 1176 1460 124 1369 1172 2745 1253 360 1437 2753 1271 243 2733 1989 412 1853 1455 1155 1099 556 2394 1100 355 2344 904 2010 259 487 942 2676 2543 338 203 1837 2111 2573 977
536 2090 569 121 2333 332 988 193 1249 680 1272 571 1268 1132 1754 1793 2671 36 2108 1888 85 1588 1329 2077 1431 1739 1753 729 1065 555 2029 427 698 2664 2478 1256 2602 2839 2083 2777 2415 178 13 2574 1890 1540 2120 2137 606 377 901 1072 1181 1125 340 2818 70 2772 733 2561 2626 2117 2344 2743 1418 1033 2753 2440 886 2335 2668 1910 1835 2210 508 1038 828 839 561 2247 1668 1627 2808 2520 142 2724 46 1266 304 622 202 904 2421 1287 1049 2121 951 1553 1374 2795
1431 36 2117 1499 500 866 733 2333 802 2267 1236 1430 1886 878 2380 1053 1553 2078 1699 1256 429 743 680 1492 193 432 569 1588 121 1132 2423 427 536 1429 2428 988 2568 142 2629 2415 555 2221 2539 2217 2798 332 237 527 961 2675 415 708 833 651 698 340 1618 123 2121 254 623 1070 157 1147 1158 1242 1678 2405 918 1485 955 700 1793 1110 1910 1480 2350 2029 1057 2559 1816 3 591 901 1642 2490 2120 1253 568 911 1243 1001 2010 2738 2839 1587 1379 1268 166 249
2741 2135 1606 1212 137 899 116 1463 1935 97 2041 2766 2825 165 2728 1056 2558 447 1130 1825 2207 1940 1986 725 2506 204 2842 1126 2736 1547 2292 692 1055 2511 1067 2319 790 1841 1134 442 246 1962 362 2719 2294 2068 79 2258 722 2665 1944 1874 2435 2625 1677 2037 104 1771 1892 994 1408 271 1942 1223 364 453 2585 608 274 864 670 2305 2440 146 141 12 1900 1666 2802 2445 1359 2163 1461 1881 444 86 1656 2069 737 682 508 350 391 2427 526 144 1213 1928 677 2438
9 1579 998 1583 1179 2792 1470 2491 887 2328 1791 1977 748 2252 1651 1578 1531 2778 118 2682 952 919 2065 567 1769 841 2647 916 930 1354 1667 639 2575 819 1063 1970 227 1920 1854 517 945 2723 1585 1770 382 114 2711 778 2042 2729 928 2459 776 2310 1279 1657 98 492 369 1574 353 1851 1507 2550 579 1154 982 1625 1246 2349 1819 2754 1748 102 2434 2334 2462 1989 2536 515 107 1691 873 357 2166 2730 808 1966 1963 1169 590 929 1142 279 1460 1626 1459 2157 2488 2360
1038 1041 2421 1754 640 13 865 2210 1949 1272 2671 2520 1910 955 729 698 2798 2578 1049 839 377 1521 932 323 2568 56 2083 2640 2415 427 901 1337 1793 1429 828 1266 571 370 2629 340 2539 1329 2217 569 2428 2032 332 743 536 2047 2808 776 121 2077 70 2474 1477 988 353 2090 933 2561 123 701 433 1189 196 2510 193 1753 2478 2772 1842 2686 1890 769 18 629 173 431 2602 2570 2839 1374 1668 1268 1557 951 2818 1249 1839 1035 1747 2423 1125 1834 2777 1802 98 1952
100 1569 715 2721 48 1796 64 2034 2545 305 562 1453 2713 439 1490 2433 2376 2309 1640 201 1901 51 2826 1860 563 1586 497 2650 659 1307 1369 978 2358 1316 2007 1486 2337 2649 1948 26 2652 1051 168 155 1123 1046 712 906 1218 260 1428 2050 231 559 1878 1148 2133 1870 1552 1468 2076 2088 2556 1496 1965 674 1437 1319 1848 2084 2454 611 1029 2419 2606 259 1584 2046 992 784 977 2011 1045 1417 900 925 489 524 1627 1617 1658 2724 1208 904 1422 550 2289 2312 2241 645
1483 1447 291 376 1346 16 1469 44 832 1535 2129 2317 1183 761 2785 1990 1836 490 2437 1914 2555 2249 2235 1178 792 1672 1561 441 1482 1087 2700 2695 483 91 614 1786 1137 895 1523 576 2409 2072 1300 2296 2441 2114 339 2383 2381 1804 2058 2080 2579 2000 1019 1971 93 2422 967 1116 581 2209 824 1727 230 1590 834 60 1257 2547 1357 1057 1207 1336 1595 2359 1449 1427 676 373 603 1749 95 1620 1115 1176 2242 1559 577 1103 835 1152 47 374 2737 1451 596 1277 1631 2542
751 2242 1389 2066 2178 2546 1115 304 1087 1019 898 2113 1213 1590 545 93 895 1207 714 2579 1166 614 2409 1558 2072 1928 2504 63 1394 1353 1300 2022 1137 1971 2542 1561 2759 483 540 251 2114 1883 374 1257 803 581 1786 2277 576 617 1801 1683 215 2381 1357 1685 101 737 1427 777 2238 407 436 1130 1197 240 165 12 1900 2777 1334 341 1125 2040 328 1093 2555 1825 149 2478 2077 789 1091 182 1940 1230 39 2558 1753 1996 2495 2288 853 24 1434 2772 20 1631 465 989
2502 2152 851 2567 1605 1371 22 1214 2751 1171 2109 40 1960 2841 84 1232 1139 1632 2348 2153 2141 96 2726 1661 1927 419 894 2554 2263 106 2162 214 189 785 2060 592 1199 594 454 1953 941 1397 2404 20 2222 1744 420 1738 1032 815 167 1987 1866 300 957 1198 148 481 2203 2768 2216 2612 1602 1659 629 1365 1333 117 924 1591 1364 1283 744 1144 2401 856 2831 5 2160 335 2705 510 37 1839 1502 1217 1113 2079 2620 1488 598 1394 2521 2022 2457 396 2494 1954 2386 1336
1533 2024 1597 426 2143 24 1728 1231 2756 634 1804 754 2021 757 2430 739 1689 2260 29 967 1719 2320 2533 218 293 2777 1753 1125 1149 2077 2772 213 2478 2787 286 2296 646 2172 1265 70 1448 184 988 2408 2615 853 91 707 558 424 1478 520 119 193 1513 135 1945 2561 2673 1847 1228 2235 1161 2413 232 569 359 1296 2054 1383 2295 2472 2566 627 1269 1252 2354 792 1588 1722 2638 19 103 1773 1323 1849 1785 369 1795 2015 1213 2508 5 2546 80 509 1460 498 2457 1132
2806 1831 1730 1655 295 1275 927 1789 2687 1929 324 1062 1923 1813 501 129 125 1912 1240 504 1281 1706 456 788 2142 1932 2407 464 2059 1503 2301 2773 1335 2137 331 326 31 1293 1097 159 580 2715 1026 999 655 2316 2062 1822 1008 484 1143 2228 2236 1297 1118 2244 1568 389 847 782 1475 2611 1011 643 200 2764 2322 633 2232 1018 2250 430 1873 1563 1755 1164 653 705 840 1273 703 670 2594 1962 2534 1704 2306 1003 1417 505 2429 671 1088 268 220 1853 2812 1050 534 467
1752 950 2367 1624 2069 1799 1644 2411 987 312 635 1407 2389 85 2528 2817 1926 2501 1316 59 1102 817 2044 611 2832 2790 556 1319 1202 2082 1496 1545 2300 547 1386 1934 1636 613 2270 1965 1656 1146 221 188 4 943 2556 1405 659 626 1948 2477 1586 1051 1218 1416 266 1261 2272 497 194 2352 2815 2007 1181 826 1096 1658 1988 2449 237 2770 1045 651 1046 2675 1737 1362 2439 1897 1795 2631 2011 1552 1782 2023 712 2714 1011 860 1428 1755 1848 2836 1773 2391 2046 977 2628 283
2339 991 342 2662 127 1807 2385 1295 1025 2731 888 234 913 2771 1373 262 2399 551 1509 814 641 1572 1 2710 1349 1814 1520 687 741 2727 1059 1539 2175 352 697 2189 537 273 472 1238 1863 969 307 1589 511 2466 891 2844 1735 1242 2797 1291 1524 2635 2063 267 685 2524 1629 1122 115 1514 2213 2473 1862 2468 299 2139 2092 1278 2541 2776 1982 2269 667 1355 1324 46 403 1411 846 2226 2833 795 2781 1615 1619 892 1803 2371 1167 2215 90 71 2104 2094 428 17 154 1540
1489 2707 947 550 1218 1422 860 1623 1444 1261 1679 712 480 1054 2352 1417 2545 1045 1658 1782 1649 1253 489 2515 925 1381 1328 169 1663 179 2050 2439 846 556 74 2084 900 1369 1407 992 2714 642 2817 2837 2574 2100 1102 1544 906 1486 312 2034 2836 1437 1158 2046 518 1307 1552 943 659 2133 1622 1208 563 1051 1710 1428 2241 2767 497 635 2501 2454 769 1135 2769 1046 2606 51 2411 2010 2790 1848 817 2130 197 2832 1993 649 1837 1319 1617 611 674 1586 904 2011 463 221
2641 2414 107 2176 728 1177 55 2604 2550 1507 1104 397 1669 1194 575 2754 2019 1691 1211 153 796 306 2326 2494 736 1745 2661 1922 2234 924 1467 2159 1488 1601 1748 1397 2768 2179 1821 400 1184 2360 1254 953 1471 420 1738 2169 827 1089 1107 1591 2073 1720 1241 1423 1919 177 2030 477 2829 579 1690 379 187 1482 1198 2239 1487 1733 2036 2203 1459 1162 1970 32 2508 473 816 1028 1426 1502 1602 2014 2080 515 920 615 2711 2740 2808 20 441 2383 917 1266 117 1659 1310 1326
79 2068 722 246 2665 1547 1134 2511 204 1067 2842 1935 2766 2305 442 1126 1841 2825 1940 97 362 2207 2258 692 1962 2041 1130 447 725 1056 2736 2294 1055 2292 1986 1463 2558 1825 165 2728 2135 2741 1606 2506 790 1057 2319 116 1212 2719 350 2440 137 271 1942 871 274 899 864 994 608 526 1944 1452 1408 1620 2275 2136 393 37 2546 1646 508 603 1732 140 974 1892 2794 2738 1907 1868 1685 1906 751 2359 1555 205 444 1462 166 1540 2209 1315 924 2406 55 2280 1431 329
2578 2083 1910 1251 1337 1364 2056 1797 377 2798 2760 45 2640 2522 828 729 2182 236 1064 1754 1041 698 2608 1521 1266 2421 2038 955 2678 2116 1329 959 2839 1038 2831 13 183 620 2612 2602 839 1668 732 1726 1399 2401 2745 640 964 2705 2629 1429 2428 2808 2539 88 2190 36 565 1476 2210 1374 2202 132 2441 1431 1272 1856 932 2425 370 2120 2221 181 1795 1952 1176 2413 1049 2111 2335 1070 2827 2197 1256 983 2547 1773 865 1286 596 1217 2520 1888 571 2671 506 171 672 237
1870 26 348 2649 1369 2454 925 2769 2714 480 2538 663 179 518 550 1701 1710 2050 1417 2513 860 1489 2130 712 1788 197 2375 445 2155 1716 1861 746 2174 769 161 1045 2011 1930 499 1795 77 57 2840 1859 1743 133 2650 720 1029 2332 1392 1773 1776 210 704 1513 1575 64 1947 1847 1234 2004 1358 421 1319 1276 2493 1576 2327 884 1328 611 294 2461 793 48 1895 1030 524 1161 1350 1034 2324 2166 588 1422 2229 1072 976 1765 100 2125 514 797 1099 2184 188 2703 1758 2838
1417 860 1489 2084 489 1253 1701 550 906 2515 173 168 642 623 649 1307 1710 74 1218 1437 2200 900 2076 1158 978 2352 2100 1848 319 970 1428 2646 179 1135 2424 2753 833 2545 1051 563 674 846 1409 769 1208 622 1046 1045 2034 1099 2626 2676 1327 2212 606 2358 1623 1148 480 1837 2287 2707 2714 1948 2007 1679 524 925 1190 559 1812 2050 2652 675 197 1261 965 2732 2649 1571 659 391 312 2606 1102 2343 1054 712 2724 2769 446 1414 1369 2397 2010 1627 1468 2735 415 2480
291 1346 1447 832 1483 376 1535 2129 1469 16 44 2317 2785 2249 761 792 1914 490 1183 1116 1836 2422 2437 1561 1990 91 2235 1482 1449 60 895 2296 1786 1714 1523 339 2542 1224 1713 441 2080 2441 676 2555 617 603 1971 47 2695 1620 1257 2114 2383 577 1389 218 93 1357 2281 1137 2190 2242 1178 1176 2579 1036 112 2700 1073 1593 1678 1685 1693 683 1476 373 2275 739 1719 2381 576 830 2202 1590 34 1057 1533 581 1727 2180 834 2395 1115 277 1087 2759 751 867 230 1856
269 1548 531 2499 444 2051 598 368 1725 1555 1439 1088 508 2 601 2183 2510 431 526 1839 2653 1753 2663 2561 676 136 274 994 2077 1922 1833 1508 1817 1842 1938 1266 2483 70 1747 2686 18 339 1125 864 2622 1570 1443 1418 1089 889 1412 395 816 1767 660 351 646 2078 2808 1557 1853 265 1284 1723 1955 1952 790 1533 769 465 974 820 475 1942 2494 2506 1980 2122 1881 1834 791 191 2777 1916 694 944 878 1711 1628 13 111 117 2440 1739 1344 2478 2014 1035 1695 1312
1019 1394 63 545 2066 2022 1087 2242 1300 2178 1389 304 1353 1213 898 2113 2555 483 2546 1363 1115 2579 2072 1558 2277 853 751 714 2504 1801 1207 1727 2216 1883 614 1928 1590 895 1166 1288 576 834 1749 1971 240 1685 2058 1561 1703 924 93 2452 954 2197 2114 2409 581 1277 1137 724 2542 1631 2238 1785 2759 251 1333 1683 1346 1357 2785 1093 149 789 182 1257 940 1786 374 215 436 777 540 783 953 803 1471 2573 617 1914 824 1176 2777 2441 328 1487 2737 2381 766 1198
2163 1436 99 1163 1145 2829 453 177 2636 1085 2679 2122 816 141 1504 595 1903 1023 2218 1628 461 401 823 460 2055 222 1510 72 399 2009 2747 760 1088 1089 981 2775 1688 208 2098 612 694 2002 1790 2655 1241 2587 164 1599 1100 2577 144 935 172 2274 174 2096 156 1808 437 1047 2252 152 2192 1739 2233 748 731 1976 1404 2714 1228 1233 1872 620 1734 1305 2774 2355 1415 73 2588 118 2784 1160 1893 542 1531 2682 755 477 457 2166 1028 710 1736 2722 2507 567 1716 1690
192 2025 207 61 2173 2794 2396 49 1282 356 2669 408 1787 139 209 296 245 2280 838 225 239 525 290 654 1781 2070 449 2164 653 1141 1356 2693 1506 216 1481 2311 1124 27 131 1875 2091 1140 1021 383 495 1248 418 799 452 268 455 52 1500 1037 1635 2236 1843 625 33 1662 2053 1924 1011 113 679 31 464 484 53 1465 580 1262 2715 2059 1967 1612 2244 326 1475 252 390 1378 1555 2531 1050 1297 241 1505 2285 2429 1755 1274 1435 344 786 1721 2765 159 1097 92
1701 1710 1417 2084 1489 860 906 1319 1307 978 197 489 2515 769 904 2011 1253 319 645 606 173 674 2646 900 675 2375 611 2012 623 1948 2501 168 970 2200 524 451 1468 987 2840 1814 712 2424 1386 1029 1437 1313 2270 817 2482 547 1218 965 2753 2832 2480 188 1807 1416 559 1046 1208 312 1600 2076 1172 161 2352 2473 1135 2044 1788 1030 1122 1148 1295 1623 556 2127 1158 2256 1486 1388 1102 659 833 2652 2213 1428 2241 130 1848 1123 391 2082 2707 2735 1586 563 2606 2650
2394 105 369 1778 1368 1239 153 1566 1154 1460 1367 2488 492 1403 579 247 1946 2459 2026 1989 512 778 382 2711 211 1970 2349 515 517 2532 25 144 1854 566 2582 206 1204 2585 2793 862 227 1359 2604 2718 1751 7 107 320 2550 337 1633 343 311 2559 1585 2019 1720 1507 1177 923 2603 568 2618 2414 883 2196 253 416 513 975 1621 678 1821 212 1667 397 749 2176 819 1271 2005 2551 151 1383 1210 673 728 103 2251 2641 528 55 32 896 35 1209 1915 1550 1608 1467
1252 2015 1834 2818 951 18 1842 601 2 2663 2622 1759 315 2757 1557 1390 1165 2302 2161 191 70 2077 1753 2478 2510 2777 431 2772 1125 2561 1839 1035 1938 2315 1747 1443 1989 1833 2667 2686 2702 889 2685 2409 93 895 769 1427 767 1122 853 126 2755 1166 1533 522 1980 1786 2540 1590 1549 211 2504 1845 768 1982 277 848 832 1029 2735 101 1775 789 1971 2023 1107 2653 1897 2247 1609 1928 173 378 904 1900 2664 261 1137 1115 1869 1462 1310 1012 2532 1825 258 627 2240 2265
1752 1799 1624 2069 1146 1202 626 2389 1545 283 1644 1407 613 59 2832 1102 1737 2367 4 2790 312 556 950 2477 1656 440 826 2411 2662 2501 2528 2588 2817 977 547 611 1228 1716 1509 735 1847 1743 2148 1785 2198 2781 266 132 1795 1513 1319 635 1278 2714 489 2189 970 518 1672 1934 1316 1773 1343 983 511 2548 1963 2171 617 2745 695 2190 1003 2335 197 60 877 2016 1636 2202 1295 144 795 2538 1167 2729 269 2827 2105 1803 741 435 1386 1437 1965 1446 2515 1811 2044 1634
1096 1948 2272 2815 1416 1362 1897 1496 2556 1051 1965 1636 1586 497 1860 1316 1218 1261 194 2713 2046 2721 201 992 2352 2628 712 2358 188 1848 2312 1963 2544 259 2082 1046 2714 904 2309 2270 1422 1437 1414 563 1428 943 1468 978 221 2337 1123 2652 1405 1878 715 674 559 173 2826 2606 635 1486 1901 2241 1569 1307 1313 2649 970 1172 2076 168 2268 1710 1697 372 623 1775 257 2287 2790 1185 219 2545 2564 1102 2007 100 305 2708 2035 319 1148 1796 260 2454 2300 1934 977 26
1672 2437 1990 44 1836 2249 1178 761 16 2317 2700 47 1469 676 1224 2180 683 1483 376 2523 1116 1447 1713 1714 1838 34 1183 1449 2422 291 1057 465 2190 1749 132 2129 1176 834 95 1103 88 596 60 1727 1476 983 2555 2058 1914 1304 695 2202 2547 1277 2745 1631 832 824 1856 2441 339 2111 1743 1999 576 1346 490 2785 2827 577 2431 792 889 2296 1693 2235 1561 1773 1069 269 1431 1747 2094 888 1795 2695 603 1513 783 1462 1530 126 2758 222 1785 2560 1073 680 1847 2686
1545 2389 626 59 1799 1202 1752 4 2069 1146 2367 1407 613 950 1737 283 826 266 2477 1624 1319 2720 611 974 547 271 2148 2781 833 2440 1408 311 41 2832 368 948 1217 2577 1555 565 2231 1983 440 598 2627 253 2270 1181 637 1088 2498 2393 1102 1201 1640 1210 2158 1386 1656 682 237 1942 923 1811 1172 2614 2817 1851 1783 2740 521 1725 2208 1850 120 261 2150 2562 735 1596 2688 1907 1167 977 860 399 959 703 187 1652 2697 396 2840 2230 1354 2304 1095 2513 2528 2588
1422 2767 1993 1617 1663 1623 1328 2837 2836 169 1782 1679 1444 947 1649 1045 2707 1054 712 1381 735 1261 2050 2352 645 2130 155 445 440 1658 2011 1544 2241 1860 51 550 179 2439 1218 2840 2714 319 1489 1710 1640 1552 1468 1208 904 1416 194 860 1029 1307 900 674 2312 1407 925 259 2454 1486 563 1253 1948 2337 2769 134 1428 2133 2544 1046 2424 1437 906 992 2358 2515 480 2652 1123 2076 1369 2628 260 2082 26 348 2815 769 2287 2735 965 562 1096 1701 2046 1586 2826 2721
1588 1132 988 680 193 569 121 1249 2090 536 332 1553 2333 1430 1699 1886 1431 2117 1499 1236 36 866 2380 2078 2267 733 1492 500 1597 1256 2024 2430 24 340 2143 426 1728 359 901 1793 634 1306 727 1266 1268 658 432 2320 29 12 571 7 142 589 2406 213 135 1951 427 1533 1175 1228 2787 2533 485 1383 2451 2793 646 1909 1723 1845 2172 1053 2217 1583 286 1308 1685 1448 865 414 1997 293 2296 2224 2416 182 1910 2792 1265 119 979 80 1934 162 764 1149 1894 144
1506 1141 2070 1781 1356 2669 654 49 216 2794 2025 2164 192 1140 455 225 1787 2311 207 525 239 61 113 1282 2173 27 2396 408 2280 356 209 1262 1248 838 139 296 245 1924 625 1274 344 1481 1216 290 1612 383 1692 2091 1662 679 252 2465 2505 1780 2765 449 52 1378 1024 1124 858 653 1037 418 1127 363 2232 936 478 1875 1435 2690 2467 2137 2053 1022 1918 1568 346 402 1438 786 2632 1829 471 2429 131 1505 2821 2279 822 2698 799 758 1299 1168 1303 138 2531 1598
2731 1814 1122 1589 2844 2403 1539 1291 267 1238 2385 741 2797 2473 2710 2139 1982 1735 2727 127 891 2092 2371 2175 2269 2399 2189 234 913 1549 2063 2412 888 203 969 687 1572 1 2468 2833 428 991 299 2776 1925 667 1807 1524 1520 1242 1338 1629 2484 262 1059 1509 1411 1349 342 2266 557 867 2648 90 352 2226 226 2255 1863 600 814 1373 1025 2576 641 795 317 307 1295 2541 1278 1159 2339 2460 642 1571 2662 2100 2771 2213 264 879 1619 837 2811 2298 551 403 273 846
2267 743 2568 2415 427 2423 2217 2380 1793 1429 2629 1256 901 2539 1699 1430 2428 1886 1236 2798 955 1553 2221 2520 1521 698 340 839 2210 932 13 571 1070 640 1053 2031 1272 2671 1049 1910 2120 2078 1754 729 2421 56 1399 1038 500 2038 964 2117 358 332 2047 536 323 1374 2828 1329 121 2839 2083 672 36 933 1431 370 123 1492 2333 142 2640 1189 1668 1337 1499 1041 733 866 882 2150 432 2808 2602 569 289 2032 2570 1949 1952 1266 1888 377 2227 176 2795 2578 681 2668
802 429 878 555 1492 866 2029 1431 733 36 2333 432 2078 1053 142 417 1499 62 597 886 500 1418 868 2117 1686 1398 1562 554 1890 1393 1888 2743 2108 361 78 1268 1065 199 681 302 2668 289 1256 21 2786 292 2423 176 1033 893 2451 332 2227 979 2384 1430 1699 1236 340 2217 1272 2380 3 680 1588 536 13 1642 1132 1747 2686 743 2485 2415 248 569 427 121 1783 2523 1886 2267 1557 1131 2190 1553 1005 193 889 640 568 1672 1794 1714 254 683 1424 1429 1041 983
2216 1363 1703 1288 2353 924 1019 63 1487 2022 953 1471 2841 335 785 1605 1198 214 182 1371 2361 2179 2591 1488 1394 117 1502 2263 2555 2494 1685 1397 1785 2573 1738 474 2502 2666 2768 1795 1727 1232 1184 905 2567 420 1333 824 783 724 1176 148 940 333 2547 132 1954 2441 1412 1322 1979 1513 1365 2348 1591 576 596 2203 1353 1856 1536 2410 650 2827 997 1602 1476 732 149 2507 2202 1213 1847 954 1217 215 436 1654 1773 2277 198 2178 308 42 2111 1197 2542 88 1103 620
2410 1222 1066 272 2107 738 560 1420 1957 2214 15 1322 2463 831 1226 1835 308 1740 691 384 104 409 479 1074 1206 896 985 2293 1820 2086 1203 2295 1666 1550 1144 474 558 2413 907 624 905 1412 2154 135 184 347 2224 713 1910 2640 2615 1448 2472 322 1041 1342 111 2506 1312 839 1521 955 2798 1954 698 1423 1049 1478 1225 739 2175 1654 1431 2421 1266 1145 986 2483 36 729 1984 1757 1038 1296 853 2514 796 1689 1429 1979 1383 2317 1602 351 511 1265 182 1329 924 571
956 115 551 1882 1025 342 1995 1487 1802 1471 537 924 953 154 2399 814 1044 961 1059 1400 2758 1607 2573 796 909 472 913 1341 1540 687 2494 1618 2194 2340 2738 1069 1349 38 1572 2740 2620 2261 1449 234 892 669 46 888 1520 2226 1 1922 1183 1057 2468 352 1113 1110 1116 160 327 1615 476 829 2385 1227 2094 1713 262 1530 661 2180 685 1629 644 2168 210 2635 226 1714 1375 1324 400 1078 2607 1687 1101 1060 1880 1693 2453 112 2266 1224 2834 557 1278 1761 683 203
2185 2584 1694 143 1411 1129 386 718 1440 1684 2298 2529 2517 2616 1445 958 1630 787 2271 30 1514 1360 638 2619 810 1446 2481 1294 795 1939 71 697 665 1270 741 2246 752 1258 641 2363 991 1112 1814 2468 2385 2731 1807 2771 1863 1295 1373 203 888 2139 2075 1982 1629 1925 1122 127 583 557 1735 267 1549 1297 2524 1619 1497 1291 2273 1081 2844 2710 1238 299 46 2833 262 667 1539 2094 1824 2213 1855 1862 2460 2727 2373 273 1335 879 588 2801 2228 2269 2473 577 1530 2092
1422 1993 2837 1782 169 712 2767 947 1617 1623 1045 1679 1663 1444 550 1328 2836 1649 1381 2352 2707 2050 1261 1054 1658 1218 2241 735 179 1544 2130 2439 480 1640 445 645 2011 51 155 518 1860 1489 1552 2769 194 2454 2424 2840 2714 1710 992 1486 900 925 260 663 1369 134 74 1208 1253 259 2046 563 1029 319 1051 2544 2628 1468 2133 1307 2515 2076 489 463 769 2652 674 904 2631 2724 2088 1878 1123 26 2826 2606 1428 1437 1788 2649 860 826 2337 906 2084 2676 2312 440
2389 59 1545 4 626 1407 1624 1752 2832 826 283 1202 1799 1146 266 1737 2528 312 2411 613 2477 1644 2044 2501 1102 2069 2817 1934 2367 950 635 556 611 987 1319 2270 2082 1405 1656 2312 547 817 188 1983 74 2148 2133 1386 943 1414 2652 1092 1926 1123 2606 1172 2790 1468 2011 904 2200 900 2191 85 1878 1486 1313 977 1208 260 219 1428 2724 221 2088 2424 259 1029 1307 563 1552 2781 2007 1190 2076 524 1437 906 1640 447 2692 2300 2419 911 2164 2840 445 2676 559 2204
2600 1705 1681 2085 942 487 337 2543 1384 1742 2458 966 1331 1614 1853 1673 1695 1000 2696 360 2259 2664 54 50 1893 1739 2369 542 710 2782 1508 791 660 2257 1495 1031 1370 2660 1287 813 1565 2803 984 1554 1676 355 1770 1002 1978 1745 416 747 1320 883 2262 2613 2647 2392 1301 2023 1266 607 2808 1871 2755 243 2134 1396 1920 9 114 909 2140 2108 1058 2049 78 1604 361 893 432 781 451 2596 2618 908 381 631 2093 1119 979 2026 1017 2361 1952 2462 2027 512 1154 1052
2741 2135 1606 1212 899 137 116 1463 1935 97 2766 2041 2825 165 1056 2558 2728 1130 447 2207 1825 2506 204 1126 725 2736 1986 1940 2292 692 1547 1055 442 2842 2319 790 1962 2511 1841 362 1067 2719 246 2294 2068 1134 79 722 2665 2258 1944 2435 1677 1874 2037 2625 1892 1771 994 274 271 608 1942 104 1408 864 364 2440 141 737 2777 2077 1223 2478 453 1213 1125 444 1900 2113 526 508 70 2183 1461 545 2066 2305 1961 2585 2178 1881 1928 2704 1023 1163 328 1433 1452 2220
1083 1702 732 620 181 759 1318 2643 636 1536 2807 2278 42 582 1797 546 285 6 1221 2678 468 2627 1188 411 1260 2425 2677 2048 973 396 1108 2168 661 1251 298 2313 2476 2608 2194 372 2056 669 2522 1064 1525 45 922 1084 2760 476 807 236 133 1365 2182 171 1856 1697 281 1858 2448 1596 2263 2401 2141 2498 1768 1364 270 1285 2562 40 1880 481 1227 844 1015 2745 2612 462 387 1761 1960 2623 2261 1476 2202 419 189 1882 1172 187 1947 2816 2111 1280 2554 88 644 2720
1716 1576 2155 1857 884 185 1348 1292 934 1030 82 1377 438 2703 130 2127 170 470 1522 1432 210 514 2581 1276 1861 421 2461 1392 287 793 242 2206 280 158 1859 1580 2418 1193 57 499 2548 2229 2125 2174 294 1034 1345 1930 1072 77 1234 704 570 2330 880 1375 1675 2198 798 1086 1575 2187 2714 1792 2838 516 2002 2159 457 2254 2360 746 1870 1494 2694 480 1653 1028 842 1758 689 2233 1734 2234 26 1690 1626 348 2588 1169 2186 2211 925 736 663 2769 2701 1551 2662 2327
1447 376 1483 291 1469 16 44 2317 1346 832 1535 761 2249 2129 1183 1836 1449 490 1990 792 2437 2785 1116 1914 2700 91 2235 2422 339 1714 1713 676 1224 60 2555 47 1178 218 1523 895 1482 1057 2296 2695 603 1672 441 739 683 1073 1533 1561 1786 577 112 277 2114 1971 1620 1727 2383 1176 1357 2080 1685 1137 34 834 2281 1036 2579 867 707 1678 2180 1257 581 93 373 1068 2275 2395 1389 230 2542 1867 1324 584 1979 863 1300 1670 1334 1242 1804 1590 2607 2441 2340 2614
2809 173 769 1473 1721 1895 161 574 12 2375 1876 627 433 2507 67 997 1839 1390 2435 197 2482 1874 2583 2077 2561 2478 1759 2057 1223 1557 359 191 1075 2289 494 1035 2772 202 2291 2622 70 2757 1555 2617 1150 2683 1266 2653 1810 2777 1165 53 168 1904 1406 944 2051 1439 1433 496 1817 2779 1723 2307 646 521 19 1125 1287 1281 1798 1012 2553 1753 456 1306 520 1394 414 1869 860 145 671 2369 118 2178 2728 2574 2808 2552 11 404 136 2352 101 2183 2098 2211 757 2240
1583 2252 1179 9 1579 998 2328 2491 1651 1977 1791 1578 1470 2792 887 2682 118 952 748 1531 2065 919 1769 2778 841 567 916 1063 2647 930 1354 639 227 517 1667 2042 1906 2723 819 2575 945 1585 1970 928 1770 2357 1920 114 2310 382 1854 778 2711 982 2093 1879 2349 1851 2729 515 492 2459 579 1657 394 2097 369 1154 98 2392 1211 776 575 903 1819 2754 2166 1254 2225 1460 311 2550 1978 902 2416 83 1279 1839 1691 2658 2808 1989 1107 1507 755 2329 808 1114 2488 102
472 2738 2340 1540 1618 46 892 961 537 2758 1803 551 166 1341 1069 1167 2524 1607 223 1059 1355 273 2104 1811 154 2835 2614 1060 1242 342 2444 405 2717 1964 1828 2273 1324 969 1044 2740 160 1615 1421 2834 2635 2138 1530 2781 1101 2215 2648 2094 1 147 1078 1449 2339 1524 642 2013 1025 2208 2231 2100 234 349 2385 1652 1373 888 641 2473 846 2486 2338 127 2710 2820 2797 1824 1295 2709 716 1571 912 1572 262 1994 17 1698 2175 41 591 1264 267 600 2771 573 2595 203
