imageName,Corresponding Indexes
000001.jpg,749 951 474 1316 627 273 727 1781 70 13 83 1729 1264 950 992 1715 118 552 1480 444 1503 1468 1170 910 1720 1782 573 1102 1658 1518 823 623 1572 1458 780 1038 915 333 163 312 591 348 4 385 296 144 916 1703 319 1171 186 637 1113 652 1178 1644 1145 1103 54 331 469 299 828 1105 80 1157 112 763 634 1504 1025 1112 1207 849 392 629 593 16 606 72 1676 1643 778 1551 1040 665 674 1594 1030 911 148 521 139 104 575 282 923 545 1032 164
000002.jpg,153 1002 1122 879 285 768 1696 1215 894 224 538 990 1714 157 821 1449 1396 35 1493 517 1768 354 307 142 1300 641 1750 1244 1748 1331 835 1047 510 533 366 1713 1482 1399 871 1255 704 816 1245 829 1612 423 113 33 1389 957 1746 1485 899 550 544 1712 1757 1640 628 736 257 666 1107 808 1342 256 1127 396 1445 1791 1135 1307 1188 349 29 916 50 1015 453 1351 1610 1456 914 147 1614 863 1310 925 1650 672 912 237 891 360 1290 68 1570 766 696 395
000003.jpg,1110 1160 891 1014 614 465 1543 1288 644 682 228 1226 576 1314 415 790 1556 53 1328 1052 1567 1143 129 490 897 1739 1381 59 998 1554 1507 904 1246 972 630 1593 1322 1 1494 1532 1108 245 722 1260 195 640 1435 1624 42 1618 1123 1387 201 1659 213 1548 20 865 1372 620 1770 1425 1140 1570 10 1370 401 172 793 1031 288 1183 1054 1499 1082 594 206 1357 1336 1259 477 137 279 989 136 1018 427 585 1385 289 1297 1587 1379 1000 1289 1365 1318 171 1429 1161
000004.jpg,695 489 1725 1678 161 181 566 1687 1020 764 1252 84 493 1298 459 274 93 1562 1766 336 680 1411 14 1759 468 1455 218 1291 1330 1473 1311 1173 1050 973 725 809 778 95 491 101 734 943 1150 150 1655 1427 369 51 581 967 1630 1710 202 1515 209 208 1741 881 1043 347 470 1166 1663 1675 1419 803 1598 430 1743 387 399 227 1179 132 213 1388 1639 762 673 859 1767 790 292 1459 133 1140 34 963 1109 590 969 1521 358 1147 348 53 1085 28 580 1145
000005.jpg,133 1166 470 1419 969 1734 728 1608 1196 115 1343 1773 556 1508 1709 1530 1620 265 1711 393 400 1150 1578 61 1083 784 318 100 982 1595 88 1515 735 954 39 488 426 1581 574 208 1544 1106 1408 382 570 459 1497 1598 1311 1710 14 1667 51 1298 1252 493 93 461 680 209 347 1043 803 489 762 711 1649 955 479 1232 809 581 1427 655 1411 1330 918 1678 1556 398 414 801 798 514 130 1455 155 1743 1570 152 79 1320 924 62 1376 1766 1551 822 635 764
000006.jpg,245 722 1322 1435 10 1618 201 1 137 1260 1413 1548 1589 1567 490 1721 678 1673 904 1018 1259 1574 334 700 1679 1784 1315 353 1225 1529 1429 1365 1240 1409 577 1183 437 1161 394 1357 1731 646 220 654 772 1573 519 228 1198 242 124 427 1507 756 993 1246 172 1593 1054 1372 1052 401 1659 865 1336 1288 692 1587 1289 1110 1556 536 125 119 644 53 790 1328 1314 793 213 1191 1565 518 781 20 1160 1096 363 1424 1494 1387 1379 1140 1498 1023 1723 129 376 465
000007.jpg,1432 179 1066 233 532 379 522 365 624 309 1426 302 863 1698 420 724 731 1547 1307 583 716 1519 1100 1461 834 380 672 1555 301 1015 284 1717 463 466 360 258 223 1733 252 829 1244 1746 1245 853 194 1482 1692 510 1714 35 1485 1582 879 517 1188 1748 1768 1371 1493 33 1114 396 914 1051 354 525 505 1258 957 544 1342 1640 307 1059 1750 423 1651 1122 391 1441 1331 539 262 1691 1575 1044 768 928 696 1459 990 476 1488 29 1247 150 1399 830 1127 50
000008.jpg,404 1742 432 96 886 1787 218 798 680 28 1173 711 1339 1427 1254 1150 811 1759 225 1560 665 1090 1455 1411 916 820 780 1110 113 1473 1743 1556 468 14 718 292 1311 1766 1398 4 1625 1511 255 439 977 195 1330 634 144 479 963 581 891 1314 962 29 1767 208 1639 1543 673 1521 873 1226 997 51 1040 1630 358 682 809 381 1137 1151 1598 209 1160 286 1273 1570 852 1786 1062 1642 795 752 1129 778 1471 1143 1014 1710 640 1663 80 512 1260 1043 200 447
000009.jpg,213 20 1140 317 813 578 45 440 53 1556 253 454 1387 793 790 1328 1314 1499 215 288 1082 594 1494 1481 415 576 1739 682 1638 1543 1143 1204 374 607 1260 448 670 944 1498 1380 167 1259 1018 1045 1736 1239 1075 1110 1523 430 134 891 477 1376 410 1160 1014 323 526 1301 1124 678 825 861 858 536 1280 1023 1548 993 455 125 1325 172 1624 1322 1435 1365 1653 254 1554 1694 1198 1587 640 220 1183 1068 646 519 1731 146 577 279 124 1573 1318 1240 399 700
000010.jpg,1714 307 1717 1331 1748 1002 1768 354 544 1640 1188 957 1582 768 309 505 1432 990 1396 33 1485 894 879 366 224 533 153 1342 1399 35 821 1696 179 1122 40 1300 147 538 871 1600 1044 32 1493 1215 463 1244 396 256 1733 835 285 157 1713 610 380 599 360 50 510 517 1691 142 1563 1268 789 1750 914 1220 1047 478 475 476 221 29 1651 1488 423 1362 1206 696 1245 1757 666 1255 1746 1459 462 1127 422 1740 46 49 395 899 1311 27 472 222 485 1287
000011.jpg,1196 1508 1711 393 133 556 1773 265 784 1608 115 1620 1035 1497 1001 1419 1734 1578 400 1530 1233 470 1667 1166 549 208 111 918 728 1088 735 1343 1551 1416 1544 969 7 1739 971 100 961 488 509 1491 640 1598 1083 227 574 318 61 501 1709 1126 570 982 1150 1356 135 382 682 1106 891 1200 1628 168 954 953 383 514 1672 755 671 1112 1209 856 635 1595 827 106 1319 1180 924 1427 1570 51 531 622 402 1252 886 1720 1639 1585 1576 426 1604 1284 1556 5
000012.jpg,815 330 1206 225 1470 1230 1254 1174 1690 305 271 209 314 581 1630 387 1326 743 497 686 1382 1081 962 1150 1427 8 673 694 571 1337 303 51 65 1130 1710 1516 1115 1043 1515 1520 1364 842 116 1579 34 264 959 1293 165 22 885 1682 1465 801 347 1016 720 803 750 371 85 837 1339 1401 47 762 204 110 1420 1787 451 1512 714 1119 1639 1277 89 1172 1772 1004 1078 462 504 795 370 819 1177 1683 1778 28 1443 150 1062 202 963 80 668 489 1034 1541
000013.jpg,225 1254 1470 1420 1206 1230 330 962 1326 815 1787 1174 116 959 740 720 1579 1690 34 305 916 324 634 371 313 314 144 504 803 1515 80 739 780 347 708 1158 762 271 1417 54 1614 606 47 898 1144 1078 1113 1043 801 911 673 112 1150 1339 1677 1427 4 1025 331 1090 404 445 1391 1705 623 817 1668 498 282 727 1649 581 1039 1756 13 1551 474 209 631 521 1165 679 16 573 627 1702 956 51 1316 954 1613 1630 1535 280 832 237 668 61 955 683
000014.jpg,136 989 1570 1385 620 1617 1621 1604 206 1624 1786 171 279 1494 1387 415 195 1143 640 872 682 1543 576 790 53 1314 1556 1328 891 518 1110 477 1014 1160 1082 1770 188 401 1028 1554 1054 1033 1224 1372 1031 1395 1336 965 649 855 1739 42 457 172 232 1125 614 1659 1022 630 1532 465 865 644 1370 1425 793 1226 430 692 1365 1376 1288 1045 228 213 1161 594 998 1726 1498 1567 1577 98 757 437 607 1259 1606 9 1023 972 1096 1140 1517 20 1205 1565 1000 378
000015.jpg,961 1551 1126 1672 287 1112 1434 1458 910 1038 1170 1720 552 1468 889 148 1671 744 1157 1105 1701 674 1178 411 1645 1182 671 1715 501 883 352 118 950 1518 1658 992 16 1242 444 1102 838 1729 139 383 844 623 1264 922 1233 1480 1276 3 1001 1580 600 7 1171 1491 310 1781 1453 575 333 637 1200 70 273 1572 787 727 135 1088 1316 1643 343 509 705 111 474 627 1367 1090 1416 1503 90 13 312 83 915 528 6 1594 1032 828 104 182 780 947 1025 164
000016.jpg,1067 148 625 453 1684 1287 1295 456 947 1210 889 442 315 1791 704 925 839 613 506 160 633 237 177 1671 337 1262 1027 1551 961 1434 73 352 579 744 1182 183 411 1157 1672 1701 344 1276 528 1105 1645 1126 600 1456 287 1321 844 1038 231 285 1112 1720 922 1178 1170 816 910 883 501 671 641 1491 552 1200 1090 1453 118 1026 164 1088 383 1594 1610 674 87 7 509 1416 1242 449 1468 1735 112 310 90 1001 623 637 1025 619 350 312 444 1158 616 135
000017.jpg,136 1570 989 1385 620 1617 1621 1604 1624 206 1786 171 279 872 1143 195 1387 1494 415 1328 682 1556 1082 1543 1314 576 477 518 53 790 891 640 1554 1160 1014 1110 188 401 1054 1031 1224 1370 1336 1028 42 1770 1033 1372 1739 965 1395 614 855 457 630 1659 465 692 172 232 1532 865 649 1022 1125 1376 1226 1425 1288 1593 644 1365 1161 1507 378 1726 1567 998 594 98 213 129 1577 1140 437 20 430 1052 793 1731 972 228 332 59 58 897 1424 490 1656 1045
000018.jpg,930 1340 408 316 832 403 647 746 1457 340 300 598 884 1195 732 1165 1702 1647 898 417 1111 205 664 1077 1118 1116 1561 1631 1417 1637 1214 239 48 37 329 359 877 422 1194 1689 1753 733 117 320 494 1509 1154 15 848 683 27 602 398 974 1359 1772 1236 61 708 1308 487 461 1408 956 805 1049 1657 1299 831 330 1078 920 41 701 797 560 271 1400 955 1360 1232 869 679 462 982 426 735 1206 1605 1595 993 1569 418 395 278 1083 1551 209 504 980
000019.jpg,266 1433 158 1373 290 207 1189 229 295 275 1451 243 567 1404 1341 1751 1153 216 1304 421 905 180 1056 800 373 1377 592 856 1528 486 358 495 133 728 538 480 511 395 637 665 1504 27 1151 945 737 462 1212 1454 1734 1608 142 1663 1288 936 255 1386 1775 1493 1767 1780 635 283 820 292 195 1736 1511 1166 1052 129 18 1173 512 871 1625 1713 1335 1638 35 699 1078 1060 1617 1150 859 153 644 899 1343 774 62 465 1278 558 1604 562 489 29 1555 682
000020.jpg,730 1036 1510 1718 934 802 91 1745 1251 836 909 565 1085 187 978 1193 1128 975 1013 1223 931 944 167 1430 1239 1012 669 203 907 1638 1075 723 1380 670 134 1736 1279 377 719 1479 196 1280 410 895 254 1211 1222 1099 607 471 430 582 833 1197 1523 1478 526 156 1452 972 1769 448 1110 1143 653 263 1288 1029 1543 1325 707 1124 630 1423 682 1706 569 41 1160 317 1259 1653 858 1556 172 1314 1033 53 614 1554 1068 36 891 415 790 399 553 355 1328 1425
000021.jpg,61 955 982 1649 1320 954 488 735 1083 1595 426 414 431 1408 152 1232 782 473 1700 980 1603 942 952 593 1219 1566 392 545 102 1166 329 470 385 629 1419 1111 598 1118 292 133 255 665 1145 1335 1598 969 1647 746 1284 300 104 1551 1077 1734 924 1743 1417 348 1457 1767 803 664 961 408 898 811 1363 1242 1642 205 514 1196 403 1254 884 189 711 558 1137 852 238 482 1454 1711 930 903 479 1627 209 1663 131 822 225 529 115 680 260 827 857 318
000022.jpg,1161 865 1659 692 1656 1565 620 1624 872 378 42 1424 279 1507 1593 518 1073 1370 1365 136 1409 1336 989 1615 1529 1033 1134 1054 1385 1570 654 1259 401 188 678 1731 1617 1604 220 965 172 1224 1786 1372 363 1018 1621 646 394 1022 1031 772 1183 427 1082 477 1357 1315 195 1246 490 1567 1784 640 1143 415 291 232 972 1721 171 904 1573 998 129 1494 614 891 1543 1679 206 1125 1226 1260 98 682 1577 519 644 1191 1225 577 855 242 658 703 1014 1556 1288 1028
000023.jpg,538 283 550 157 248 219 548 1537 1651 109 517 1539 1015 768 1002 1555 1255 672 463 1712 1696 1493 380 423 1215 1300 31 990 879 294 821 366 35 224 863 533 1307 1244 510 354 829 1059 1713 142 1047 871 1650 257 562 1716 1757 834 1746 894 525 1449 396 899 1245 50 724 1100 1591 1342 853 1216 1714 835 796 349 33 650 693 256 583 914 301 1698 1750 99 1768 424 166 391 597 1441 262 153 539 1732 1164 1583 1461 1564 1575 1396 339 1331 420 1704
000024.jpg,1197 156 1484 1693 134 410 448 987 1294 1523 1010 203 569 1423 1029 670 565 1128 44 1638 1325 167 938 944 719 1736 254 355 684 455 723 1769 36 1239 1085 1124 323 1380 1447 931 471 1223 1193 1075 707 187 298 321 1430 196 377 1099 653 1211 978 436 526 1653 965 909 893 907 553 429 1012 94 1251 1694 128 1222 858 1452 1280 1266 1479 249 861 263 188 1117 995 742 197 146 1478 1093 1611 730 753 807 1033 332 98 1706 1228 367 399 1400 27 934
000025.jpg,1693 1197 1294 1423 355 1484 298 707 1099 653 684 1010 134 156 1769 1523 254 471 670 455 448 44 1638 965 410 1193 944 1447 1325 167 94 1239 1124 1736 987 203 188 263 1075 719 938 1380 995 1222 753 249 565 978 1275 1128 323 1361 1266 1211 321 128 723 909 526 1251 1029 1085 36 1234 1475 931 1117 893 569 1653 429 1430 98 553 197 436 1073 1131 907 1033 332 742 1223 187 1479 409 730 1762 399 1036 1747 993 367 279 1280 132 1452 1259 1400 972
000026.jpg,133 1166 470 1419 969 1608 1734 208 1530 711 1711 1343 735 61 728 1083 1595 1709 426 1598 1196 1150 488 115 209 1284 1743 414 798 811 827 1427 961 1710 954 556 1649 1311 1551 1515 1408 955 514 924 680 1508 982 100 51 1320 1773 479 459 473 152 581 1630 39 886 53 822 1578 1700 286 348 673 400 461 1663 14 1544 718 1363 1767 274 1232 790 93 318 1625 1173 238 762 1678 665 1090 1556 398 1236 1064 1252 1620 1076 1298 1305 1126 90 1742 1106 1339
000027.jpg,133 1166 470 969 1419 318 1106 1734 1508 954 100 61 1196 1608 1551 1709 400 1711 982 556 488 1649 735 961 115 728 955 1544 1083 1620 265 1773 155 1408 1578 1530 514 371 1320 426 393 918 574 671 1150 116 1343 1598 1595 629 959 208 1035 1284 1700 16 1453 1305 1209 431 980 1145 762 784 1001 238 1232 827 1743 34 570 45 674 225 414 385 924 1658 809 51 501 1672 660 212 440 473 711 1427 778 1515 803 1292 1324 382 292 942 106 168 118 971
000028.jpg,969 470 1166 1419 133 1608 1530 1734 728 1343 1709 100 1544 1711 400 464 574 1722 1508 382 843 1035 115 570 1196 980 1578 1522 952 784 1219 1667 1773 1497 556 1566 393 1700 1620 265 473 431 942 782 1603 479 954 971 1649 61 1320 735 488 25 244 1232 1145 1560 682 1083 955 711 1408 1143 1736 1543 1314 982 629 358 18 1545 1638 1595 511 426 1786 1110 830 414 773 688 413 840 97 1106 665 1556 104 798 1072 1251 255 1060 70 395 1328 1173 858 1257
000029.jpg,310 787 343 352 1645 148 1671 744 889 1182 883 1178 501 922 849 1701 844 184 1491 1200 7 411 671 674 1157 1276 90 1105 1580 1500 1551 961 1434 1142 600 588 528 1672 949 516 337 1607 1053 251 910 1367 1069 1126 164 1720 16 287 1088 613 1038 1001 1416 139 1295 625 509 177 1791 1170 508 1233 552 579 1684 135 1453 118 315 1306 237 1468 1594 1327 344 1487 383 1025 444 623 1210 112 456 312 6 1697 1102 56 1648 947 1057 1139 170 280 1391 633
000030.jpg,730 91 934 802 1036 1718 1251 1510 909 1479 669 975 1745 1280 1085 978 1128 1430 1211 931 836 1012 187 1706 1193 1478 907 1452 526 1013 565 1653 203 1223 858 1222 723 410 1279 719 1638 895 377 1447 1694 670 1736 156 1239 1288 1099 582 944 196 569 833 807 167 653 1226 1110 1029 132 891 41 1075 1484 1543 707 1160 1166 399 640 213 1140 1314 682 418 644 972 455 614 44 1379 861 1147 893 1318 1523 1693 1532 53 664 601 470 1014 490 527 1381 1311
000031.jpg,1126 287 1458 1112 1658 1551 961 1715 1672 1038 910 1720 1434 1170 552 1468 83 70 889 148 1701 1729 992 118 744 1781 950 627 1105 1157 1264 273 1671 444 1316 474 727 1182 1171 838 411 352 1518 1178 13 844 1102 951 1480 1276 674 923 1242 787 749 1572 671 312 616 528 1645 623 883 343 501 637 184 1594 1503 333 164 383 1032 1453 600 104 16 1030 575 849 182 296 3 310 1090 823 214 1001 922 573 7 661 1233 1643 593 705 90 1644 1103 348
000032.jpg,156 1128 410 203 565 1430 931 1085 187 569 719 1029 987 1012 1223 723 938 377 196 36 1523 1197 1638 670 436 448 134 167 1239 1010 944 1325 1736 1075 1452 1484 321 1380 1211 730 1124 893 91 1478 934 907 978 44 1693 1251 1706 802 1479 1193 526 254 601 1694 807 909 1280 455 323 858 553 471 965 669 429 1653 1718 1036 975 1769 1222 1510 1294 1745 128 1447 684 188 1266 197 1117 1013 836 582 861 742 355 1279 1611 399 833 703 1532 395 146 132
000033.jpg,1670 679 683 956 920 848 602 127 1308 487 621 149 1236 398 126 702 27 462 1400 560 1299 805 395 869 986 239 1154 494 359 60 1303 1596 1359 831 278 428 609 1417 1702 1360 486 247 399 79 586 117 1228 648 422 134 961 461 216 1569 1623 1605 699 554 557 856 504 320 205 565 826 1772 637 37 733 1528 1214 1657 1194 107 630 1010 1093 1049 1551 936 1504 1779 1388 58 385 1753 203 1506 403 701 1735 1614 304 1523 1076 39 1128 405 1111 1140
000034.jpg,1729 118 992 308 444 1102 552 1316 727 627 1468 1781 915 13 83 1264 474 273 623 910 951 573 498 1720 1170 1157 1105 1431 1715 967 70 1613 749 312 881 16 101 1741 674 943 296 1178 1103 331 469 1644 778 809 744 1038 369 734 95 950 411 1182 1518 1050 1458 139 671 1572 234 1480 849 661 1171 184 1701 1453 1231 600 287 333 1655 1645 1276 310 148 976 1434 1671 1126 923 889 104 1594 1330 501 1139 883 960 612 385 1001 1703 1032 1503 1551 1634
000035.jpg,1068 1548 1673 353 334 1574 1260 1225 1096 1679 577 1031 1573 124 722 519 1322 437 700 1 1240 1448 1365 678 1289 1587 993 1731 1357 1198 1317 1784 1183 1018 1429 1424 518 781 933 1259 220 1161 1054 401 530 427 772 394 1409 756 1379 1336 654 646 279 865 692 585 172 1659 1073 1721 137 1723 119 1624 125 1593 1101 596 418 1372 41 536 1435 1023 10 797 201 1370 376 1318 1507 770 490 1567 1140 1413 20 213 1407 904 813 578 1618 1415 245 9 891 1014
000036.jpg,396 914 33 1441 539 476 262 1342 485 1258 863 1114 1307 1519 1768 1547 583 1051 1331 1461 1575 354 517 724 307 731 420 157 716 1748 829 834 301 1698 1493 510 35 672 1245 380 285 1746 1640 899 423 1100 1002 853 1485 821 525 1244 957 1555 391 550 538 1732 597 1015 224 1255 768 1399 1164 349 1750 1220 49 1188 544 50 1691 879 1716 1300 1651 31 1127 1459 1591 1612 1445 1712 1079 109 736 1216 533 1084 185 562 789 311 113 595 1752 1582 1351 1650
000037.jpg,730 934 91 802 1036 1718 1510 669 1745 975 1085 836 1012 187 1430 1128 931 1013 1251 565 1479 1223 377 909 978 1279 723 203 895 1280 582 1706 1211 719 196 1099 907 1452 410 1288 1193 653 670 833 707 1478 1226 1222 1447 644 526 944 972 1110 614 891 167 1160 1484 156 1653 1543 465 640 682 1029 1075 1314 1638 455 399 1147 132 409 228 1239 53 1052 1166 569 576 998 430 1381 468 790 129 897 1014 630 355 213 41 436 470 858 680 134 1556 1419
000038.jpg,452 1761 1255 1712 899 349 562 1449 693 1583 650 1122 257 1059 1271 517 1635 109 796 50 985 463 1051 1040 1575 1164 49 1113 548 983 518 597 97 1750 1202 185 1564 1651 1716 219 544 31 307 391 1235 550 1258 283 957 687 269 638 1612 142 460 1591 224 879 484 865 1752 1732 1007 525 1188 829 172 912 57 424 1640 99 568 1278 642 1047 1659 637 1365 1713 166 1336 847 736 1757 1216 339 1127 1746 262 1245 1733 1317 1114 1696 510 1342 539 1045 891
000039.jpg,786 326 715 709 977 963 639 499 604 1641 122 131 1421 926 779 710 421 929 464 151 890 328 662 919 445 1776 799 178 991 946 1354 1492 441 133 1419 1345 470 954 969 1166 282 392 1428 1649 123 1311 213 66 488 1320 1039 502 1109 1787 1619 1476 280 102 1185 61 905 761 1642 680 53 1556 980 563 207 1083 882 1373 691 286 790 1150 431 14 1402 1767 1627 1140 200 414 1296 955 1709 545 852 696 859 45 351 412 982 1570 1466 255 1173 277
000040.jpg,1068 518 1031 1336 279 1365 401 1054 1096 1731 1424 1624 1448 646 220 172 1317 1372 933 1679 654 1161 1259 1225 678 1565 1018 1023 1073 334 1574 1673 692 865 353 1548 1260 437 1370 42 1659 1191 530 577 41 596 418 1573 585 1237 1587 378 519 1409 1082 1045 770 993 797 1615 1289 124 1593 1198 477 1147 1507 781 700 1570 323 188 20 1143 1606 1140 213 1101 757 658 215 1134 537 332 1076 1240 1415 1517 136 1121 1146 125 12 813 891 1063 415 1784 119 1014
000041.jpg,759 103 267 900 1369 1346 868 388 1758 752 657 754 1190 1730 1062 259 1787 1477 1664 906 1375 795 169 1626 618 1740 1339 1090 541 1420 89 1150 51 673 1516 581 686 1016 1427 22 1630 1081 387 571 1401 1710 743 209 1337 1254 110 750 1382 1778 271 963 815 1293 977 1682 962 919 313 497 1364 842 694 1119 499 1421 435 885 1742 131 69 1476 122 886 432 213 1314 715 272 404 330 604 890 1470 710 1492 680 779 1556 1411 1177 218 1759 639 225 594
000042.jpg,1705 631 619 1176 1390 870 1697 1668 1133 916 80 1144 634 345 606 54 1181 777 4 721 1091 1235 504 747 140 780 443 1397 350 1414 144 1238 845 1674 1737 1256 1265 1391 521 112 1213 1203 1113 911 958 806 559 1025 1392 1719 1005 615 676 828 1677 1327 438 817 968 1321 231 177 1514 1616 315 804 613 713 1551 1735 1597 1489 1040 456 1094 984 86 361 625 1126 579 633 708 1349 704 737 1157 666 349 1039 29 337 1065 1090 1295 1572 344 899 736 1583
000043.jpg,634 916 80 54 144 606 504 1677 780 350 4 1144 828 1705 225 1697 1420 112 1668 1025 1113 740 1735 817 962 631 521 1327 911 1254 1133 1091 845 345 1235 1391 1597 1572 708 1787 1470 777 282 313 104 747 1158 324 1206 1614 1181 737 769 330 1040 958 1176 1230 443 806 1720 1039 1397 1392 445 1256 280 950 739 870 727 13 498 619 1414 632 815 1643 1390 1171 1613 237 621 1265 1688 1737 552 385 910 333 348 87 1078 1170 623 1666 140 751 559 947
000044.jpg,1769 684 94 995 753 1762 263 249 44 1222 1380 1075 1484 670 167 944 1266 1239 1124 1523 1638 1736 1197 1693 128 1193 448 156 1033 1325 254 410 471 1029 553 134 978 1010 569 321 323 455 1410 972 1117 197 1294 620 907 436 626 1659 893 1452 1423 409 865 707 1108 1747 1615 723 987 1134 1099 653 429 993 692 355 203 565 1744 998 1447 1128 279 536 1198 1161 1498 1365 872 298 1694 1259 1073 1237 1656 1211 965 363 793 1223 1475 646 1361 172 1624 1478
000045.jpg,1332 1001 1233 1550 234 383 111 549 139 706 1088 6 1306 1057 135 1104 1453 1416 509 555 671 1367 7 1446 1580 1491 1200 1286 922 75 1032 182 883 915 104 1178 674 16 82 501 1729 531 118 3 43 992 352 960 1645 1008 1102 444 310 1105 552 184 1458 1157 1701 623 910 1242 516 1431 1170 1182 1468 961 508 1053 1735 503 1136 823 1316 1038 1551 749 273 164 70 950 981 1069 1231 1781 83 627 474 999 744 575 183 211 1720 849 148 1264 1607 1672
000046.jpg,718 1625 798 711 811 1398 479 1609 1560 1467 1511 820 546 1048 173 1788 1151 1352 873 812 1437 1338 783 1393 1524 1436 543 1727 1394 1348 496 697 483 293 1469 1755 535 114 917 1568 1460 513 447 636 1581 1335 850 843 1405 1199 1137 255 1590 482 558 372 852 200 1156 1743 277 1292 480 593 1185 342 1642 292 121 1109 859 1454 665 1663 580 997 738 629 364 1654 351 1767 1358 1087 1145 1253 887 407 1041 241 18 1412 17 977 1166 901 61 963 385 996
000047.jpg,982 1649 61 1320 954 955 488 735 1083 414 1595 426 431 1408 152 1232 782 473 1700 980 1603 942 952 593 1219 1566 392 102 545 385 1166 470 1284 1419 1335 292 660 629 529 514 255 133 329 238 1540 1305 348 903 225 665 1466 1471 482 270 822 1767 969 809 1454 1363 1598 1743 1196 1551 1145 811 1703 318 558 1254 26 286 515 1734 1137 778 1071 1711 561 1552 1111 260 202 1585 1642 1106 918 498 104 1187 1180 852 200 499 277 1077 445 977 1647 843
000048.jpg,749 1316 951 627 474 273 1781 727 13 83 1729 992 70 1264 950 1715 444 552 118 1468 1170 910 1720 623 1480 1102 1658 915 1503 1458 1782 1518 573 1038 1171 823 1572 312 333 1178 763 780 1103 923 163 16 348 385 296 287 1157 1105 1112 637 331 4 591 828 1126 1644 469 1030 299 139 674 916 1703 1182 1145 849 1551 186 144 392 1431 80 593 1504 1113 164 234 54 104 665 319 634 652 629 1645 1040 961 1158 778 61 1235 1453 148 1663 787 967
000049.jpg,133 470 1166 1419 208 1608 969 961 1734 1530 1598 1551 728 1001 1343 1311 1173 886 1453 1233 680 827 1711 227 809 735 1298 1252 116 711 671 514 1083 1050 729 1150 432 61 778 1672 1196 501 1508 1126 549 493 1512 488 14 16 674 1710 1766 1742 762 204 924 1284 1106 34 1473 489 1179 336 459 1759 1427 318 7 426 468 1373 115 286 111 1291 1739 1455 1330 593 218 811 1363 348 1678 1595 1743 822 1034 801 682 1411 556 238 1720 51 1725 1145 1491 1556
000050.jpg,577 700 1573 124 1429 1240 519 756 1198 1260 1357 427 1183 1784 394 772 119 1721 678 993 1289 781 1409 1587 1018 1365 376 646 172 1731 437 654 1673 1259 334 722 1548 1336 1372 1 401 1054 1574 1322 536 220 1435 518 585 9 1023 1618 245 353 1565 1161 1191 1424 530 692 1315 1413 1529 1225 757 1659 865 770 1679 1121 1747 1589 201 1606 658 1517 1073 1624 279 10 242 1096 537 1556 1217 1246 1567 1615 1498 793 1297 291 1314 415 490 137 213 682 1031 1068
000051.jpg,452 1712 1255 1761 899 693 562 349 1583 650 1449 257 1040 517 985 796 1164 597 1007 1059 1752 1271 185 1235 687 642 1202 1635 1575 1716 1258 49 1564 99 847 1051 983 539 525 97 391 50 550 1441 31 1732 736 484 57 424 109 166 1278 829 1750 548 339 262 1245 1114 307 460 1612 1704 269 1047 1216 1719 912 1757 142 219 1651 1713 1127 891 544 510 1659 1556 1244 1591 804 1493 957 224 821 1300 794 638 1090 1733 485 1445 1110 865 568 1746 1450 113
000052.jpg,798 1625 718 711 479 1398 1560 1609 811 1467 1511 820 546 173 1048 1788 1352 1151 873 783 1393 1524 812 1436 1338 543 483 1348 1394 1437 697 496 1727 1469 293 1755 535 1460 1568 636 114 917 447 1590 1581 1335 513 482 255 843 558 1137 1292 372 593 850 1743 480 1405 852 277 292 1199 629 1454 1663 859 665 1156 200 1185 81 1642 580 1145 1109 364 1767 121 342 1041 997 1253 1654 61 980 18 385 511 955 1358 1350 963 1649 1166 942 945 738 351 1087
000053.jpg,470 969 1166 1419 133 1608 1734 1530 728 574 400 100 1722 570 1711 1343 843 1544 1522 115 1578 1196 556 1709 1508 393 382 1773 971 1620 1035 244 1667 414 488 954 1649 1083 784 1497 955 61 426 1071 392 1320 593 982 735 811 561 997 1284 286 1335 277 1540 1595 467 820 980 155 55 840 1408 351 102 1471 942 1232 482 318 903 873 255 1145 558 200 905 629 852 385 1137 473 711 431 1405 948 180 660 238 1363 718 514 918 529 515 1366 265 859
000054.jpg,1787 752 754 1346 1190 1730 1369 906 1420 1062 657 169 1626 868 267 759 103 900 1293 618 388 1254 1337 795 1758 1477 305 259 571 1375 28 225 1664 497 1115 1382 694 1339 1470 432 708 404 1742 65 1465 313 96 815 886 1090 1150 1427 1364 698 1314 541 1543 1584 387 1630 51 673 395 686 1206 581 330 89 303 1556 209 1230 1516 682 962 462 1143 1401 842 963 576 1110 1326 264 1710 891 1328 271 1411 1455 418 790 347 415 1014 1028 27 53 1173 1682
000055.jpg,470 969 1166 1419 133 1608 1530 1734 728 1343 400 574 100 1722 570 1711 1544 1522 115 1578 1196 556 393 1709 843 1620 1773 382 1508 1667 1497 971 1035 61 1083 488 954 426 982 414 1649 784 955 482 735 1335 1137 1595 558 255 711 1320 1743 593 392 265 244 277 1145 1284 811 1663 852 1540 665 1471 903 286 718 292 464 1232 385 1071 1408 820 1454 905 348 680 873 351 514 629 660 200 1598 480 26 1767 1363 798 180 270 327 238 236 1642 715 318
000056.jpg,1002 990 894 224 768 1122 153 285 256 1396 879 1696 835 821 1215 1300 1714 533 366 1650 871 35 1493 1713 1750 354 307 423 142 1047 1449 538 157 957 1768 544 1244 1399 517 510 1757 1640 50 475 717 147 360 1748 505 1331 1717 1485 1537 1188 1482 1371 766 1712 1362 1746 520 1220 550 641 1432 808 1245 816 829 704 1527 453 222 1061 1255 1691 1456 1610 68 1439 1754 32 1733 1261 610 1692 1241 4 257 789 1389 1612 309 1017 1592 1059 1135 736 223 1044
000057.jpg,844 352 1551 961 1672 1434 1701 1126 310 787 1038 148 287 1112 1645 343 889 1491 910 883 922 1720 1170 744 671 1182 1458 501 552 7 1200 1468 383 1671 1242 1178 674 184 509 3 411 90 1580 1088 1157 1416 849 1500 516 1594 1105 1607 1053 251 1487 503 104 1069 637 1090 588 575 1648 135 1142 1276 950 1032 111 1518 949 1643 1231 444 1453 508 705 75 846 1001 1658 706 1715 426 164 1233 992 1572 182 61 333 139 1480 507 600 1067 1782 1595 445 1367
000058.jpg,84 274 1678 1252 459 493 93 1298 764 566 161 1725 695 489 181 1291 1766 1473 1687 1330 218 336 680 1759 14 1411 468 1455 1020 725 1311 1173 973 491 1050 809 778 1562 1655 734 95 101 943 1150 51 369 1427 208 1598 1743 209 967 150 572 1419 1180 1388 581 470 1711 924 1710 1630 1767 1166 1500 1081 202 227 348 827 1720 1179 90 1515 673 1791 1663 1741 1064 1675 588 1242 1327 133 881 359 461 1639 186 1657 556 28 762 110 1620 482 969 251 1339
000059.jpg,614 228 644 1567 1288 465 1110 1160 1226 891 490 1052 1014 682 129 1543 897 576 620 998 415 1314 1624 790 1556 1143 53 1381 1328 59 972 136 1507 1385 1570 1246 904 1033 989 1593 1 872 1322 1617 1786 1604 206 1108 1494 1621 171 1554 1739 722 245 409 279 1372 401 640 195 1659 518 1387 1054 42 1260 1336 865 1161 630 172 1548 1370 1618 1435 1031 201 10 1365 692 188 213 793 1082 477 1073 965 1532 1259 1224 1424 1028 1289 1425 855 334 1318 215 700
000060.jpg,518 279 1365 1731 1336 1624 654 1054 401 220 1068 1259 1018 1372 172 678 646 1565 1424 1161 1031 1409 1191 692 1096 1548 1260 437 477 1082 137 865 1073 42 1574 1370 10 1673 353 1435 1659 201 1225 1 334 722 232 1022 1448 1679 1379 577 1322 1723 323 363 188 195 1593 1125 1357 1224 1721 1784 1028 1507 1289 855 904 394 1315 1573 1101 1183 1240 1587 490 332 772 781 1317 1570 530 1656 378 427 649 585 136 1567 1618 519 1529 700 933 1023 125 20 1198 245
000061.jpg,323 1010 455 188 254 471 965 448 134 1523 1424 1073 279 670 410 1624 1193 1325 1638 1197 1736 1124 944 1239 518 893 167 430 367 1380 1731 640 1693 195 855 1125 1365 1259 1028 1082 477 1498 203 1068 649 1031 332 457 172 1570 232 865 565 1075 646 1336 742 136 401 569 437 989 98 1023 1054 1224 1191 317 42 220 1786 675 1147 1018 607 1093 1063 1517 1606 1143 189 1223 1385 1494 1617 1615 1659 620 1022 1029 213 1134 1475 1372 993 692 526 378 146 58
000062.jpg,1689 239 1214 117 1702 1666 37 1457 1417 877 417 832 494 732 486 1195 403 648 598 408 300 930 316 699 1510 320 1718 48 1111 1340 836 340 1036 91 1013 733 746 1279 936 61 1528 895 1190 227 560 1128 898 1730 205 465 831 955 487 975 1745 837 1118 1160 1512 982 1194 214 1226 934 1299 1753 884 23 730 1509 891 187 1136 1223 1649 565 1521 1551 805 1012 1320 1238 204 1647 1254 856 954 1140 980 1251 1110 1328 1739 1595 1083 1077 1116 1543 909 129
000063.jpg,445 1039 280 1296 691 74 282 1686 240 1526 357 994 540 390 939 563 481 603 1221 575 1025 1113 1327 112 210 911 1680 521 1572 524 589 1551 817 1046 823 1599 940 705 1207 1155 961 1242 1541 977 1518 1089 80 333 1720 846 1391 1038 54 828 715 1480 1643 552 878 326 963 1171 501 1170 348 1178 1468 504 844 1688 287 1503 809 962 1313 1672 786 414 680 639 637 385 621 144 225 604 1649 916 426 61 313 1126 186 634 780 959 14 674 444 499
000064.jpg,1709 1544 100 1722 1522 400 570 574 1711 1578 1508 1035 971 556 115 1196 470 382 969 840 1166 133 1773 1620 393 1419 1667 784 728 265 1608 1734 1497 1343 1530 905 843 180 464 954 1106 488 392 1066 318 545 982 373 735 980 1083 1649 431 782 1376 1320 25 1736 1239 167 61 944 62 212 1150 1408 473 1143 461 499 1185 102 1700 835 414 130 206 1627 581 547 1071 171 1087 1576 1554 593 1189 1566 670 351 622 1642 977 150 202 295 630 952 1570 1396
000065.jpg,687 1007 642 1255 1752 693 185 1202 899 847 1716 985 650 257 562 99 1164 1271 1712 796 736 1704 1449 1583 1278 31 1732 349 109 597 1258 424 1719 1564 97 1127 339 1235 1040 166 269 1575 539 391 804 1216 1591 1445 983 1612 484 1441 1635 113 57 517 248 49 550 1616 548 628 631 1389 1107 142 1273 29 568 638 666 1761 460 1047 1114 1757 1201 525 1059 912 285 219 1290 1058 1300 1713 262 361 1015 968 283 1450 821 1051 794 1245 808 619 615 829
000066.jpg,1334 1506 1584 1019 689 698 1527 1384 1024 478 928 935 1535 1078 324 1614 740 520 1135 1009 313 4 285 246 462 1158 1610 1122 717 816 395 1432 641 223 538 1692 87 739 1717 27 258 1422 766 1639 1780 1632 1173 1521 29 28 153 1600 78 1321 1044 1098 851 780 1541 1714 696 628 226 289 1455 24 1582 632 266 757 1485 1079 453 217 1724 468 1311 505 1006 1238 1570 214 458 1143 1411 463 14 1504 1617 1283 348 648 891 680 179 1486 1201 1604 990 880
000067.jpg,1787 752 754 1346 1369 1190 1730 906 868 759 657 267 103 1062 900 169 1626 1420 388 1758 618 259 1477 1293 1664 795 1254 1375 1337 1339 1584 571 497 225 694 28 1090 698 1382 305 1150 395 1411 313 51 1759 1455 1427 1630 541 468 462 209 387 673 1115 404 1740 1742 218 886 581 680 14 815 93 1766 432 89 1364 1710 459 422 27 1465 764 1311 1678 977 1173 1470 686 963 1314 1252 962 65 1298 96 1515 499 715 326 493 1572 1556 1506 1081 333 1543
000068.jpg,437 353 1673 1574 334 1548 1260 1225 1587 1191 1679 1289 530 519 1573 124 781 700 770 577 1 1498 119 722 1322 1217 1297 585 376 9 1240 1429 756 1606 757 993 1096 1023 427 1784 1517 1721 1205 1357 1183 678 772 279 394 1198 242 1731 1224 1365 220 654 1146 1624 477 646 1082 42 537 1018 1022 10 1435 1147 793 1028 1409 855 1567 1259 904 1068 1315 490 649 518 332 137 1161 195 1577 232 1529 191 1618 1413 1063 1263 98 1370 1507 125 527 188 1054 1125
000069.jpg,1582 463 1733 1553 309 1651 1717 1044 360 258 223 1432 40 179 548 1563 32 937 46 505 599 141 1488 252 1600 1692 1268 147 1592 1485 862 221 1714 475 1188 624 1399 1079 610 522 1459 233 1691 365 1100 1084 532 1261 1241 420 472 1132 1362 1355 834 1220 222 1439 1790 302 380 1698 109 544 957 1426 1066 283 1559 1059 63 1061 4 219 1282 716 256 1622 1602 24 202 928 1120 1640 150 830 1505 1650 1748 789 1149 1539 1385 1554 136 550 989 872 1122 1303
000070.jpg,1787 1420 752 754 1190 1346 1730 1369 906 657 1062 1626 1254 169 267 759 103 868 1293 388 900 225 305 618 795 708 1758 313 28 1470 1115 1337 1339 1375 815 1477 1090 259 330 1206 1584 1664 962 571 404 698 1150 432 1382 694 497 1742 886 1427 65 395 581 673 1230 916 51 144 634 1326 462 780 1465 686 504 96 80 1078 1556 209 1630 740 1314 1411 1455 387 4 27 468 1158 1543 324 1173 271 963 54 606 1759 1690 680 1682 1174 1614 1311 977 1516
000071.jpg,695 489 181 1725 1678 161 566 1687 764 1020 1252 493 459 1298 93 274 84 1562 1766 336 680 14 468 218 1759 1455 1411 1330 1291 1473 1311 1173 973 725 1050 809 778 101 491 734 943 1655 95 1150 150 1741 967 1419 51 1166 202 1427 881 369 213 399 470 1663 1710 1076 1140 572 581 132 1743 430 208 133 1515 1767 1109 1388 977 1675 1630 1598 1639 1720 53 969 348 1043 585 963 292 20 1147 90 790 209 87 1521 28 803 1339 71 1512 1000 640 347
000072.jpg,1151 820 1511 873 811 1156 718 1437 1048 342 173 546 711 558 1625 798 482 1335 1137 1788 114 843 255 277 200 1405 850 852 479 121 1199 293 480 1398 1560 1609 1185 511 859 1642 945 1743 1454 917 292 1368 685 665 580 1467 1663 1109 997 1767 18 495 1727 535 384 1785 697 629 192 812 1352 358 496 513 1755 593 783 1469 1348 1394 1393 1436 543 1524 21 738 199 1412 1037 1145 1338 11 887 1590 1284 392 238 241 514 1129 1041 1209 774 81 483 1363
000073.jpg,470 133 1166 969 1419 1711 1608 208 711 1508 115 728 1196 1150 1427 1734 886 1709 1598 209 1710 51 827 798 556 1578 1530 1773 961 1311 1001 1343 488 924 735 1742 459 811 581 1515 432 1625 640 1678 671 762 1551 1408 1630 400 265 1298 61 1252 1725 954 784 202 93 250 688 680 404 1620 479 682 100 1453 1659 790 1173 673 718 1556 1064 1789 501 347 674 493 393 1232 53 1143 14 624 1083 1157 1658 764 1786 1314 415 1491 426 1743 461 1105 274 1667
000074.jpg,445 1039 280 74 1296 691 282 1686 240 1526 357 540 994 939 390 563 481 603 1025 1221 1327 575 112 1113 823 1680 1572 1599 1046 210 589 911 817 521 1155 977 524 1242 1171 1089 1038 705 333 1518 1178 961 80 1551 639 963 287 1207 604 1391 1688 1606 54 585 1517 780 680 348 1170 186 14 846 1480 878 1643 962 87 715 499 552 501 326 940 809 414 790 1468 1313 1126 444 1697 1076 24 426 1235 1040 1720 1385 218 148 1672 131 1573 399 1541 828
000075.jpg,1434 1672 1551 961 1126 287 1112 844 910 1701 148 352 1038 1458 889 1720 1170 552 744 1468 310 1157 1182 1645 1671 671 411 1105 501 883 674 1178 922 1491 1580 787 343 7 383 509 1088 1242 1200 1453 118 849 1416 16 1276 1102 184 600 135 139 1643 1001 444 312 3 90 575 1715 705 1518 1233 623 1090 528 1306 111 1658 516 1367 1500 1594 838 950 469 1103 637 915 1053 1480 1572 1231 992 1729 1487 1588 1644 503 333 661 1039 104 1648 75 508 251 445
000076.jpg,759 103 267 900 1369 1346 868 388 1758 752 754 657 1190 1062 1730 259 1477 906 1664 1787 1375 795 169 1626 618 1339 541 1740 89 1090 51 1150 1401 750 22 110 1016 673 581 1081 686 69 1516 1427 743 1119 1778 272 1630 571 1710 209 387 1420 885 435 1682 1421 271 919 963 131 714 1177 926 977 122 966 328 779 799 1742 1337 1293 499 710 1476 639 962 929 604 820 811 1776 1364 1492 662 842 1382 890 1254 680 1619 696 1660 886 1130 29 1445 946
000077.jpg,299 1504 1503 637 163 1480 405 788 1312 1646 867 1588 1175 1170 1720 552 1468 910 1038 1518 823 1242 961 333 1551 575 1779 287 705 1126 74 348 214 1207 950 186 1572 727 1774 828 54 1688 444 1672 1178 13 1643 193 1171 1264 1327 80 1781 1138 1025 1235 87 1113 563 780 501 385 592 992 24 1112 373 280 751 474 1039 674 1391 56 521 507 1729 3 1105 112 744 1458 148 1157 1040 680 445 468 180 809 1697 1645 144 14 905 923 1182 1076 1743 1150
000078.jpg,950 749 951 1316 627 474 273 70 1781 727 13 83 1264 1729 992 780 1715 4 144 1518 1480 552 1038 1782 1170 1503 763 1040 1468 1235 1458 333 1720 118 910 1572 823 444 916 80 634 652 591 54 1207 319 182 915 72 163 828 1102 348 1032 24 1658 385 575 1676 1025 1703 104 1242 1735 606 637 186 1113 1178 1112 1403 705 1643 504 350 299 1594 817 1145 112 593 1171 521 911 1551 1453 573 674 1677 778 312 310 392 1767 1046 665 90 769 1649 468
000079.jpg,494 701 1049 1605 733 1753 1194 1509 320 877 37 557 48 239 974 1702 1657 1623 1569 461 446 1236 1359 554 732 805 848 683 1154 359 920 398 278 560 1400 1299 1214 679 831 956 1308 340 1111 869 107 1561 930 1631 487 408 1118 664 127 1340 39 1647 702 1077 1360 598 746 602 1637 316 832 647 403 126 149 79 300 417 884 609 1474 205 176 1711 61 1116 1772 1773 1228 1196 1457 60 1578 735 1508 115 1195 428 1620 399 556 1596 955 1408 382 1595
000080.jpg,207 295 1451 1751 243 275 567 1404 1341 1153 229 1433 266 1373 290 158 421 1189 905 216 180 1056 800 1304 373 514 1284 238 133 660 529 1363 1305 856 822 1151 903 1150 1377 1552 820 1540 270 665 1454 1166 1471 1187 1180 512 1419 1074 1335 1743 45 1663 1504 255 1767 680 292 480 1710 213 482 1585 286 113 61 1440 489 1209 470 142 440 62 728 1140 1083 1339 809 26 51 260 488 1137 274 729 558 517 1113 1711 1311 1678 811 963 168 426 961 14
000081.jpg,1742 886 432 96 404 1787 1090 1339 977 218 1150 680 963 1455 1759 916 1427 1473 1110 14 1254 468 1173 1411 286 811 673 820 1556 418 1598 499 113 795 29 809 1330 225 144 634 41 208 1311 711 80 1766 581 1109 639 780 1642 133 797 696 51 54 1040 1071 997 1471 1273 798 1166 778 1540 969 852 1743 1543 903 4 1284 1260 859 439 596 277 1160 718 666 891 1515 61 1314 1419 200 1235 665 1570 1144 514 236 1504 1050 415 470 271 593 350 34
000082.jpg,508 1053 1069 949 516 1607 706 1142 251 1500 588 90 503 1487 1648 64 1332 507 56 75 1438 310 1139 612 1242 960 941 3 849 575 182 1207 111 1032 1665 1594 787 1634 211 1491 1008 104 1550 383 1038 352 337 343 7 1782 5 1701 135 1200 218 1791 1759 1518 459 1298 389 333 1252 1001 1026 1213 493 93 1088 1367 1720 764 184 1455 170 922 1286 1411 1416 509 883 1678 1233 680 1773 468 84 1557 744 501 676 549 1272 1525 999 1330 809 1446 1050 671
000083.jpg,687 847 1007 899 642 693 985 185 1202 1255 1752 257 99 1716 1583 1164 796 1258 650 1278 349 1449 562 1271 1127 1732 1719 1704 1712 269 539 142 736 1616 97 804 166 597 424 31 1612 484 391 1300 1114 1757 1047 1635 1441 1564 285 550 1575 1059 538 339 1273 1216 57 113 821 1235 460 983 1713 968 1445 912 49 109 1040 1094 628 615 29 157 794 533 808 361 1389 1493 517 1591 262 248 1107 224 283 1450 366 525 568 871 219 638 1307 1051 1245 879
000084.jpg,336 1766 218 1330 1759 1411 468 680 14 1455 1473 1291 459 1252 1298 93 493 764 1173 1311 274 566 1678 161 1725 84 695 181 725 489 1050 491 1687 1020 809 1655 778 734 95 1562 101 369 943 973 967 1741 881 1767 208 1518 498 348 1743 1598 1242 333 1787 1150 292 186 28 255 780 1038 575 1419 711 665 1427 1572 1720 1663 51 1166 209 1639 225 150 1109 80 1170 1521 133 227 482 558 414 444 470 54 1515 798 1676 1630 552 1595 1040 924 1710 1613
000085.jpg,998 972 1108 409 129 1033 1381 59 1052 1226 897 228 1288 644 465 614 490 1567 620 1246 1507 904 1593 872 1160 1110 1 891 1014 1410 1322 1370 263 1659 722 1543 865 245 10 682 1548 1529 576 1315 1435 1556 201 137 1328 1314 1260 1161 53 1624 692 378 42 790 249 20 415 1297 1721 1499 195 437 1379 1140 855 596 1618 213 418 1143 1096 1723 125 334 288 427 1573 678 1101 577 1673 1679 772 1031 793 9 594 1318 1357 1429 1289 1000 813 833 1183 1204
000086.jpg,926 131 328 1421 929 1776 991 946 662 799 122 1619 604 1476 66 1402 1345 1354 1483 761 502 123 441 412 779 710 499 1708 919 1501 890 639 963 1492 1229 882 1123 977 1428 151 178 1285 1641 389 1442 1760 1541 786 326 715 709 280 282 445 1339 1039 1557 795 694 1382 421 1531 330 563 303 464 1090 959 994 602 859 1185 1206 852 820 586 1373 1023 811 116 1670 414 213 1127 29 1466 65 426 1273 497 1504 524 1649 277 253 210 1050 264 955 271
000087.jpg,1605 701 1049 733 1194 1753 1509 320 494 877 37 48 239 557 1702 974 732 1214 340 408 930 832 117 1340 679 848 359 316 683 805 1623 403 1154 1299 1457 920 417 956 1569 1195 1359 1689 278 560 869 1657 1236 398 831 1400 554 300 598 487 1308 884 746 461 647 446 602 1474 702 1111 1360 1118 127 664 1561 126 1647 107 79 39 149 205 609 1077 1631 1772 621 504 1417 1339 176 313 1756 388 898 1637 27 1388 1228 61 1090 613 60 1740 1787 1116
000088.jpg,1105 1157 1182 674 744 148 411 1453 1671 16 118 1276 1102 889 915 623 671 1178 139 1645 600 1431 444 501 883 1701 1580 910 661 1434 312 552 310 528 961 1468 1551 184 1729 1231 1720 1672 849 1170 1103 992 352 287 1001 1126 1233 308 922 164 1112 7 1458 469 343 234 1038 1200 787 296 573 1491 950 1644 1367 1057 616 1264 1518 331 1781 1480 1171 1295 90 727 135 844 337 6 1697 13 1327 1643 625 1416 549 1684 1306 273 1715 1316 1391 705 613 383
000089.jpg,550 157 517 31 1015 1716 1216 1591 424 1058 538 1712 99 166 339 1278 1704 301 1555 1255 650 1564 1271 983 796 257 693 562 899 248 57 1635 1537 109 1583 349 642 1007 672 687 548 1202 985 185 847 1752 283 380 391 1732 1164 1493 597 583 219 1575 1461 423 525 821 35 1757 990 1244 834 1651 510 142 853 1047 1547 1539 294 1245 224 829 1307 49 1300 768 716 1746 1258 863 1650 1002 638 533 539 1051 366 568 50 262 1450 927 354 97 1750 724
000090.jpg,1547 863 1519 583 1461 1307 731 420 301 716 724 1698 1555 914 672 33 396 1015 1441 834 1100 476 380 539 1114 829 262 1342 1258 485 853 1245 1746 510 1051 525 391 1575 35 1244 166 354 1732 1493 597 821 899 1164 1485 517 1768 50 423 1750 49 1002 1691 1331 157 1716 349 550 1399 224 311 1220 1282 1079 1591 307 285 222 109 1622 538 31 1748 185 1216 297 99 768 796 1459 1704 562 1559 1278 257 339 1651 789 548 1752 1084 472 142 159 638 362
000091.jpg,1658 352 787 1126 287 343 1112 1701 1645 310 1458 1551 961 844 1038 1715 184 1672 889 148 1491 1178 883 922 849 164 7 1200 528 501 671 910 1053 1434 1170 1276 83 1720 1182 552 383 616 1671 135 90 744 838 1069 508 70 1088 509 516 1468 1416 1607 674 3 1580 1157 949 1233 251 1242 706 1500 1001 1367 1306 411 503 1453 950 992 1487 444 1729 588 1332 1032 1105 182 111 118 1594 600 104 1648 1446 1142 1235 6 139 947 1171 1366 1572 1588 449 75
000092.jpg,133 1166 470 318 1106 1419 969 1734 1608 982 728 1649 488 1343 61 918 954 155 1530 1083 1196 955 1508 1320 208 735 1598 115 1324 400 426 809 778 1595 431 827 1709 1544 556 924 385 100 414 514 1330 1551 1711 1150 1700 574 1305 260 1773 1766 1173 265 1408 961 1284 1576 1298 101 152 1473 943 238 1311 116 493 1620 782 1254 225 680 1252 479 1145 529 212 34 711 660 168 1411 967 93 14 629 459 473 1339 552 88 980 393 1356 51 570 803 489
000093.jpg,1709 100 1544 1722 574 400 1522 570 969 1711 1608 470 1530 1166 1419 1578 133 1508 728 1035 556 971 115 1343 1196 1734 382 1620 393 1773 1497 1667 265 784 840 735 1083 682 415 790 206 1150 954 488 640 61 1143 982 473 1314 875 171 53 1556 464 1710 461 644 891 1376 980 97 1700 1110 1649 782 576 1543 1569 1570 1232 1657 1288 426 1408 1226 1595 1617 1145 593 711 1554 1604 1621 260 195 244 1427 1545 1106 1320 430 1562 414 1786 952 446 328 1212 955
000094.jpg,1247 927 1450 638 466 97 568 595 912 794 460 269 484 1582 1396 294 463 1651 1553 1733 624 548 1459 1079 1066 309 1485 1084 233 1717 311 1559 219 365 109 302 1488 505 142 297 1188 1790 283 1282 307 525 1245 1713 159 610 32 380 1617 1622 640 1044 1539 517 1149 1748 871 391 1570 301 1090 990 789 1355 1691 599 899 1600 362 989 379 1095 222 223 1385 510 1602 399 1786 420 257 1604 1164 136 1621 796 597 1640 544 286 522 179 133 195 1143 1220
000095.jpg,408 930 1340 340 1195 316 1457 832 403 300 647 732 746 884 598 1165 898 1702 417 1417 1647 1111 1214 205 664 1077 1118 239 1561 1116 1631 1637 48 37 329 1689 877 117 359 320 15 422 733 1509 1194 1753 708 494 683 956 679 848 27 920 487 61 1078 974 1308 1236 1154 955 398 462 324 602 701 982 1408 1049 1400 426 1772 831 739 805 735 980 385 1595 1232 1649 740 330 1299 1083 1605 504 1359 395 41 954 1320 1254 560 189 869 1145 1023 629
000096.jpg,1687 1020 181 1562 489 1725 695 1678 566 161 764 1252 493 1298 336 459 1766 274 93 1291 680 14 1473 84 1330 218 468 1455 1411 1759 1173 1311 1050 778 809 95 734 101 943 369 725 1655 967 973 491 1741 1601 881 150 202 1388 1675 1663 430 208 1150 1419 1166 640 1521 585 1639 399 1179 132 1140 891 470 28 133 728 1767 227 465 1598 1076 213 790 53 20 371 1734 665 1109 572 527 1217 304 969 1060 1110 415 51 1459 195 1608 827 576 292 5
000097.jpg,1068 334 1548 1673 1096 1574 1260 1679 353 1225 1031 124 577 1448 993 519 700 1573 1198 1240 1365 1587 722 1317 933 1731 1322 437 1357 1 1429 1259 1018 678 394 1289 1424 1183 1784 1409 772 536 1023 1073 756 646 530 401 654 585 427 781 1054 1161 172 1336 220 518 692 865 119 1721 1659 279 1372 1379 201 1435 41 1624 418 596 137 376 770 1615 1413 1101 10 1618 125 1593 797 1134 1121 1140 1507 1723 1246 1370 215 213 9 245 20 1747 1606 1045 1565 757
000098.jpg,1551 961 1672 1126 287 1112 1434 1458 910 1038 1720 1170 552 1468 889 148 744 1157 1105 1701 1671 674 671 1182 1715 411 501 1178 883 1645 118 352 1518 1658 1242 844 383 992 950 16 838 922 444 1102 1729 1001 1233 1453 1276 1580 7 3 139 1264 1491 575 1480 623 637 1200 509 1088 70 135 310 1416 111 1781 1171 273 333 727 83 627 1316 600 1643 1367 705 343 1572 474 528 787 312 1503 1090 1594 1306 13 90 1032 6 915 104 828 182 1025 788 823
000099.jpg,436 1239 156 730 944 167 1128 1638 1193 670 978 1251 1075 1736 1380 909 934 1479 1085 429 802 1036 91 1523 1029 553 723 1693 1211 565 1197 1718 1478 1280 1769 187 907 203 410 931 1325 1452 1510 1222 1484 1430 1223 526 858 719 1694 569 1124 455 1653 254 471 1012 1706 1447 684 669 987 377 134 1294 44 448 196 1745 807 707 355 893 865 1423 995 94 1659 601 298 653 323 975 1099 836 1073 861 1365 1532 728 36 682 527 891 1424 630 1013 1147 678
000100.jpg,315 839 1067 1262 73 613 177 456 160 704 442 625 1295 633 1210 1684 237 947 1791 579 453 344 1287 1027 925 506 337 183 87 285 231 1321 816 1265 148 1456 1697 747 1026 961 1551 1091 443 744 1182 676 1133 889 1213 777 1414 958 112 806 1088 1157 521 559 1327 1737 1491 1391 1169 619 922 1392 817 509 606 1397 352 1701 1515 1256 1181 671 1025 845 1144 1200 1705 1672 438 1238 1671 7 350 911 1668 1610 1645 631 721 870 501 883 1039 844 1113 449
000101.jpg,299 1504 637 1503 163 1480 405 1312 788 1646 867 1588 1170 1175 1242 1720 552 1468 1038 1518 575 705 910 823 1207 214 961 348 1551 24 592 333 828 1643 1774 74 1126 193 727 287 1688 54 1572 1138 444 1113 186 87 1779 373 385 1782 1791 1672 507 80 1112 1235 56 1076 13 680 950 1458 809 112 674 1178 218 1327 1391 14 563 207 1182 462 1729 1330 1487 164 1171 3 295 521 468 1473 148 1025 744 1648 144 1455 741 905 1434 1157 992 180 1105 1264
000102.jpg,1766 1473 1291 336 1330 218 1759 1411 468 1455 680 14 1252 1298 493 459 93 764 274 1173 1311 1050 725 566 84 1678 809 161 1725 778 491 734 95 695 181 101 369 943 1655 489 1687 1020 967 1741 1562 881 498 1613 973 208 227 1598 1639 1179 371 202 34 1787 209 1150 837 150 347 1521 1630 1512 1767 1427 1579 28 590 1515 116 292 762 665 827 255 924 1743 1166 470 225 1388 1034 1663 1443 575 886 1419 47 133 404 432 348 1459 381 729 1242 286
000103.jpg,1633 434 660 514 1284 270 1552 1305 238 1585 822 512 529 1363 888 261 792 903 26 1540 1187 1440 1471 979 2 1347 286 1152 948 791 1074 406 1267 1406 439 785 260 168 236 564 866 1055 546 1037 1437 1184 1209 1412 857 1788 407 173 677 561 645 953 241 1777 1749 1151 108 1511 873 820 467 1496 811 1462 52 1071 542 622 718 748 814 55 767 1356 611 798 402 1366 1502 1625 106 143 1212 850 711 543 1405 351 1398 1199 1319 200 1609 1185 1628 1654
000104.jpg,156 1029 1638 410 1523 1736 569 1380 987 1075 670 1239 1325 167 1128 203 944 448 1197 134 565 1124 858 1694 436 723 1085 1653 1010 931 254 36 1430 719 526 321 187 1478 1223 1484 1452 861 938 471 1211 1693 455 323 1012 601 553 893 907 1447 196 146 377 1251 1769 978 44 1280 1706 807 1611 909 1134 128 1266 1615 1479 825 429 1193 27 742 395 865 1303 1294 462 536 355 703 399 684 965 1093 1786 1659 527 1747 1117 189 1121 197 378 132 58 97
000105.jpg,400 574 100 570 1722 1544 1522 1711 1578 971 556 1035 1508 1196 115 1709 1620 393 1773 840 382 1497 1667 784 265 470 969 1166 133 1419 1530 1608 728 1343 1734 244 327 735 843 1388 488 1302 1141 304 1083 954 1145 190 982 1569 913 130 1400 673 433 1356 622 581 306 875 1440 1779 453 202 1528 572 1408 916 106 61 1150 176 80 953 782 634 473 414 1396 385 318 461 1209 233 1737 905 1561 212 1106 1506 896 150 1631 1582 286 545 402 1066 1203 260
000106.jpg,170 523 1296 1064 1016 621 428 247 691 563 357 1474 1596 481 390 1401 826 60 126 1680 22 974 127 939 89 74 1526 1025 609 575 1221 445 1327 1171 154 1113 592 1130 976 1533 1400 149 541 1021 604 112 1039 911 603 1397 178 986 925 1030 714 110 452 1684 435 1516 540 446 759 282 280 521 994 1688 507 872 1760 51 1572 309 1791 1295 570 962 1779 673 1657 1686 750 657 337 1178 625 686 1313 581 107 588 900 1089 1599 989 1046 1150 370 151
000107.jpg,133 1419 1166 470 969 1711 1734 1083 711 426 1608 208 1595 735 1284 1598 61 488 209 811 1343 728 961 886 414 1427 1150 1530 1551 1743 514 1709 115 1515 593 1710 798 459 827 954 822 1196 51 924 918 100 1742 1630 982 680 479 1649 1363 286 93 718 671 400 1126 1298 270 1311 1252 152 260 238 1508 660 955 581 318 274 674 1585 556 1043 1678 1578 14 1157 1773 493 809 1305 673 501 1408 1720 903 1320 473 347 1232 445 764 348 482 432 1182 1180
000108.jpg,133 1166 470 969 1419 318 1106 1734 100 1608 400 954 1551 1711 1508 61 1544 1709 556 735 1196 982 961 1620 1649 488 574 115 1578 1530 1083 371 955 1408 155 728 393 1773 918 265 1320 426 1150 431 1700 1343 980 1035 762 514 629 959 1598 1595 1232 1145 212 1209 1658 570 382 827 671 1324 711 1284 208 803 924 473 784 116 45 1743 385 479 1453 942 1515 414 801 1292 1305 238 674 440 1219 1339 16 811 489 1672 1556 225 798 51 106 1158 246 445
000109.jpg,690 268 970 1098 478 928 289 717 1009 696 113 824 1738 666 1201 628 29 1273 1310 1612 1127 1445 736 1107 632 766 1024 1389 1290 1384 1040 1135 808 520 681 1490 1080 908 397 838 217 1422 1535 1283 935 1078 1006 368 1771 771 78 880 656 1724 864 1269 1017 120 276 1536 1681 1450 912 226 67 1538 638 458 1235 663 281 324 1311 977 1699 1449 680 990 1712 739 1255 550 224 1335 1019 482 1743 1463 517 97 157 292 1454 269 1300 246 568 499 1767 1396
000110.jpg,90 1500 588 1142 251 1607 516 1053 1069 949 503 508 310 1487 1648 56 849 706 507 787 343 75 64 1242 184 3 352 1645 1594 1207 1701 1332 1182 1178 883 148 744 575 1157 501 1026 444 1438 1038 1105 674 1139 170 337 1491 1791 671 961 625 1170 552 1551 1295 889 915 1720 1210 844 411 7 612 910 1434 164 623 1684 922 1671 118 1200 941 1468 312 1697 1231 1518 1743 383 1453 1001 1729 1276 1327 1008 992 1102 600 1672 633 528 1025 1550 482 705 1233
000111.jpg,64 1438 1139 612 941 508 949 1665 1053 516 1069 1634 706 960 1607 1142 1500 588 251 90 503 1332 1487 1648 310 507 211 75 523 56 1701 352 104 1594 1032 1242 3 1782 182 1491 1038 844 787 575 849 1231 7 922 1026 1200 343 170 443 1344 741 1367 671 5 1207 111 674 1525 976 445 806 1008 177 1392 115 747 193 744 1551 1645 1157 1196 961 777 1663 1550 1286 184 1580 1109 613 148 809 1773 1743 1050 470 383 1185 958 1182 556 1672 1088 1005 883
000112.jpg,109 248 283 219 548 1539 1651 550 538 1255 1716 562 31 899 349 693 1591 424 99 1216 294 1278 463 1059 339 1704 650 166 1583 796 1712 1635 983 157 257 1564 1058 1575 57 1271 1015 142 301 985 185 687 1732 1047 1202 391 1051 1449 642 1757 597 1164 1555 1007 1752 847 879 517 1790 1114 638 97 1761 1537 269 525 1612 1122 50 768 1493 871 568 1244 1245 1713 510 49 153 484 1696 1733 1750 35 1258 583 452 821 1310 1746 1127 829 68 643 853 460
000113.jpg,285 396 33 914 1342 476 1002 1768 539 262 1441 1051 307 1331 153 485 1750 1258 829 35 1575 1307 1493 510 1114 1245 863 957 1244 1696 1748 1746 1215 1122 768 157 821 354 894 853 899 224 1485 1640 879 517 1399 538 990 544 1461 50 583 423 724 1047 1698 1351 1547 525 1713 1255 301 834 257 349 672 142 391 716 49 1712 550 1188 597 505 1519 1164 1396 1691 380 420 1449 916 1389 1732 1220 835 1300 871 713 1555 1445 533 1149 796 1705 1100 159 1127
000114.jpg,133 1166 470 969 1419 1734 1608 728 1530 1343 1709 1508 208 1711 1196 115 1725 459 1595 473 1598 1773 1173 61 711 265 1106 488 784 735 1150 556 1298 1578 1710 318 1083 954 827 1311 479 680 493 93 1252 14 382 336 1678 1515 782 1649 426 1427 1408 150 1766 209 51 798 1700 764 982 1630 1320 924 1212 682 1232 1667 414 218 431 886 955 53 202 1620 400 790 1625 181 581 811 461 640 891 1219 347 1497 1411 1314 1659 274 100 1560 1556 1020 1043 393
000115.jpg,1161 692 865 1659 1424 1565 1409 678 1259 1073 1018 1656 1593 363 1507 1365 654 291 378 1731 995 220 646 1721 1435 172 1529 1246 1336 518 1784 904 1054 42 401 1134 1370 137 201 1357 1615 10 394 1183 658 1372 279 772 427 703 753 1260 263 1567 1191 490 245 1121 242 722 1315 1618 1322 1624 1198 1413 249 94 1769 1548 825 1573 1 993 577 1685 519 332 1744 1240 437 1237 418 818 596 756 41 1093 1429 700 124 334 1108 972 1679 254 1574 98 232 1498
000116.jpg,690 268 1098 970 478 928 1738 1009 717 289 696 29 1135 113 666 1201 1273 628 1310 824 1127 1612 1445 736 1107 520 632 1024 1389 1384 766 1040 1080 397 1283 935 908 808 368 1490 120 1535 217 880 1422 1290 1724 78 681 810 1771 1527 1078 458 1006 1311 864 771 1269 680 745 1707 584 1743 1663 1019 851 1699 1767 87 1192 1454 689 1249 38 1122 14 1614 453 313 1455 335 1235 1463 656 1759 1536 663 213 226 1523 468 276 1411 482 925 990 292 1327 1373
000117.jpg,1728 351 162 976 741 193 1138 1774 1168 1270 751 923 1688 1030 346 1654 17 1590 854 373 1755 523 748 1171 1634 407 1680 1665 996 241 1248 81 543 535 1139 390 498 1462 327 622 563 612 1021 106 697 905 843 1613 1405 941 101 282 180 1324 439 236 1540 1141 967 1356 857 306 1469 915 392 677 102 108 1412 1431 881 130 155 943 645 280 605 212 918 16 1662 913 1352 52 1344 445 778 1496 734 521 674 977 1741 809 1471 545 385 348 1056 587
000118.jpg,1254 225 330 305 1420 1206 815 1326 1382 497 1337 1787 962 694 571 65 1470 1293 1742 404 959 1115 116 303 432 1465 1174 1364 264 886 1230 1346 673 271 906 1369 165 1579 34 754 720 752 581 1190 1427 1150 51 1630 209 1690 842 686 1730 759 795 96 1056 180 1551 900 418 469 1090 1670 963 41 1113 388 1710 267 1081 797 596 331 1377 1415 1516 575 1025 740 905 312 373 1720 800 387 313 1411 1672 1515 504 169 1339 977 1140 103 1103 1503 1758 1759
000119.jpg,208 1598 827 924 209 572 1388 202 304 590 459 1411 1630 1756 1427 218 689 1515 93 809 1759 14 1473 1298 581 680 1150 493 1595 1455 1710 1252 51 468 150 1766 1419 274 1166 1050 1330 673 426 1081 764 470 1678 778 1173 414 84 1311 1787 387 1043 1083 488 886 1291 133 896 461 61 734 711 347 1649 1657 969 286 1725 1569 735 1743 359 271 300 292 1343 1742 336 762 1767 1734 728 1111 1320 34 95 255 780 640 27 1038 1232 348 566 1077 1154 955
000120.jpg,309 463 1717 1582 1432 1733 179 1714 1044 40 46 32 505 221 1651 1488 147 862 1600 1563 141 1592 1553 1485 223 1692 360 1268 599 1399 258 937 475 610 1261 1355 544 1241 252 1790 1188 1691 548 256 1439 1362 472 957 1220 1061 222 1650 63 1640 307 1132 1754 1748 1066 1549 522 532 1622 1426 624 283 789 302 1122 1017 1059 233 538 1768 365 109 1610 1331 641 380 1255 1780 219 136 1570 423 879 153 851 871 142 1143 4 989 518 1713 224 1554 721 1385
000121.jpg,285 1122 1002 153 879 768 1351 517 641 224 538 894 157 1750 1696 307 704 990 1255 736 808 816 1612 1449 1768 1399 396 1445 1389 666 1331 1610 1127 628 829 914 1342 1396 33 539 1456 544 35 113 1493 262 1215 50 1107 1485 1441 1307 821 550 1712 510 1714 863 256 1245 899 1310 1748 1244 354 476 257 957 147 912 1114 423 1135 1290 1047 1791 1554 142 1746 29 891 349 269 870 289 1684 237 1258 485 525 1051 631 916 940 1640 1713 1188 835 696 1719
000122.jpg,1180 1466 62 651 207 421 1373 290 295 1433 1451 464 229 266 1153 1751 905 243 1341 1189 275 1404 665 180 255 567 1767 1743 373 158 414 61 292 1137 18 1083 482 1335 392 1663 955 480 426 1595 558 735 545 982 1649 1454 488 1056 152 102 131 954 680 1320 800 811 1421 218 1455 1492 1284 348 1759 14 286 431 1040 1411 133 468 929 919 514 977 639 1339 1363 1471 122 997 1090 1540 903 186 820 799 548 1207 1235 385 511 809 328 963 499 1150
000123.jpg,1582 1733 258 223 1692 360 463 252 309 1717 1651 1553 1044 1432 179 505 1485 1019 453 925 285 1563 689 1287 599 4 336 641 520 32 1600 24 40 548 475 659 147 1725 780 430 937 728 1334 522 1527 333 1268 1787 1143 1188 1296 302 221 415 544 862 46 1079 348 208 1050 1766 1459 63 14 816 1610 1791 1554 717 1691 459 1556 1678 1714 827 1235 468 1173 1343 1572 1311 1411 990 614 680 1252 704 624 1562 1385 1388 1220 1040 186 1759 56 1213 93 891
000124.jpg,445 1039 280 1296 691 74 282 1686 240 1526 357 994 540 939 563 390 481 603 1221 575 1025 1113 112 1327 210 911 524 589 521 1572 817 1680 1551 1046 705 823 1599 940 961 1242 1518 1207 1155 333 977 1391 1089 1541 80 1038 54 828 552 1720 287 715 1468 326 963 1643 1170 501 348 878 1480 1178 846 621 504 1672 1171 1126 186 604 1313 674 780 809 144 639 385 680 444 1503 786 637 225 24 1606 910 1697 962 959 426 499 844 585 14 1517 1235
000125.jpg,133 1166 470 1419 969 208 1608 1734 61 1711 735 488 1150 728 1598 711 1530 1083 1196 1343 1595 426 1284 954 1427 514 115 1709 1649 680 982 1710 827 1311 209 1743 459 961 798 1515 414 1551 955 924 51 822 1508 1630 886 556 1252 93 1298 400 1773 1320 14 811 100 152 1678 581 493 1173 238 1408 318 762 764 809 673 348 1767 1330 53 1620 1578 347 660 479 790 218 260 286 393 274 1305 270 1043 718 1742 977 1180 1232 1663 461 34 473 574 292
000126.jpg,155 212 918 1324 318 1106 1576 1185 1109 1180 859 1466 997 1695 200 62 1642 192 843 121 852 277 464 685 580 358 1785 470 21 11 873 1419 811 1335 499 1767 384 1166 820 133 1196 651 115 556 338 1652 977 1003 622 207 292 482 604 255 293 1743 1511 351 546 1344 381 728 198 328 1709 1284 102 1129 1454 514 1734 1473 921 495 130 295 1711 558 969 670 991 561 496 1087 88 697 1071 1137 1525 1444 946 55 400 1663 218 286 711 545 385 1330
000127.jpg,1689 239 1214 117 1666 1702 37 486 877 699 648 1457 494 832 1417 732 320 417 48 82 1195 403 300 1718 733 836 1510 487 1013 906 856 1136 1279 408 16 930 1190 895 183 1730 214 91 139 598 936 316 1528 43 1027 227 1036 340 1753 560 975 1551 1194 23 552 1512 1458 582 1541 1233 444 961 1112 1299 1340 204 586 1128 623 1175 1057 1160 837 1670 1254 65 234 1509 819 205 1465 465 729 61 831 305 187 1745 730 1140 165 565 1223 934 1251 1364
000128.jpg,1605 701 1049 733 1194 1753 1509 320 494 877 37 48 239 557 1702 974 732 1214 117 340 832 408 805 930 359 1299 1154 1340 1623 1359 403 1569 560 869 679 278 1657 316 848 683 1689 1457 417 831 920 1195 554 461 1236 446 300 487 956 598 1400 884 602 398 746 647 1474 1308 126 1360 127 149 1111 702 1118 1561 107 664 1647 205 79 621 1631 39 609 1077 1772 1116 1228 60 1637 176 1391 428 1756 613 1388 1339 1417 313 961 27 504 986 898 1113
000129.jpg,1510 730 1036 1718 934 91 802 1745 836 1251 1013 909 1085 975 1193 167 944 978 1280 565 670 187 669 1479 931 1012 1279 607 1239 1638 1430 1099 1128 907 1223 1075 410 1736 203 895 430 526 1380 723 377 1110 1288 1143 53 790 653 134 41 448 1160 582 317 1478 1211 833 858 630 1543 415 196 707 1556 1653 972 640 1706 471 1314 1523 682 1124 254 399 614 1447 719 1554 576 213 891 1452 797 1328 418 1226 861 1325 793 675 644 1222 468 465 1147 263
000130.jpg,133 1166 470 1419 1608 1734 969 728 1530 1343 1709 1508 208 1711 115 1196 1598 459 711 556 1595 1725 473 1578 1106 1773 735 61 827 1298 1173 488 493 265 318 1212 93 784 1252 1150 1083 382 426 1766 680 150 1678 336 782 14 798 954 1649 1515 479 209 1700 1625 1311 924 1408 764 274 202 53 1710 414 682 431 790 1427 811 1620 400 640 1320 1630 218 1232 461 886 1556 1330 1219 1473 181 393 955 585 51 1667 1314 1560 891 982 809 1497 1020 100 415
000131.jpg,494 701 1605 1049 733 1753 1194 1509 320 877 37 557 48 239 1702 1623 974 805 1569 1299 560 554 1154 1214 869 732 1359 359 1657 831 278 461 487 848 446 683 340 598 1118 602 920 1236 117 408 1360 679 107 1111 930 316 746 1340 1308 1400 205 832 403 884 1647 956 300 398 647 1228 1457 702 417 1561 176 664 1116 149 1077 1772 127 1689 1631 79 1637 1388 39 1756 61 1195 1474 955 776 126 1339 898 399 609 304 1417 1080 1210 961 1150 621 982
000132.jpg,752 1346 754 1369 1190 1730 868 906 267 103 759 900 169 1062 1626 1787 657 618 388 1758 259 1477 1664 1375 1420 795 1337 1293 571 1465 541 1254 1339 694 89 1364 497 1584 1382 1740 1090 1150 1411 110 264 51 435 1759 22 1016 673 387 1455 1427 1401 468 1516 1630 581 303 1710 686 313 680 1177 28 977 1778 122 1081 225 1127 786 218 29 1273 919 1110 750 209 1311 113 14 213 305 891 1445 715 698 1742 682 696 1314 65 959 204 1612 729 820 1050
000133.jpg,996 587 854 997 346 535 434 114 726 1633 1783 1755 1347 1775 513 1405 1590 192 843 1495 543 1011 887 175 841 1281 1472 1092 1728 917 859 322 1185 1557 293 1546 1353 1109 121 1661 1464 200 1642 230 1763 1003 384 1352 81 277 852 685 358 1545 542 1789 645 11 1525 25 580 1186 850 964 21 486 1727 936 688 5 699 1072 738 515 1129 1469 774 1442 372 792 820 1528 873 381 534 419 814 767 55 1366 1071 783 1785 76 1358 1393 331 244 1436 364
000134.jpg,100 400 574 1722 1544 570 1522 1711 1709 1578 1508 556 115 1196 1035 971 382 1620 1773 393 1667 1497 784 840 265 470 969 1166 133 1419 1608 1530 728 1343 1734 843 1150 735 982 954 488 61 673 1083 581 1408 51 1710 130 461 1649 1753 1569 150 782 1700 176 464 1509 202 955 414 1396 446 431 1657 1145 1143 1623 622 415 144 327 886 80 1090 1320 1194 920 206 1066 1383 426 54 127 27 980 88 977 1595 473 1400 664 905 209 39 953 913 1684 630
000135.jpg,1582 1733 223 258 1692 463 1717 360 309 1432 1651 252 285 641 1485 1714 1044 505 179 147 46 1563 544 475 816 221 1188 1399 40 990 548 32 1456 1610 1691 657 1220 1143 1553 4 1122 728 957 1019 862 599 415 1554 808 1488 1556 1600 1268 307 24 1362 1541 1439 928 1592 689 336 1570 891 704 1061 153 1725 1396 925 1355 472 1261 1687 1639 610 1334 1562 1385 136 614 1790 462 453 879 698 553 1311 1314 1050 790 1293 789 1127 522 1612 1640 142 1310 1775
000136.jpg,623 915 444 118 1102 16 1105 1157 1729 1178 1431 674 992 552 1182 910 1468 849 744 310 1170 411 308 148 1720 184 1453 1645 671 312 1781 139 13 1264 1671 727 1316 889 90 1276 627 600 1103 501 573 883 1038 787 273 661 1701 296 1715 1594 343 950 469 83 1231 1518 1644 1500 588 474 331 1171 1480 923 164 234 1572 1434 1458 251 1697 1030 70 1053 528 352 516 1607 1327 1025 193 1001 1026 1069 1142 287 1270 1580 1551 508 337 162 1503 961 333 17
000137.jpg,1511 1151 820 811 873 718 1625 798 711 173 546 1048 1788 1437 479 1560 1398 1609 114 293 1467 850 917 1156 277 200 852 121 1727 843 1405 812 1199 1642 1352 859 1335 513 482 558 1137 1185 697 342 685 580 783 1109 255 496 1348 1393 1469 1436 535 1524 997 1394 1338 480 543 1785 1755 483 384 738 1743 292 358 1454 945 665 511 593 1368 1663 1358 1581 1412 372 1767 21 1037 1460 629 1633 447 887 192 1184 495 1568 18 1209 1041 636 11 364 514 1284
000138.jpg,976 1728 498 1613 101 967 351 881 943 193 1741 741 778 162 809 1590 1680 373 1030 1688 923 346 734 95 1168 1050 1270 1755 751 1138 369 1774 523 1654 17 308 854 1634 1171 1655 996 535 1665 563 543 241 1703 407 385 348 905 81 1330 843 591 1113 390 1248 186 444 748 282 1405 521 296 573 180 13 1145 1327 977 225 629 1025 481 392 280 1139 727 1431 478 112 1391 1021 623 312 911 16 697 236 552 915 1056 445 963 1454 1662 587 439 603
000139.jpg,410 156 1523 448 134 670 1197 1010 1638 167 1380 944 1075 569 1325 1736 1239 987 203 1124 1029 1128 254 455 471 1693 938 565 719 323 931 1430 1484 36 893 1085 723 1223 187 1193 196 1769 436 1694 377 44 1012 1294 858 1211 978 321 907 1452 526 1653 965 1478 601 1423 684 355 553 1706 807 1447 1251 1280 707 146 1611 653 298 861 1479 429 1099 188 909 1266 742 128 249 94 1117 197 263 395 934 91 399 27 995 730 1134 1615 865 1303 1093 1222
000140.jpg,109 248 283 219 548 1651 562 899 1591 538 693 424 1716 1216 349 1583 31 1539 650 1255 1575 550 99 1058 1278 1704 166 339 1635 983 796 301 1564 57 257 1271 687 1202 185 642 1015 1752 985 1051 1007 1732 1712 1059 294 157 142 1164 597 391 463 1757 1258 768 1114 539 847 1047 262 517 49 1002 1441 583 396 366 1342 1555 525 485 914 533 354 50 484 1713 33 380 1461 1547 460 821 1300 638 1493 568 476 1245 871 510 829 853 794 1696 1235 1307
000141.jpg,310 64 949 1142 516 1069 1053 90 1438 508 588 1607 251 1500 612 941 1139 787 960 352 343 1665 706 503 1634 849 1487 1648 1701 507 844 184 1645 1594 56 1491 75 744 1182 922 7 170 148 1026 1200 501 889 883 1332 411 1178 671 1434 337 1038 1671 1242 1157 1580 625 211 182 1791 1032 674 1367 104 1105 1720 1231 600 747 164 1416 1133 523 575 1001 579 1207 1551 1276 528 1782 1453 846 961 1088 383 910 177 633 1684 118 3 344 312 1295 1181 1286
000142.jpg,470 1166 969 1419 133 1734 1530 1608 728 1343 400 100 574 1711 570 1722 1544 1709 1522 115 1196 1578 556 464 393 1508 1773 1083 843 1620 488 382 414 982 1106 426 1667 1595 318 735 61 954 918 1284 1649 784 971 955 152 1035 680 809 514 270 1497 1598 660 286 1320 903 260 14 1150 1743 209 1427 1330 1540 711 822 1471 265 593 811 155 208 1473 51 1305 473 581 236 1408 238 459 392 778 782 26 482 348 1710 1663 673 385 561 1363 529 218 1335
000143.jpg,1490 1080 397 1724 908 268 1009 1463 1707 1269 864 663 1422 281 78 217 771 1536 1771 1006 1699 656 67 970 226 276 1681 681 1384 1135 1538 1098 690 717 478 1024 928 113 696 517 1612 666 1017 224 1738 628 1044 925 29 632 1485 1273 453 912 1310 1127 1450 1019 157 35 1311 1287 1759 1362 789 1445 1712 824 1692 1245 1455 520 289 63 1750 689 871 680 1459 1150 468 218 505 87 1493 1300 1399 533 366 213 1107 736 1411 1078 768 97 1079 821 1113 1244
000144.jpg,1678 161 764 566 459 1252 93 1298 493 84 274 1725 695 489 181 1291 1766 218 1473 1759 1411 468 1687 1455 680 336 14 1330 1020 725 1173 1311 973 1050 1562 491 809 778 1655 734 1150 1427 51 95 209 1710 581 208 1630 673 1598 1081 90 943 387 924 1767 101 1419 1743 588 827 1166 251 470 1515 1500 711 1791 292 202 1487 1327 1038 150 271 110 255 115 572 369 286 1711 482 1064 1025 686 1720 665 1787 1196 625 558 444 1684 1773 1137 237 133 1388
000145.jpg,1180 1466 62 651 464 292 1335 1767 1743 255 665 61 482 1663 1137 558 955 1649 1454 954 488 480 1083 414 1595 1419 426 982 1320 18 1109 1232 680 735 1408 1166 470 1455 277 852 1642 133 514 468 1150 200 1678 1284 1311 392 1759 218 718 715 207 977 711 14 1373 152 811 1185 295 348 495 820 290 859 764 385 969 93 1711 980 809 238 1151 51 459 1252 1173 660 499 431 581 1305 1427 286 629 942 1339 1363 919 529 121 798 1411 1196 822 1298
000146.jpg,1567 228 1288 644 614 490 465 1226 1052 1110 1160 129 897 891 1014 904 1381 59 682 1543 998 576 1507 1246 1314 1 415 1593 790 1556 53 1328 1322 1143 245 972 722 1618 1108 1435 201 1260 10 1548 1739 409 1554 1161 1659 137 865 1624 1413 1494 1054 630 1259 401 1372 334 1529 1033 42 1315 1721 1183 1289 195 678 1429 1784 172 1385 1357 1240 700 1570 437 756 213 1673 577 1336 1587 1679 427 353 1225 1574 1370 757 620 989 1073 1318 124 1365 518 394 519
000147.jpg,1433 266 158 1373 290 1189 229 216 1304 275 567 1451 1404 1751 295 207 243 1341 1153 800 905 421 1056 180 373 1377 856 486 416 608 592 699 1243 1528 1004 292 1743 299 1512 936 227 1504 665 255 635 1329 1663 637 1288 204 820 837 465 489 1151 1335 729 23 1455 1571 389 558 1388 1041 304 61 1226 1767 1150 480 1759 405 1034 347 644 1773 1411 129 468 1173 5 891 1443 955 482 1110 680 1511 711 1166 1083 195 1137 1252 1179 426 803 1043 1770 1148
000148.jpg,397 1080 1490 1724 908 217 1422 1707 864 78 663 771 1269 1771 1463 281 1006 226 1699 1536 656 276 1681 67 681 1384 970 268 1009 1538 1024 1135 478 1098 928 696 29 113 690 628 1201 1273 1019 666 824 717 689 517 87 289 1445 1287 1127 1612 1044 1759 453 1455 925 1079 1411 1311 1459 680 1078 157 1150 1582 224 468 1791 1535 1107 1213 1450 768 538 218 1767 912 935 1743 1396 533 292 1282 1300 366 736 63 1310 1295 1663 14 581 665 1173 1614 1145 213
000149.jpg,470 969 1166 1419 133 1608 1530 1734 728 1343 400 574 100 1722 1711 570 1544 1709 1578 1522 115 556 1196 843 1508 382 393 1773 1620 1667 971 1497 1035 784 1083 464 488 61 1649 954 414 735 426 265 982 955 1595 1320 392 255 1335 244 711 593 482 1145 1232 1137 558 1408 1743 665 286 473 1663 811 292 980 431 942 277 718 680 852 1767 1071 1642 629 782 318 385 1598 14 798 479 1106 200 218 1454 820 202 715 1471 809 348 351 1540 1109 903 1150
000150.jpg,1498 793 607 317 1191 1624 477 1082 437 279 989 1028 136 1385 649 1570 1604 1617 1621 640 620 518 1224 1786 401 1494 195 1031 457 965 1054 430 242 415 42 1023 1022 1606 1370 1289 188 172 1372 1045 1573 1587 585 993 213 1543 891 872 1365 1143 519 855 9 171 1033 20 1096 682 1517 1336 1225 1328 1014 757 1556 1387 646 124 892 1314 781 537 530 98 215 1140 576 1739 1548 1731 220 1263 1673 813 1259 1679 206 1577 1554 1147 1770 790 1297 53 1448 527
000151.jpg,285 1351 899 1051 736 349 517 1750 1002 1245 35 33 510 1127 894 829 666 50 1399 1255 1307 1485 1493 914 396 1445 583 863 1342 916 1575 1746 821 29 1244 224 1258 1414 1612 704 1114 716 550 476 1712 484 539 1519 1441 157 780 1273 262 4 990 109 1235 1691 49 1583 153 1719 1768 1461 1122 1449 1547 1040 628 834 113 693 794 696 301 257 269 804 1459 525 485 1389 597 1220 879 460 768 1362 311 1164 853 423 1113 1396 297 1713 1107 1015 808 1696
000152.jpg,436 1193 978 1239 944 670 167 1075 1638 1325 1251 156 909 1736 1523 907 1452 1211 1124 1380 429 471 553 1478 893 1706 254 1197 1693 601 807 526 455 1280 1479 1769 1653 1029 569 858 1128 298 1423 684 203 1447 1294 355 1484 1430 1099 323 410 707 1694 723 448 134 653 987 565 931 187 730 1085 719 1222 1010 938 1036 934 802 1532 861 1718 91 965 1012 1762 36 1510 1223 865 146 94 630 1259 1143 263 188 1275 367 1361 1786 321 995 1659 44 1117 1611
000153.jpg,61 982 955 1649 1320 954 488 735 1595 426 1083 414 431 1408 152 1232 782 473 1700 980 1603 942 952 593 1566 1219 392 102 545 1166 629 292 1419 385 329 470 665 1145 255 1743 1335 1284 1767 1598 1111 1647 1118 133 598 711 514 348 300 1196 225 1077 969 924 238 1711 811 558 746 205 529 482 660 209 1773 1663 803 1254 104 208 822 1734 1137 1551 884 1454 664 1150 408 1305 1703 270 393 1627 115 1540 1417 1756 1363 680 62 403 857 1116 898 1457
000154.jpg,1176 1390 1697 619 631 1705 870 345 1133 1668 1144 747 777 1181 845 1091 958 443 1256 1265 1392 559 1414 806 140 1737 1674 1203 80 1005 916 54 634 1327 112 1025 438 521 1113 1514 144 315 162 817 1391 282 1026 780 1774 911 504 1397 606 337 177 1572 237 623 1039 1157 613 1270 350 828 280 625 445 633 674 977 1684 1677 1295 16 444 1102 849 671 344 1178 1339 1138 4 1158 704 552 721 751 1720 1454 1654 844 741 193 744 787 915 923 1170 351
000155.jpg,213 20 53 1556 1140 813 790 1328 1314 440 45 578 576 1499 253 454 415 594 288 682 215 1494 1481 1082 1739 1543 1143 317 793 1204 374 891 1387 1014 1110 1160 1045 477 1260 1554 430 1259 607 1018 1498 1624 125 630 42 279 1318 1376 640 1548 1023 1028 401 195 1322 1372 1101 172 1407 1054 1379 700 1365 649 1532 1031 825 1435 1336 220 1429 1731 536 124 678 519 1587 614 245 722 1573 993 58 646 427 437 1183 9 1570 756 1000 1096 1191 1147 989 855
000156.jpg,1651 219 248 109 283 548 1539 550 538 463 1059 1255 157 899 349 294 517 1555 562 1733 1015 693 1712 1485 1583 1582 1716 301 31 484 879 99 1399 796 460 1488 1114 1537 650 638 1591 794 380 1732 391 185 257 597 166 983 1307 49 525 1164 50 568 1216 912 224 1220 1258 1790 829 1547 339 424 985 768 1635 269 1752 1278 1493 1746 583 1575 35 57 1461 1704 1245 1691 789 510 1564 853 821 1449 309 1482 863 1717 1051 1244 539 1650 366 1047 147 423
000157.jpg,285 1351 1245 1114 829 510 899 1051 35 1441 1258 1002 539 1746 1307 1750 863 1485 1244 853 821 1575 517 1493 914 1414 1399 349 262 736 525 485 704 257 476 1255 1547 1461 583 990 396 1612 1445 50 1712 1127 33 391 916 804 157 1062 484 142 1389 311 1220 301 1691 597 297 1519 879 1713 1079 780 1235 925 224 269 222 1719 550 1215 1164 1507 894 1459 370 1696 1047 666 538 460 693 49 1362 758 1583 1342 362 1040 641 29 1095 153 1226 307 1273 789
000158.jpg,1128 1430 931 1085 187 565 1012 156 203 1223 719 723 377 938 196 569 410 987 1029 730 36 91 802 934 1036 1718 975 669 1745 1510 436 321 978 836 1193 1484 1013 1452 1251 1279 429 1197 670 907 134 582 895 1523 1211 944 909 833 1010 1693 1736 1706 1478 1447 1239 448 1638 553 1325 167 1075 1479 1124 965 44 197 893 526 1117 1222 1280 807 471 1294 455 972 1380 601 858 254 1653 707 323 1532 653 1099 129 128 1226 355 188 1423 1769 897 298 465
000159.jpg,690 970 268 478 928 289 1201 1098 824 696 29 113 666 1612 1310 1273 628 1127 1009 1445 736 1107 717 1738 1290 1389 1040 808 1024 838 632 1384 766 1235 1724 1490 1135 397 1080 908 1283 520 810 458 217 1255 1078 1449 368 745 638 120 880 584 266 97 38 269 912 550 990 681 1712 656 157 1422 224 879 595 1300 517 1017 899 864 568 460 1269 480 484 1681 935 366 558 533 771 1536 67 482 1249 665 1110 349 1396 1771 891 253 1260 1493 1450 794
000160.jpg,1582 1562 463 1733 1687 728 1530 1651 1020 133 360 258 470 1608 181 1725 309 223 1692 1066 179 1343 1488 1485 1717 969 1166 830 1734 532 233 202 1432 150 1385 1570 1071 1106 1553 55 489 1534 252 1621 1617 989 1143 1604 1219 599 624 1396 415 548 1293 964 130 1072 1554 136 1675 286 1556 827 522 1563 1627 30 1044 990 40 358 1186 1059 53 336 640 1084 171 1366 1639 430 1399 790 505 1600 365 206 46 27 1700 1376 553 1419 260 4 1311 581 1682 175
000161.jpg,144 634 916 54 80 1677 606 504 350 780 4 828 1597 1735 1144 1705 1235 769 737 1668 631 1113 112 1697 740 911 521 1025 1327 817 845 1091 104 449 345 1787 1133 1643 1040 313 1572 777 1391 1207 1181 1420 1158 1032 182 747 24 1720 1256 708 333 705 348 619 958 806 385 1503 225 1518 1090 950 1392 962 870 1287 87 1614 1703 1176 925 910 552 453 443 1150 621 1170 1038 1390 1339 1078 237 324 1737 632 1411 468 1005 1791 1265 1254 1468 218 947 1455
000162.jpg,1678 764 161 1298 1252 459 493 93 566 84 274 1725 695 489 181 1291 1766 1473 218 1759 1411 468 336 1455 680 1330 14 1687 1020 725 1173 1311 973 1050 491 809 1562 778 1655 734 1150 1427 95 51 1710 209 1630 581 208 673 1598 1767 943 90 387 1081 1743 924 101 588 1419 1166 827 251 1500 292 711 1791 470 1038 1515 255 665 115 150 110 686 1487 1711 1137 202 1787 1720 1196 482 1053 1109 558 1242 572 369 1684 625 271 133 1388 925 798 1663 337
000163.jpg,1105 1157 674 1182 1453 16 744 148 118 411 915 1276 1102 671 1671 1178 623 139 889 1645 501 1431 600 883 1580 444 661 1701 1434 910 528 312 1231 1001 961 552 1551 310 184 1233 849 1468 1720 1729 922 1672 164 308 1103 352 7 1170 992 1112 1458 1200 1491 343 1126 287 234 469 950 1038 296 1644 787 573 616 1367 1480 1057 1518 1416 135 1715 1264 1171 727 90 1781 1088 844 331 1295 1306 383 6 549 509 1684 337 13 1503 705 1025 82 1594 1104 1327
000164.jpg,793 1498 317 607 1023 1606 1517 1063 189 993 537 430 1263 1147 757 585 9 437 1587 1747 1045 213 399 1191 530 1082 1237 71 20 1205 1140 1146 132 1309 1297 477 770 215 1076 1289 1494 1068 1217 781 813 527 58 45 440 536 1198 253 1093 1387 933 519 1376 1666 1259 578 1573 1018 577 594 191 454 1028 675 279 124 1481 700 640 1448 376 1744 649 825 1365 1260 1096 1429 630 1000 1615 53 1240 1624 1425 876 1031 288 457 1328 1204 756 415 1556 646 1121
000165.jpg,498 967 308 1613 1729 992 881 101 943 1741 727 13 118 734 778 809 1781 627 1316 369 95 444 1264 83 552 474 273 1468 1050 951 1102 573 915 1715 623 1431 749 910 1170 1171 70 1720 1655 1480 331 16 296 976 1572 312 1518 1178 923 1644 950 823 469 1030 1330 1105 1458 1503 1103 1038 333 763 1680 1157 491 390 674 385 1703 139 348 282 1590 193 1688 828 661 186 481 225 744 600 563 543 155 535 1473 751 287 212 81 1025 1324 112 1327 1755
000166.jpg,1670 679 683 956 920 848 1308 1236 398 149 127 126 621 602 702 609 487 986 60 395 27 462 1596 428 1400 247 79 1474 39 1417 1064 740 1078 422 324 1154 1772 359 1303 1614 144 1702 805 1787 417 869 1551 399 239 739 560 974 961 1158 1299 832 916 1359 61 54 80 634 504 935 586 1360 858 41 831 58 776 461 1649 1720 701 1623 1113 494 1166 1653 1455 1049 385 132 418 1025 292 954 1569 1657 955 1320 348 1140 468 1135 606 1677 1254 982
000167.jpg,992 1729 1264 13 1781 727 1316 627 273 444 474 118 552 1468 951 623 83 915 910 1170 1102 1715 749 1720 70 573 1431 1105 1157 950 1178 1038 16 1518 1171 312 296 1480 308 674 1458 1182 331 469 744 1103 1572 823 411 148 1644 287 139 1645 1503 1453 671 333 763 1126 923 1030 661 234 186 1701 961 1276 348 600 1671 1703 889 883 1327 501 1551 1434 498 310 591 828 1112 849 521 184 575 385 1025 1242 1658 778 809 101 193 967 1697 112 104 1391
000168.jpg,268 1384 1024 970 928 1009 690 478 289 397 1724 1490 1080 908 1422 78 1771 771 217 1699 1006 864 696 1463 1681 226 113 663 628 1269 67 281 29 1536 276 681 656 1201 1707 1538 1612 1273 1310 935 824 1078 666 1535 1127 1107 1445 736 1098 246 324 266 739 717 269 1614 858 1290 415 1638 1143 1158 912 682 303 1314 1556 97 206 891 1386 838 460 1389 794 1785 1570 1328 1110 292 790 665 1318 1759 1311 213 1054 808 1786 1396 667 1653 584 1455 1586 920
000169.jpg,1653 858 1694 526 1211 1280 861 569 146 1479 410 1736 1251 1638 1611 670 1523 909 1325 167 1239 944 1075 1478 156 1029 893 1124 1380 448 1706 1447 134 907 1452 978 323 1193 254 1301 203 807 1128 436 455 601 471 1197 987 321 1010 723 1085 565 931 1430 377 1769 1693 196 1012 553 1223 187 36 719 938 1484 429 367 1294 44 934 128 399 1387 1376 1266 730 91 630 213 430 1140 1532 58 1744 132 1288 195 45 1076 355 825 27 1143 1031 865 802 41
000170.jpg,285 641 704 1002 816 1122 1456 153 1610 879 768 1485 1351 899 1712 349 1399 46 1449 221 1733 453 1750 147 1220 544 1051 463 222 1696 35 142 1245 4 50 24 510 307 1691 224 538 517 109 1488 1791 1188 1255 894 1135 257 475 237 256 1714 1651 68 360 821 484 1717 520 1713 1114 315 1493 1684 164 1746 1059 1040 829 1215 1244 1362 957 780 1583 693 472 1163 87 452 1295 925 947 460 1612 214 1575 40 1047 990 643 283 916 525 1692 550 562 736
000171.jpg,466 1247 638 927 1582 404 1617 1450 912 794 460 1485 925 1143 97 1717 432 96 1432 577 24 1365 1385 639 757 490 989 644 568 463 484 963 1411 1079 928 1604 415 1150 1396 518 179 1273 136 1287 505 891 269 1733 1570 790 1362 1161 499 1786 1712 1296 1759 324 1289 1215 680 462 1567 1651 1455 1288 307 1110 977 218 1023 1314 14 886 604 1742 1573 1078 195 1173 207 29 215 347 85 1556 395 595 437 383 309 1574 1621 4 1311 1245 1260 1641 1494 1543
000172.jpg,1714 285 1002 1122 153 1717 990 307 768 894 1396 224 641 879 835 816 360 544 309 957 1768 1432 1399 1748 1733 256 1456 1696 354 1640 147 1582 821 1331 35 704 1188 808 475 538 179 1485 1610 157 1493 463 1712 223 766 1713 520 1692 142 1215 1019 1650 453 40 1750 871 505 50 717 1482 1047 1449 1612 1220 517 1245 4 1334 1135 533 1563 1614 510 32 1127 1061 1527 1389 366 736 1044 1244 1300 1600 1362 423 1255 550 1445 29 689 221 1173 63 1584 1351
000173.jpg,787 310 343 352 1645 148 1671 889 744 1182 849 184 1178 883 1701 501 922 844 1491 411 1200 7 90 674 1276 671 1157 1105 600 528 1142 1500 588 1434 961 1551 1580 1607 251 164 337 949 516 1053 1038 1069 910 1672 625 1295 1416 1720 1001 1126 1594 287 1791 177 1367 1170 508 1453 552 1684 1088 509 613 579 139 118 1487 16 1233 1468 237 1648 444 383 344 315 1327 1210 616 633 312 1025 503 947 112 56 507 135 170 623 1102 1112 1026 1139 1231 280
000174.jpg,550 157 517 538 1712 1255 1015 548 1537 31 1555 283 248 219 1651 109 1539 1716 1591 424 1216 1058 672 1493 166 1449 990 423 99 339 899 1278 380 562 693 1704 821 301 650 35 224 1244 1059 768 1300 1271 257 349 1583 1650 294 510 1461 796 638 533 1564 583 57 366 834 983 642 391 568 927 829 1450 1746 1245 1635 97 853 1007 1750 1002 1696 256 716 1575 185 1547 687 1307 463 525 912 1202 597 1732 1164 1713 1612 871 1790 1757 1752 985 142 1215
000175.jpg,271 209 1630 1081 686 387 743 581 1516 1427 673 1520 1710 1150 51 750 885 815 1119 8 330 962 272 1778 69 1043 110 1130 22 1016 1515 801 1401 1177 714 1254 225 347 1172 1230 1660 1206 795 435 966 1682 1339 803 1382 1470 89 571 762 1369 303 34 694 497 963 1579 959 116 388 759 305 1364 752 85 1293 754 811 1337 977 1742 1421 900 131 404 886 1787 1411 422 204 1598 499 1062 924 65 370 711 820 218 680 604 27 1758 1039 852 1759 1326
000176.jpg,213 20 1140 813 578 45 440 454 1499 253 1481 288 594 215 374 1204 1494 1082 53 1556 1328 790 1314 576 793 1045 415 1739 682 1143 1543 477 1387 317 125 1014 891 430 1318 1110 1379 1101 1160 1407 1498 1554 1376 1723 1023 1260 1624 1028 42 825 1448 607 279 1301 195 1018 649 640 220 1259 933 58 1096 1147 1076 1587 1191 1000 630 188 1031 1425 1146 1224 855 437 1022 457 1548 1532 1093 1731 1726 527 1365 399 1309 646 137 172 1606 1435 9 1517 124 1322
000177.jpg,1009 268 928 970 690 1080 1490 289 397 1724 908 1384 1024 1463 478 1707 1269 1422 217 864 771 663 281 78 1771 1699 67 276 1006 656 1681 226 1536 1273 113 681 628 29 696 1612 1201 1127 1310 1445 1538 736 824 666 1098 1107 1290 1389 717 1040 838 1078 808 266 303 97 269 1235 643 1535 935 1449 1450 912 1650 1300 1738 460 794 638 1485 1135 891 484 1519 297 1079 1396 1110 423 1255 1059 1017 682 505 595 810 694 568 202 789 1282 366 475 533 1044
000178.jpg,400 574 100 570 1722 1522 1544 1711 470 969 1166 1578 971 556 1709 1419 133 1196 1035 115 1508 1620 393 1773 840 382 1667 1497 784 843 265 728 1734 1608 1530 244 1343 954 488 1344 605 735 982 1083 1408 1649 414 61 392 515 905 1528 385 1145 373 955 980 306 1320 108 431 351 130 180 622 426 1003 1302 1071 913 645 545 942 327 1141 348 629 473 1540 1471 1232 782 1284 236 1066 202 1462 514 1661 1703 561 102 677 286 936 1150 903 1603 591 106
000179.jpg,494 1049 701 1605 733 1753 1194 1509 320 877 37 557 974 48 848 1236 398 1308 683 487 920 702 1400 602 679 956 39 239 79 805 1154 127 1299 1657 278 359 1359 609 560 461 869 831 1702 1569 1623 1772 149 446 554 126 1596 176 776 1474 107 986 60 732 428 1670 1360 247 1340 408 1118 205 598 1214 746 1647 340 930 1111 154 417 832 403 884 1228 300 316 1561 664 647 621 1077 1631 61 1383 1116 1064 586 1637 955 1457 1195 982 1339 1595 1629
000180.jpg,1494 136 195 640 989 1570 1770 1385 1395 1617 1621 1604 206 620 415 1786 1143 790 171 1328 1624 682 457 53 1556 1314 1543 576 477 891 1014 1160 1224 1028 855 1726 1110 1387 649 1554 1577 232 1022 1739 42 1125 1082 1425 279 98 188 1376 630 430 1532 892 872 332 465 965 614 818 998 594 20 213 1567 1031 1045 644 1226 215 288 793 1140 1499 1033 1288 1205 518 813 378 490 228 1000 129 1191 440 1370 860 45 1275 1297 399 191 972 607 527 1659 58
000181.jpg,1466 1180 62 651 464 414 1083 735 488 1595 426 1284 61 514 954 286 1743 1649 982 822 955 919 809 255 152 1767 1408 1320 903 1585 1335 238 1540 482 1777 660 1363 811 710 292 778 1492 1305 665 1419 926 890 529 328 1552 680 207 348 295 133 1421 473 122 270 1232 1137 1663 1711 1471 392 558 131 14 545 1037 186 431 260 470 715 130 1311 104 782 1150 400 1373 581 421 326 168 1209 1776 820 1166 1319 1454 1327 218 1050 942 1655 1700 102 1473
000182.jpg,921 1087 655 547 338 433 450 1444 755 1636 77 250 138 1652 1765 875 306 901 190 1141 327 447 106 1374 1250 130 622 913 1302 1212 1661 1344 1462 1333 645 1581 1356 605 857 439 677 236 407 372 765 483 1292 1502 546 611 364 241 1654 1393 88 173 1003 1495 1496 108 1253 783 543 1350 1789 1568 1788 351 636 1338 1469 325 52 1625 718 542 1511 812 688 1460 1398 1406 198 798 1524 1248 748 17 1727 496 1467 1185 1560 1464 1540 1257 1394 1348 1471 25
000183.jpg,1255 1007 847 642 687 257 899 185 1164 1752 1258 1127 1716 1202 985 285 693 796 1719 269 628 1616 1271 99 1612 113 736 1583 97 1278 539 1389 1449 968 1712 804 597 1732 912 142 1441 1445 391 1757 615 49 29 1564 650 1273 361 713 31 1575 1235 484 1094 1047 808 562 1300 1107 1713 1216 349 494 517 533 166 1114 460 550 538 1704 821 262 568 1591 638 525 339 1635 424 1450 1040 224 1489 983 1493 794 666 1245 1290 829 1349 1307 1310 366 1162 157
000184.jpg,173 546 1788 873 1511 820 1151 811 1609 812 718 1199 1727 1467 1338 1625 783 1048 697 496 1348 798 1394 293 1469 1436 1393 1524 711 1437 1398 917 483 479 1560 1352 513 114 1405 850 543 1156 738 535 372 1568 1460 1581 843 887 1755 1358 200 636 852 1185 277 121 859 1642 1412 342 580 1109 1037 364 1335 558 482 1137 1209 767 997 1785 685 255 1633 1590 1184 241 1749 866 1267 1777 407 564 1292 480 785 791 1253 384 351 748 645 447 358 1743 292 593
000185.jpg,1582 1553 1044 937 463 1733 1563 1717 1651 32 309 258 1600 223 1079 1188 505 1459 544 1432 360 1084 1488 599 252 40 1692 548 1714 1268 1559 957 1282 1485 1592 4 307 141 159 1640 1602 1748 775 1149 380 179 990 297 420 87 1100 1780 311 466 1066 624 1768 46 144 758 147 202 432 522 221 834 638 362 1450 1095 712 780 1505 1150 912 1120 1698 928 24 1554 415 815 1127 568 504 1486 886 150 872 1331 927 581 29 1113 1399 1556 1255 404 1143 1691
000186.jpg,336 218 14 680 468 1411 1759 1455 1330 1766 1173 1311 1473 1291 1298 1252 459 93 493 764 566 274 1678 161 1725 84 695 181 489 725 1687 1050 491 1655 1020 1562 809 778 95 734 973 101 967 369 943 1518 1170 1787 1720 1503 1242 1150 333 348 1038 552 1572 1254 1427 225 575 186 1642 852 209 1109 673 1480 462 581 51 1630 1468 385 1613 299 963 580 1767 859 404 798 28 1743 358 881 1742 1710 498 1639 711 1130 200 292 1145 277 1185 811 1598 977
000187.jpg,1369 1346 759 103 267 900 868 752 754 388 657 1758 1190 1730 1062 906 1787 169 259 1626 1477 1664 1375 795 618 1420 541 1339 51 1150 89 673 1740 1427 581 1081 1630 387 1090 686 1119 22 750 743 1516 69 1016 209 1710 1778 272 1401 110 571 885 271 1254 1293 963 435 1177 977 886 1742 1421 131 639 1337 122 1411 815 499 962 1682 919 1759 680 1382 714 1172 432 966 218 1660 811 926 1455 93 1314 14 779 820 710 34 1556 682 1515 404 1110 1470
000188.jpg,969 470 1166 1419 133 1608 1734 1530 728 1343 574 400 100 1722 1711 570 1544 1709 1578 1522 115 843 1196 556 1508 382 1773 1620 393 1667 784 971 1497 61 464 265 1083 488 954 1649 1035 414 711 955 426 735 982 1320 1335 1595 255 1743 1137 1232 1408 1145 392 292 482 718 558 1642 798 665 1663 680 852 1767 1109 811 593 277 980 286 629 473 200 431 942 14 1560 218 1150 385 905 1311 479 1454 306 480 1071 244 1173 859 840 580 1598 820 715 782
000189.jpg,839 315 73 1067 1262 160 613 704 177 456 453 442 1287 947 625 1295 1210 1684 237 633 1791 925 579 344 506 337 1027 183 87 961 1551 285 1672 148 816 844 1701 352 1038 889 1126 1434 744 1720 1182 1456 1491 1414 443 1265 1090 671 922 910 1091 806 552 1157 1088 287 747 958 509 1170 231 1737 883 1169 1392 1643 777 1645 501 1671 1256 845 1133 1321 1200 559 7 1112 1397 1697 1178 674 1468 705 606 1144 1181 1213 1026 1610 1416 1242 641 1668 637 1105
000190.jpg,1369 1346 759 103 267 900 868 752 754 388 657 1758 1190 1730 1062 906 1787 169 1626 259 1477 1664 1375 795 618 541 1420 1339 51 1150 89 673 1427 1740 581 1090 1081 1119 387 1630 686 750 1516 69 209 743 1710 22 1016 110 1401 272 1778 885 271 1254 571 963 1293 977 435 1177 1421 886 1742 499 131 680 1337 1411 919 639 1759 1682 815 218 962 122 714 811 14 93 966 1455 926 432 820 1382 1660 1314 1476 459 710 1515 1678 790 682 779 468 1172
000191.jpg,1007 687 642 847 1752 1202 985 1255 185 257 1164 99 1271 899 693 796 1716 1278 1704 1449 1732 650 736 1127 1258 562 391 269 597 1712 97 1564 166 31 339 424 1583 1612 1757 539 1389 1575 983 49 1635 113 1441 1445 57 349 804 1047 1719 1300 142 1616 1273 1591 1235 1059 1040 1107 912 109 29 1216 628 517 550 484 808 262 568 1450 361 638 525 968 1114 1290 1713 1058 248 533 829 1761 301 460 821 219 1245 548 285 666 224 1201 615 853 50 1750
000192.jpg,16 915 1431 139 623 674 118 1102 444 671 1105 1178 1157 1182 1453 1729 744 501 312 1645 225 992 552 1468 573 910 308 883 1103 1580 469 331 1720 1276 950 1171 296 889 1254 148 961 1644 1170 1551 1206 1470 411 330 1458 13 727 310 1001 184 800 1781 1264 1672 661 7 234 1233 116 849 959 1480 1420 474 1701 486 1670 282 83 1434 1391 1039 280 404 1377 962 627 600 1056 498 445 1090 1742 1158 922 1702 1316 390 82 34 1057 1038 1671 432 699 273
000193.jpg,1433 266 290 1373 158 1189 207 421 295 905 1056 1751 567 1451 800 275 243 1404 229 180 1153 1341 373 216 1304 1377 856 592 1180 486 1083 1284 414 1504 820 426 133 51 1150 811 299 416 1711 488 660 238 270 482 673 1743 1419 1540 608 400 1166 715 514 1595 348 1466 954 61 1151 809 581 556 1427 1710 735 328 1081 209 680 236 529 405 822 277 470 1649 982 570 1335 1578 115 93 459 961 241 1327 602 1408 558 14 1037 1585 728 1305 903 955
000194.jpg,690 268 970 478 1098 928 289 1009 1201 696 113 824 29 1612 628 1273 1310 1127 666 1738 1445 717 736 1107 1024 1389 1290 1040 808 766 632 838 1384 1135 520 1490 1724 397 1283 1080 908 458 1235 880 368 217 810 1078 1449 745 584 1255 638 120 269 97 266 681 38 912 1422 656 568 1535 935 595 864 1681 1249 1269 1771 990 550 891 157 482 484 460 771 67 78 1696 1017 879 1712 1536 1300 558 1110 851 1450 899 1006 1707 480 276 1396 794 253 517
000195.jpg,51 1150 673 1710 1427 581 1630 1516 387 209 686 271 1081 8 743 1520 1043 1130 801 885 750 962 1119 1515 347 815 330 1016 1778 110 22 803 69 272 1254 1682 1401 225 714 762 1230 1206 85 1470 1177 1660 1339 1172 435 795 34 371 1690 116 1579 635 89 959 966 1174 388 314 541 370 900 759 1632 1004 819 977 1329 489 47 1277 680 963 1062 1210 218 237 1678 1684 1411 161 1759 1787 103 267 842 729 1758 204 1252 925 87 14 566 571 1298 27
000196.jpg,1150 51 673 1710 1427 581 1516 387 1630 686 795 209 8 271 1130 801 1682 1043 743 1081 962 388 1339 815 1515 900 330 347 1758 759 1254 267 1016 103 803 22 885 750 1369 259 1119 1520 657 1401 1346 1375 1778 1787 225 110 1062 1477 69 1090 1664 85 272 1740 762 752 541 1206 1470 1230 89 714 754 1190 1730 1177 371 1172 435 635 1660 906 868 1626 116 571 34 1420 313 963 169 1076 1579 959 977 842 1174 1690 966 87 993 213 1000 395 399 415
000197.jpg,133 470 1166 969 1419 728 1734 1083 208 1343 1551 1598 1711 1530 1608 924 1284 426 260 514 735 961 488 827 61 886 822 318 1709 1595 1126 116 811 711 671 1150 414 954 982 1196 16 168 100 400 1363 501 1585 209 959 1720 1508 270 1106 1743 918 593 1182 1742 574 34 1311 1305 1427 238 1319 660 674 1672 1710 348 1090 570 903 1105 1408 1180 115 1649 556 1496 1157 581 432 680 1173 51 1515 916 809 955 52 152 1544 883 286 473 459 398 718 529
000198.jpg,225 1254 1470 1230 1206 330 1420 1326 962 815 1174 1579 959 1690 1787 116 720 1515 34 314 371 271 305 1043 347 803 209 581 740 1427 673 762 1150 313 1158 1630 801 324 1078 51 498 727 686 1613 1781 967 474 1339 739 13 273 627 1316 404 573 1729 331 1417 1710 1535 504 1682 47 1614 634 385 101 80 954 246 387 118 898 54 992 552 676 1025 1649 1102 112 296 935 916 881 144 462 809 623 982 1327 61 432 1742 444 708 1411 1004 1455 488
000199.jpg,1678 161 764 459 1252 93 1298 493 566 274 84 1725 695 489 181 1291 1473 1766 218 1759 1411 468 680 1330 1455 14 1687 336 1020 725 1311 1173 973 491 1050 809 1562 1655 778 734 209 1150 1427 51 581 1710 1630 208 1598 673 1081 95 1500 1743 90 1515 251 924 101 1767 711 1419 588 1487 387 1791 1711 943 1064 1327 482 827 110 470 1043 1166 572 202 271 798 115 625 292 1180 811 1196 1038 507 1773 150 1648 1720 227 1025 1388 1684 762 925 558 743
000200.jpg,494 1049 701 1605 733 1753 1194 1509 320 877 37 557 48 974 239 1623 1657 1569 1359 1154 461 805 446 1299 560 848 359 554 278 869 831 1702 398 1236 1400 1308 487 107 683 732 39 702 127 920 602 679 79 1772 1118 598 609 776 956 1111 1647 149 205 176 746 1360 1596 408 1340 884 403 930 1228 1214 664 300 1561 417 1631 1116 832 1077 647 428 316 340 126 1457 1637 60 61 1474 1196 986 982 955 247 115 1150 27 1595 1756 1408 1773 556 345
000201.jpg,1590 1755 1728 1352 543 535 346 1467 81 351 996 718 811 1398 711 1654 798 17 697 546 1609 1560 173 1511 843 820 1625 1469 479 373 976 1405 854 748 1788 241 1048 593 1248 496 1151 407 392 812 873 1436 1727 783 1394 1437 102 1348 1338 293 385 1703 545 1524 498 629 372 1145 348 997 591 1335 162 905 1743 483 1663 1581 482 1418 1393 1454 193 180 741 1030 236 356 558 439 923 186 101 622 1185 665 1270 480 327 1462 255 967 677 917 1613 1634
000202.jpg,730 1036 1718 1510 934 91 802 1251 1745 836 909 1085 1012 187 975 167 944 1280 565 1013 931 978 1479 1430 410 670 669 1128 1638 1239 907 1193 1075 1223 1099 1736 203 607 377 1380 723 1279 196 430 1478 1706 653 448 895 1211 134 858 53 1110 526 707 790 317 1143 1288 1653 1160 1447 1543 1556 1314 1124 1523 582 41 719 1452 682 833 254 576 640 1325 415 861 630 471 797 1328 213 972 569 891 399 893 614 1554 1415 675 1140 1029 1226 793 323 418
000203.jpg,208 1598 827 924 1388 202 572 590 304 459 1411 218 209 689 1455 1759 493 1427 93 14 1150 1630 1252 1298 468 680 1710 1756 150 809 51 1473 1678 764 1766 581 1166 1515 1173 274 1419 1311 461 387 1725 470 84 1050 1787 1595 1657 133 778 1330 1569 107 566 969 886 1291 640 336 673 27 292 1081 395 347 1767 422 896 1303 1343 426 61 286 488 255 359 1043 414 902 665 1154 790 624 1083 1734 728 1359 300 1512 1608 181 1649 1743 522 711 1111 1038
000204.jpg,173 546 1788 812 1609 1338 783 1727 1467 1511 811 1348 873 1394 718 496 1436 1524 1625 820 798 1393 697 1151 1469 711 1048 483 1398 479 293 1560 1199 1352 513 917 1568 1437 1460 636 372 543 1581 738 114 535 1755 1358 887 850 1405 364 843 1292 1412 1335 852 200 1156 558 1137 482 1185 277 859 1109 1037 1253 342 1642 255 121 1350 767 580 1743 1590 480 1209 447 292 241 1785 665 407 1184 1633 1767 1749 1663 645 748 76 351 1087 450 199 1454 1129 1777
000205.jpg,1682 801 1150 1043 347 1515 51 1710 673 803 657 795 1516 1427 581 1339 387 1130 1630 85 762 8 686 759 1062 209 267 103 371 900 1401 388 22 1016 743 271 815 1254 89 1081 541 1346 714 1477 962 1230 330 110 1778 1758 750 635 1470 1632 1369 1375 259 754 885 752 1174 69 868 1119 1190 1664 1158 1206 1787 1740 225 272 1730 435 34 1090 1579 959 906 47 116 966 1172 1177 842 1520 1070 1660 668 1690 963 462 1329 816 395 415 1076 790 571 1004
000206.jpg,1605 701 1049 733 1753 1194 1509 320 494 877 37 48 239 557 1702 974 732 1214 117 1154 359 340 832 805 1359 1299 1623 869 560 930 1657 1569 683 408 848 1340 461 403 831 487 278 446 679 1689 316 602 1236 920 1400 1308 398 127 554 702 417 300 956 598 1457 149 126 746 1474 884 1195 1360 107 621 79 647 39 205 609 1772 60 1111 664 1118 1561 428 1647 176 1391 1672 961 1631 1077 1228 1090 986 41 1339 797 613 388 1116 330 596 399 1596
000207.jpg,213 20 1140 813 440 45 578 253 1499 454 594 288 1481 215 53 1556 374 1082 1204 1328 790 1494 1314 576 793 415 1045 317 682 1739 1543 1143 1387 477 891 430 125 1014 1110 1160 1498 607 1318 1260 1101 1023 1624 1379 1554 1407 279 1259 42 1018 825 1028 1376 1723 195 640 1587 220 649 1031 1448 1096 630 58 1548 1147 172 437 1365 1076 933 401 1191 9 1517 1606 1054 585 124 1372 1731 1322 1000 1068 1301 855 1146 536 1570 993 1289 1573 989 1224 1425 399
000208.jpg,336 1766 218 1330 1759 468 1411 1455 14 680 1473 1291 459 1252 93 1298 493 764 1173 1311 566 274 1678 161 1725 84 695 181 489 725 1687 1050 1020 491 809 778 1655 1562 734 95 101 369 943 967 973 1741 881 1767 1518 292 1242 1743 1787 498 1038 575 348 665 1150 1720 333 208 255 1109 1598 1170 186 28 1572 780 711 1663 1503 798 51 225 1613 444 977 552 1642 144 1515 1639 1521 54 1419 1427 1166 18 80 133 580 480 385 852 1140 1676 209 482
000209.jpg,136 989 1385 1570 620 1617 1604 1624 1621 1786 206 171 872 279 1143 415 1494 1082 518 1543 477 195 682 188 1314 1328 576 1014 1556 965 891 1387 640 790 401 1336 1160 53 1033 1054 1224 1554 42 1110 1028 1739 1372 172 855 1370 649 865 1031 692 1659 232 1770 1425 1365 1022 1565 457 1532 378 1424 1395 614 1731 98 1161 1656 1593 654 1507 630 220 1259 465 1275 1045 437 430 972 1226 1567 20 1125 998 213 646 793 1498 215 678 1577 1679 1140 1073 1673 1288
000210.jpg,1432 179 309 1066 233 522 532 379 365 624 1426 302 463 1717 1733 1714 360 466 258 223 284 252 1582 1692 1651 40 194 1044 1482 1268 599 1188 1059 1485 1371 32 879 1488 1563 1553 863 505 937 420 544 1100 1698 1122 724 716 1748 1307 1547 583 957 1244 548 1459 829 1247 1768 63 928 1600 1519 380 517 29 731 150 1255 1746 510 307 221 1640 1245 1079 422 834 1127 1399 696 35 1084 830 643 1555 1691 147 1592 1493 1273 1461 1282 990 853 525 1396 1303
000211.jpg,133 470 318 1166 1419 208 1106 969 961 1598 982 61 1551 735 1196 488 116 1649 1083 918 954 827 1734 955 924 514 426 809 1508 778 1608 155 1254 1284 1320 556 1595 34 886 414 115 959 1311 1339 1530 168 1150 1343 225 1173 385 400 1305 100 903 1709 1711 728 1739 680 1050 1363 227 1720 1298 1140 1585 1672 629 552 348 1252 1001 432 1090 660 260 238 671 45 1742 1126 1700 493 1473 431 1787 1145 1544 1455 1579 16 473 1330 1427 1766 801 711 622 1179
000212.jpg,1670 679 683 848 920 956 1308 1236 398 602 702 39 487 79 1400 609 127 1772 126 149 776 1359 1154 986 359 621 461 462 27 1657 1596 395 60 247 107 1360 1569 1064 586 1228 1303 554 805 1623 428 560 869 831 422 1629 176 1299 446 1474 154 974 278 1614 826 1595 1417 324 61 348 1383 856 740 1076 218 1720 414 955 494 1218 426 680 1242 1025 1649 1533 982 1551 417 1759 1320 954 1049 557 1455 739 961 385 14 488 1743 552 93 1078 444 1150
000213.jpg,285 1351 1002 1441 899 517 539 1258 829 1245 35 257 525 821 914 510 1575 1051 538 262 853 1712 142 863 1750 157 349 1114 768 485 1485 1399 597 796 1713 1493 396 224 1047 1164 1307 1746 391 50 583 1362 550 1244 1255 1220 916 476 49 693 1583 1732 1696 33 1215 1691 562 1635 1342 990 871 804 894 301 1278 1235 1612 925 185 1752 912 1040 533 1456 1719 1015 736 1616 650 957 716 1716 1127 666 222 113 472 1757 641 1287 153 166 109 311 1519 1461
000214.jpg,144 54 80 634 916 1677 606 504 350 780 4 1643 1705 911 828 521 1113 1697 1327 112 817 1025 631 1144 1391 1597 1735 1668 87 705 1207 740 1133 1235 737 769 1572 345 313 619 1158 1091 24 1787 449 1181 845 1176 1390 348 104 333 1791 1614 870 747 962 1242 950 625 1684 1287 1090 621 388 1150 581 507 575 1720 925 337 1518 1040 186 385 613 1515 51 1703 777 673 1296 1427 56 225 1339 579 237 633 218 680 1295 453 177 456 1076 1758 591 1038
000215.jpg,173 1788 546 1609 812 1338 873 811 1467 1511 783 1727 1348 718 1394 697 496 820 1524 1625 1436 1151 798 1469 1393 711 1048 483 1398 293 479 1199 1560 1352 1437 917 513 543 1460 1568 372 1581 636 535 114 1755 738 850 1405 1358 887 843 1412 364 1037 1156 1292 200 852 1209 558 1590 1335 342 1185 277 241 482 767 1137 859 1633 1184 1749 1642 1267 1777 407 866 580 785 121 1109 255 447 564 1253 748 351 645 791 1350 1743 480 439 593 1654 888 236 1141
000216.jpg,33 914 1342 396 476 1441 262 485 539 354 1258 1051 1114 1575 1768 1331 1307 1748 307 829 1245 510 35 1244 1746 863 1493 1002 899 1750 853 583 821 1461 1519 525 349 301 391 957 1640 1547 597 157 716 285 1698 724 517 50 49 224 768 423 834 1732 420 562 1255 672 731 1696 1215 1188 1100 380 544 538 1485 1164 1705 879 153 1555 533 1399 1300 1015 1445 693 1127 1583 1712 424 894 550 1459 366 1713 109 31 990 666 1176 1691 916 871 257 1351 29
000217.jpg,992 1729 1264 13 1781 727 627 1316 273 474 951 83 118 552 444 1468 749 1715 70 910 1102 1170 1720 915 623 573 1038 950 1105 1157 1518 296 312 1171 1480 1431 331 308 1178 1103 1458 16 469 1644 744 674 1572 1503 411 148 287 823 333 889 1182 923 1126 1671 234 1658 1112 671 661 186 961 1434 1701 1551 348 139 1030 1645 163 498 593 1703 591 600 1276 385 1242 763 575 967 184 849 883 104 828 1594 778 193 1453 101 1025 1057 501 809 1613 1327
000218.jpg,1259 1018 291 1409 678 363 1565 1365 654 646 692 1731 1161 172 220 658 1336 865 1424 1656 1054 1121 401 1435 1659 1372 518 995 1134 1615 1721 1784 1073 201 1685 10 1191 242 137 1618 394 1357 1744 772 279 245 378 1529 1237 1260 1183 722 427 1322 1593 1198 1413 536 626 1 1624 753 1315 993 1093 1246 42 1589 1548 1507 437 703 332 1567 904 1573 519 490 825 577 124 98 263 700 1429 1769 1587 756 1240 232 1224 249 1747 94 254 1023 1379 334 855 1574
000219.jpg,1582 463 1733 1553 1651 309 1044 258 1717 223 252 937 1563 548 360 1692 1432 505 179 32 1188 1485 599 1488 544 1600 40 141 1506 1714 147 1100 46 1079 957 1268 380 1459 624 150 522 1084 896 302 202 1388 4 1334 1592 862 721 1640 1698 307 1399 475 1780 365 1559 453 87 233 1397 572 570 834 1748 420 63 304 1675 24 1282 1779 830 641 297 1602 1261 872 221 1691 780 1527 775 1159 1426 1554 1782 1149 219 159 676 285 311 28 902 283 1066 30
000220.jpg,998 972 1108 409 129 1052 228 1226 1288 59 644 1381 897 465 490 614 1567 1246 1033 1507 904 620 1593 1 1110 1160 1322 722 245 1529 891 1014 1315 1435 10 1548 201 872 1260 1370 1618 137 1410 1659 1721 1589 1161 1543 682 772 576 1413 865 1328 427 1556 53 1357 1183 1314 678 692 1784 334 1429 790 263 415 437 195 394 1624 42 1673 1574 1240 1297 577 756 1679 20 855 700 378 1573 353 1289 1140 1143 1022 1096 213 793 1499 1125 9 288 594 519 1224
000221.jpg,580 859 1109 1785 1642 1185 852 200 358 277 21 121 685 384 997 1041 1571 1129 11 381 773 386 199 843 873 774 192 1151 820 1511 114 811 1137 1335 558 255 1156 718 5 798 917 711 482 292 1199 293 1560 546 342 665 850 479 480 1405 1625 1609 1788 1743 173 841 945 980 1454 1467 495 404 511 81 963 1398 1092 1767 499 1765 1437 1232 1663 1368 1545 18 513 942 1775 1048 629 1472 447 688 1408 62 1566 1150 977 1742 1590 61 1444 1411 1455 561
000222.jpg,352 787 310 343 844 1645 1701 1491 922 148 883 1200 501 7 889 1178 961 1182 744 1551 1671 1434 671 90 1672 849 1580 184 1126 674 1500 1157 287 411 251 1142 1038 1088 1607 588 516 1416 509 1105 1053 1367 949 1069 910 135 1720 1170 1276 508 383 1594 1487 552 600 1001 503 1242 1468 164 1112 1233 337 139 950 846 1306 1648 1453 625 528 1791 1295 747 1231 16 111 1139 1684 3 1133 444 1697 1090 706 507 613 56 1438 1180 177 104 445 6 280 237
000223.jpg,916 634 80 54 144 1677 606 504 350 780 4 828 1144 1705 1597 1735 1668 1697 1235 112 1113 631 1025 845 1091 1133 817 769 1327 521 911 345 737 777 1391 870 1256 443 619 1181 1040 1176 747 1392 806 958 104 740 1737 1390 1265 449 1572 559 140 1158 1203 313 950 282 1787 1005 1674 708 621 182 962 1414 1514 438 763 1296 691 1397 1643 348 947 333 1032 237 453 1614 925 445 1039 1213 1287 1295 225 1551 385 1720 625 632 591 324 337 1684 292 1743
000224.jpg,136 989 1385 1570 620 1617 1604 1621 1624 1786 206 171 279 872 1494 1143 415 195 1387 1328 682 1314 576 1543 518 1082 1556 790 53 477 891 640 1014 1554 188 1160 401 1110 1054 1224 1336 1033 1028 965 1372 1031 1770 1739 42 172 1395 1370 855 649 457 1659 614 1022 865 630 232 692 1425 1532 465 1125 1376 1365 98 1161 644 437 1226 1565 1577 1424 213 378 793 1726 430 998 594 1731 1288 1498 1045 1567 1259 1023 20 972 1593 646 1140 1507 129 220 332 215
000225.jpg,283 248 219 548 1539 109 1651 538 550 157 1255 294 463 517 1537 1015 1712 31 1555 768 562 899 1591 693 650 1790 1002 1716 1583 424 349 1058 796 1300 638 366 99 257 568 1704 185 57 525 1216 983 597 533 1564 539 1114 985 1635 1493 1582 1271 821 1696 391 262 1732 1215 871 1164 1258 672 50 484 1575 912 423 142 1713 49 1278 1757 380 1441 583 97 1752 642 1047 1612 687 990 166 1059 863 1245 35 269 879 396 1202 1307 339 224 485 847 510
000226.jpg,310 787 343 352 1645 849 184 90 1607 883 922 251 1500 1200 1491 1701 516 844 7 1178 588 501 1069 1142 1053 949 671 148 1182 503 508 744 1580 674 889 1487 1671 1416 1001 1157 411 1648 1105 706 1233 1453 961 509 1367 1594 1276 1551 1672 1434 1088 383 600 64 56 135 507 139 1306 75 164 1038 1438 1126 16 3 337 111 1242 6 960 528 612 625 118 910 1231 941 1139 1295 444 1791 1720 1057 211 1634 915 1286 623 312 1026 1207 552 1102 1170 1684
000227.jpg,326 715 786 709 977 963 639 499 604 122 421 1421 131 710 1641 926 445 280 779 282 328 929 1039 890 919 1776 1419 946 133 470 662 1619 691 441 799 287 1083 1221 1492 464 414 390 1166 1025 563 1327 603 991 1296 426 1556 969 1354 488 1686 680 900 735 954 213 1743 1476 1483 1081 759 151 53 61 1180 728 14 1311 809 1150 415 1314 66 790 51 1595 412 1570 1284 673 112 186 1466 1649 1345 989 481 1339 1113 1526 178 209 581 711 811 1711
000228.jpg,1573 577 519 124 700 756 1429 1240 1198 427 119 781 1183 1357 394 1289 1260 1784 772 993 376 1587 646 678 172 1365 1731 1721 1409 585 1259 1018 1054 220 401 536 437 1372 654 1336 9 1673 518 1548 1322 334 1023 757 1 722 1574 353 530 1424 1435 1606 1517 537 1191 865 1565 1659 1747 1161 1121 692 1217 770 1225 658 1618 245 279 1413 1096 1615 1498 1679 1624 213 1063 1068 1134 1205 189 1073 1556 1297 1237 790 1076 793 291 415 201 10 1147 53 1314 1031
000229.jpg,316 598 746 647 300 884 408 930 1340 403 832 1457 340 1195 1647 205 732 1111 1116 1118 1077 664 1165 1702 898 1561 1631 1637 417 1417 1214 359 239 48 37 329 877 117 1154 461 1753 1657 487 602 1299 1359 805 831 1194 494 869 560 320 733 1569 1509 1689 278 1308 1360 1772 422 848 1623 176 1236 554 446 683 61 1605 398 1400 982 955 1595 1228 701 107 920 735 1049 1756 15 956 426 1408 1670 557 1083 330 1649 954 414 679 79 27 1320 488 702
000230.jpg,228 465 614 1567 1288 644 1110 1160 1226 490 1052 891 1014 129 897 1381 1543 682 59 576 1314 904 790 1556 53 1328 415 998 1507 1143 1246 1 1322 1739 1593 245 972 722 1554 1435 1108 201 1618 10 1260 1548 137 630 1494 42 1532 1123 1387 1659 1413 213 195 409 1624 20 865 640 334 1031 1315 1161 793 1140 678 1529 1370 594 1429 1259 1425 477 1082 437 1770 1372 700 577 1379 1018 1673 172 206 1721 620 1499 1240 401 1570 1589 1225 1183 1679 1318 1054 125
000231.jpg,1663 1767 665 1743 1454 18 292 480 255 495 1335 558 482 1137 945 511 1368 629 1145 385 1703 348 342 591 19 1060 186 652 515 1403 72 1156 1676 392 980 1601 61 319 1649 711 1320 955 798 954 488 873 1560 820 62 942 852 1151 192 1408 982 1232 718 1083 1511 811 479 1566 735 426 81 1614 952 244 1041 277 1595 200 414 1455 593 1109 431 545 358 1219 843 1603 1642 1700 546 859 199 1167 473 1185 680 5 1166 213 1311 580 1571 1625 1180 468
000232.jpg,1196 1508 556 393 133 1711 1773 1620 115 265 1035 784 1001 400 1608 1734 1497 1233 1578 1419 208 1667 1530 1544 111 1166 470 549 971 728 100 918 1343 1088 1739 735 1416 570 574 318 1551 7 969 961 640 1709 1106 1598 227 488 509 1491 1112 635 1522 1356 61 827 106 953 168 924 982 501 1570 671 891 135 886 954 383 1083 755 856 514 1672 402 1200 1604 1150 1050 1595 1525 1628 382 622 1209 682 809 1556 1126 155 1617 1722 1725 1252 531 1298 5 1427
000233.jpg,1718 730 1036 91 1510 1430 1099 1085 934 653 802 931 707 836 1745 410 975 1128 1251 1447 203 669 187 1012 1013 1280 355 565 858 298 1653 1479 1223 377 1211 526 670 909 196 1193 1638 719 1279 448 399 607 1523 1423 1736 1478 167 134 1706 132 944 430 978 895 1694 907 53 640 569 1075 317 213 675 1452 1110 582 861 1239 1226 1000 723 1140 793 790 972 1147 455 1160 1150 630 680 1143 415 1076 1532 833 465 1288 71 1314 1311 938 41 1543 1166 1425
000234.jpg,299 1504 1503 637 163 1480 405 1312 1774 788 751 1688 1168 1138 1646 193 1588 1270 867 162 923 1697 1030 741 1171 345 1133 1170 552 1468 1175 1720 280 521 1039 592 910 1327 747 390 1025 445 828 559 1091 1038 1144 54 112 961 80 282 1391 348 817 823 845 373 214 1113 1392 777 1668 806 1139 619 905 1551 674 911 744 523 186 1643 1296 1680 809 1181 962 443 1665 1518 844 1779 1178 313 958 444 1256 680 992 705 1083 1672 14 631 563 1373 1207 1705
000235.jpg,404 96 432 1742 886 1787 28 1521 1173 1639 1110 1398 1560 225 798 1226 479 780 4 1339 1254 891 1150 1314 1556 644 711 1543 708 1328 977 1625 1288 1160 963 218 682 680 231 195 386 640 1014 395 665 465 698 1455 336 347 1420 381 462 576 1311 1766 1609 292 490 1427 53 14 1143 790 228 305 227 1190 634 324 916 1770 415 358 1123 27 1548 739 129 1767 1467 489 1043 144 204 1743 468 718 837 1031 1759 1512 1321 998 1062 984 754 547 1473 932
000236.jpg,133 470 208 1419 1166 969 1598 961 886 1608 1551 1083 61 1734 1311 680 1150 1742 1343 809 827 488 728 924 1530 1711 116 982 432 514 426 1298 1252 735 711 1196 1595 318 14 1473 1284 1427 1173 459 1330 493 218 501 51 954 1649 1720 671 93 778 1710 34 1126 1106 414 674 1759 115 479 1709 955 1585 286 903 209 1455 260 404 468 764 1766 918 1339 1678 1411 822 811 556 1363 581 1787 660 798 977 1508 400 1672 1076 1743 168 673 238 1305 399 1630
000237.jpg,167 944 670 1239 1380 1638 1075 1124 1736 1325 1523 448 254 134 471 410 455 1010 1769 893 323 1197 569 1694 1029 526 858 146 861 907 1193 1211 1653 1280 1452 1611 156 1478 807 978 1693 601 203 1128 94 1073 1706 1424 553 1251 742 44 1479 1365 321 1134 1615 684 995 1744 565 865 1484 1259 1301 1731 249 536 1266 1093 1294 436 987 172 1121 128 719 1659 646 1222 658 753 263 993 1430 1031 965 1023 703 723 1685 58 1085 1223 931 1068 909 1387 1376 825
000238.jpg,133 470 1419 1166 969 1711 1196 1608 100 556 400 115 1508 1620 961 1578 1773 1734 1551 1530 728 1343 393 1544 671 574 1709 208 61 735 501 1150 265 570 1083 488 318 918 1581 954 711 762 1598 1106 982 514 674 1284 88 784 1667 1252 1710 51 426 1427 155 1001 1157 883 459 1722 1743 886 1209 1678 1453 1311 1298 489 680 655 493 209 1408 798 116 1672 93 1595 1491 1126 1739 827 7 1720 382 1182 16 1515 1105 1087 106 1339 1556 673 718 398 602 1292
000239.jpg,213 20 1140 813 1499 578 440 45 288 454 253 594 1481 215 374 1082 1204 1556 1328 53 1494 1314 790 1045 576 415 793 1739 682 1143 477 1543 317 1387 125 1014 891 430 1260 1110 1259 1498 1160 1018 1023 1318 220 1624 42 1554 825 1448 1376 1028 279 1379 678 1101 933 1587 1731 188 646 649 1147 1435 1365 1723 58 1096 1191 137 1407 607 172 640 1548 1076 195 993 1146 530 1000 527 1022 1289 1673 1263 10 437 1425 1031 124 401 1309 1413 1606 585 577 1054
000240.jpg,1380 1075 944 670 1239 167 1124 1638 1736 1523 1325 448 471 254 1769 410 134 455 893 1197 156 569 1010 323 1029 1193 978 1452 907 1478 684 1693 601 807 1211 436 553 1706 526 1484 1251 94 1694 995 858 249 723 263 203 44 1653 1128 321 1280 1222 987 753 909 1762 1294 1479 429 565 1430 861 146 965 1447 1033 1423 719 865 931 187 1659 1615 1085 1134 1259 1266 1611 620 1365 1223 972 692 1744 36 742 707 1012 1110 399 1424 1656 1117 1099 172 1314 355
000241.jpg,133 470 969 1166 1419 1711 1608 208 1508 1734 711 1196 728 735 1578 1598 115 1530 1709 886 556 827 1150 488 400 1343 1773 961 209 61 1551 798 1620 1427 924 1408 1001 318 1083 1742 671 100 954 404 265 1710 393 426 432 1739 51 479 1311 811 682 1106 1143 1556 1252 1298 762 1232 473 459 1314 784 1595 640 680 1678 227 674 581 574 570 982 918 1173 493 1667 1659 1233 1649 93 1725 1497 602 1625 1284 415 501 1658 673 489 718 891 1035 1630 53 1786
000242.jpg,1551 1672 961 1126 1434 287 1112 910 1458 1038 1720 1170 148 552 889 1468 744 1157 1701 1105 1671 1182 411 844 674 671 352 501 1178 883 1645 1715 1580 118 1242 922 1491 1518 1102 1658 383 16 509 310 444 1453 1088 1276 7 1200 575 139 950 838 3 623 312 1001 1480 1090 992 1729 1416 135 637 600 1233 705 1643 528 1572 333 915 90 343 787 1171 111 1306 1103 1367 1503 70 469 1039 1025 1594 1588 1264 1032 849 104 445 1644 1500 1791 184 182 661 1327
000243.jpg,1551 961 1672 1126 287 1112 1434 1458 910 1038 1720 1170 552 1468 889 148 1105 1157 744 674 1701 671 1671 1182 501 118 844 411 883 1715 1178 16 1102 1645 1658 352 139 1580 1453 383 922 950 1001 1518 838 1729 7 1233 992 135 1276 1491 509 623 444 637 1200 1242 1088 1480 1367 310 70 1306 312 1416 111 915 575 1264 6 83 1446 1781 1316 1057 3 273 705 627 234 600 1171 1103 1643 1090 1503 333 828 727 528 1594 1572 474 104 214 787 549 13 343
000244.jpg,969 470 1166 1419 133 1608 1734 1530 728 1343 1709 100 1544 574 400 1722 1711 464 382 843 1508 570 115 1035 1196 479 1522 1578 784 1667 1773 952 980 1560 1566 393 265 556 1219 1620 1736 1497 971 942 782 711 473 61 1638 1700 1649 682 1143 431 798 735 1320 1083 1603 954 1314 1543 858 1398 1145 488 1232 1106 1786 955 318 329 1251 97 1110 1556 982 25 269 1239 426 395 206 1328 81 244 167 1452 70 1408 811 944 593 1595 629 891 773 1173 511 414
000245.jpg,408 340 930 1340 1195 316 832 1457 403 300 647 732 746 884 598 1165 1702 898 417 1417 1647 1111 1214 205 664 1077 239 1118 1561 48 1631 1116 1637 37 329 1689 877 117 320 359 15 733 422 1753 1194 1509 956 683 679 494 848 708 920 974 61 1078 1551 462 1236 955 504 1408 982 602 426 1308 27 487 1154 330 1083 1400 1232 1649 1672 385 418 735 324 1595 398 1090 701 41 797 1158 961 739 954 980 1320 1299 1147 1670 831 1145 1391 127 1666 488
000246.jpg,598 746 1647 647 884 205 300 316 1111 1116 1118 930 1077 408 1340 664 403 832 1561 1457 1631 1637 340 1195 732 1702 417 1165 898 1417 359 1214 239 48 329 1657 37 461 1154 1359 805 1299 278 1569 560 869 831 446 877 1753 494 1360 117 1194 602 1623 176 107 733 1689 487 554 320 1509 1228 557 1049 1236 61 1400 79 1308 398 1772 1595 848 702 982 735 920 683 955 15 1083 1408 422 701 426 1232 1605 956 1474 1056 39 1756 1339 414 954 488 1090
000247.jpg,1260 213 20 1322 1140 813 722 578 1556 1548 53 1 1499 253 1328 440 45 790 1314 288 1435 1018 454 1259 594 137 317 1082 215 1494 793 245 1481 576 678 1387 700 10 201 1618 374 1204 682 415 1739 1721 1673 1567 334 1543 1784 1409 1110 1574 1429 1240 1143 1357 577 1183 1573 124 519 437 490 1014 394 1365 1160 891 1045 756 1413 427 772 1289 1587 220 353 993 1731 1498 607 1198 125 646 904 477 172 1225 654 1589 781 430 536 1023 1161 1679 1372 1624
000248.jpg,1689 239 1214 117 1702 37 1666 486 877 832 699 494 732 1195 1457 648 408 320 1417 340 733 403 930 48 300 856 487 1194 316 417 1718 1753 82 836 1299 1510 598 560 1013 1340 1190 1528 895 1279 91 906 1158 183 805 831 139 16 227 1730 205 936 1136 975 1509 1036 444 1512 869 586 961 1670 61 1551 1160 1027 1111 582 43 465 204 1233 552 608 1083 1140 955 746 837 214 934 679 23 819 730 956 623 1306 1175 1110 754 504 1128 303 266 810
000249.jpg,1151 820 1511 873 811 718 1625 1437 798 173 711 546 1788 114 1048 479 1560 1398 293 850 917 1609 277 852 200 121 1156 1199 1642 685 1467 859 1727 1185 1137 580 482 1335 558 342 1405 843 513 1109 812 255 997 697 384 480 1348 1785 496 783 358 738 1469 1436 1743 1352 292 1393 1394 535 1454 945 665 1037 1412 1524 1338 511 1209 1368 1358 21 1184 1663 238 1767 1755 514 1363 529 1284 1267 660 791 1749 1581 483 1552 1633 11 1557 564 1305 18 888 543
000250.jpg,1551 961 1672 1126 287 1112 1434 1458 910 1038 1720 1170 552 1468 889 148 744 1701 1157 1105 1671 671 674 1182 1715 883 501 411 1178 352 1645 118 844 1242 1518 1658 383 838 922 992 950 1580 444 16 1102 1729 1491 509 3 7 1453 139 1001 1276 1233 1264 1088 135 1480 637 623 575 1200 70 310 1416 1781 111 333 273 627 1316 1171 727 600 83 1503 1367 1643 705 1090 1572 1306 474 787 343 528 1594 312 13 90 915 104 6 1032 426 823 828 182 299
000251.jpg,1670 679 683 956 920 848 621 1308 149 127 602 398 1236 126 702 487 27 1400 462 60 1596 395 428 247 239 1299 805 560 1702 869 79 986 359 1154 1064 494 609 1359 1303 278 461 831 1417 586 1360 1474 422 1569 399 1605 961 826 1228 405 1049 1194 385 1657 486 648 117 1504 39 205 1623 1743 637 320 29 1677 134 565 832 348 1753 733 701 1214 61 37 1663 1076 1339 1031 554 299 1551 418 216 1772 403 107 1111 1388 676 1235 856 292 1298 1252
000252.jpg,803 1043 801 1515 347 371 762 1150 1710 51 673 1630 1427 387 581 209 1516 1081 743 271 686 34 815 1130 1579 8 1682 750 959 330 47 885 962 116 1119 1778 110 225 1520 668 1254 22 1339 1016 272 69 1470 1177 795 1230 1158 1660 1206 1172 1401 819 760 85 435 729 932 966 145 1277 204 388 1758 635 900 1787 89 977 1455 1512 759 680 1411 1070 1034 1329 963 218 1759 468 14 1004 809 375 837 1443 1678 1330 1632 1252 1473 1311 493 208 274 778
000253.jpg,992 1729 1715 552 1264 1468 1781 83 727 444 13 627 118 273 1316 474 910 1658 1170 1720 70 1102 951 623 1038 1171 950 915 287 1126 1105 1458 749 148 1157 1178 889 744 1480 1701 573 923 1182 1518 1671 16 674 1431 961 312 1112 1434 1551 1276 1672 1645 1030 296 411 823 1103 600 1572 671 331 787 844 352 184 469 883 501 1503 139 164 1453 661 849 593 186 1644 1688 343 763 193 308 310 697 333 348 104 811 616 1242 282 1090 1139 1083 385 828
000254.jpg,1728 351 1590 1654 17 346 535 1755 748 81 407 976 697 241 1469 1248 162 741 373 543 1138 996 193 923 1418 854 1270 1352 1030 392 372 1727 1168 1774 496 102 1688 812 751 1405 1634 843 622 1462 364 905 1436 1348 783 180 236 593 106 545 439 546 1581 498 293 857 173 356 1665 1394 1356 1540 101 677 1139 881 327 444 282 660 155 523 623 967 1496 943 917 1412 1324 778 1741 306 873 1305 811 1633 918 1471 1613 270 2 1141 1284 915 1335 809
000255.jpg,470 969 1166 1419 574 400 100 1722 133 570 1711 1544 1522 1578 556 1709 115 1196 1508 971 1035 382 393 1530 1773 1608 1620 728 1734 1497 1667 784 265 1343 840 843 735 1083 954 488 414 61 426 1408 982 1232 955 1595 1649 1320 473 942 980 811 782 711 244 431 1700 1284 1145 593 873 952 1566 718 1743 903 683 286 1603 1471 1663 920 629 351 1150 1540 798 665 209 292 255 392 1335 1767 820 385 398 241 404 1037 127 1585 886 673 348 514 482 609
000256.jpg,133 470 1166 969 1419 208 961 1551 1311 61 1598 1083 680 1608 514 426 1173 116 1284 479 488 735 1150 982 886 1649 809 34 954 711 318 1530 14 955 1734 1106 778 660 1595 1455 1252 1710 1305 238 489 827 924 803 1363 1759 501 445 1427 1126 1298 671 1473 762 432 468 822 1742 903 414 218 1743 728 1711 1339 347 1330 1585 798 1720 16 1678 260 51 493 1140 227 1343 1766 213 459 404 811 1196 1411 1515 1579 674 977 1709 45 529 695 918 1320 1739
000257.jpg,1068 1096 933 1031 1448 1023 1317 993 1606 1517 1587 585 530 353 1225 1747 1679 537 1147 1237 757 1263 1045 770 1076 9 189 527 437 1063 1289 124 1673 781 334 1309 519 1146 1574 1548 1217 1198 1573 399 646 577 191 132 1297 1365 876 1000 71 1731 215 1260 1424 536 58 1240 220 1259 376 1615 1205 172 1073 1018 1134 756 518 700 401 279 119 1336 1054 1429 1624 213 675 865 42 678 594 418 1121 41 1140 1191 253 288 1570 1204 20 427 1659 1494 654 742
000258.jpg,1689 239 1214 117 1666 1702 37 1417 1457 417 832 877 1195 408 930 732 648 48 320 494 403 486 598 1340 300 340 316 699 225 1254 1021 23 1320 1510 61 936 1509 955 1649 982 898 1718 733 552 333 444 836 1111 1528 1194 1670 1235 1753 746 205 116 1136 488 214 1013 954 1551 1468 1720 1083 487 431 414 385 1036 1572 82 1279 504 1595 1787 1040 305 1703 780 43 91 679 676 1518 330 1154 1359 895 819 740 621 1613 1128 1339 426 980 975 1647 465
000259.jpg,634 54 916 80 144 1677 1705 350 606 504 4 780 1697 631 1144 521 828 911 817 1668 1327 1113 112 1025 1133 1643 1391 619 1091 845 1597 1176 345 870 1390 777 1735 1181 1235 87 747 443 1572 1256 1392 1737 705 737 1265 806 958 1207 559 769 1158 1203 950 1005 313 740 104 625 282 140 1039 1296 691 962 337 613 1397 449 1791 633 388 1787 579 348 445 1674 1150 581 24 280 29 177 666 1758 51 1339 1427 696 1295 673 333 621 1040 1090 1614 1720
000260.jpg,687 899 693 1255 1007 185 642 1752 847 1202 1716 985 99 1583 538 349 257 562 1704 650 1258 796 550 1271 1278 1164 31 248 283 424 1127 1732 109 1564 597 1235 1712 539 97 1612 1575 736 1114 1216 1719 142 1757 1273 391 219 1616 269 1651 166 983 157 57 1300 339 1591 1040 1047 804 484 49 29 1059 1635 821 548 1445 113 1441 1449 1713 533 871 1058 1493 517 638 912 568 1450 1051 525 366 460 1389 628 262 285 1696 1245 808 1201 968 768 1002 794
000261.jpg,101 734 95 369 809 778 943 881 1741 967 1050 498 1613 1330 1473 1655 1291 1766 491 308 336 274 218 493 14 1173 680 1252 1298 1411 93 1759 459 1455 725 1311 468 84 764 1678 566 695 161 489 976 1725 444 1562 280 552 282 106 622 318 371 1540 348 1020 1327 108 236 225 327 1356 445 52 439 1703 1468 857 181 660 1462 1729 1720 1471 116 34 1206 1106 655 1579 270 977 1284 1743 212 1305 992 903 241 186 407 1687 1688 385 563 593 1598 330
000262.jpg,1242 575 170 1296 345 1500 1518 251 588 1572 507 1038 1487 90 333 1207 1142 691 1607 1648 445 56 1594 1039 310 1053 1720 949 280 75 1181 1170 516 1133 1069 1526 503 508 994 443 1697 104 1256 1144 1668 777 1091 747 1392 1026 282 806 1686 958 631 1178 552 3 1113 182 705 1025 1032 910 1005 337 357 1203 559 911 64 1327 849 1265 845 1791 828 240 24 619 1491 1468 218 1455 563 1737 1411 468 501 1759 787 680 74 343 1551 80 14 287 54 744
000263.jpg,1433 266 290 1373 1189 158 905 1056 421 800 180 229 1751 295 207 216 567 275 1451 1304 243 1404 1153 1341 373 1377 592 856 486 416 608 1180 1504 820 133 1083 299 1243 1151 488 811 699 1528 414 1166 1743 954 1578 1711 61 426 1150 328 482 637 51 558 735 1649 405 963 673 200 1419 715 277 1642 348 581 1663 586 1335 1284 255 556 238 955 115 662 982 1196 1466 470 514 604 680 1408 843 799 1511 602 852 728 480 809 665 1619 1503 14 1427
000264.jpg,133 470 1166 1419 969 1608 1734 1106 318 1530 728 208 1343 1598 1196 1508 827 61 982 735 115 556 809 924 488 1298 1252 1709 1083 400 493 918 778 1649 1595 1551 459 1711 426 961 1173 1150 954 1766 100 1311 1544 1773 116 1330 155 1473 955 680 93 711 1620 801 34 227 265 479 152 489 764 431 1700 1320 14 1212 803 570 1339 514 1515 1639 1678 1411 574 798 218 88 1710 762 51 1521 393 1455 274 1578 1254 1050 414 1179 886 1759 1356 209 468 695
000265.jpg,847 269 780 285 1127 4 1255 736 891 1273 1445 899 912 628 928 465 484 257 97 1031 29 460 1556 142 1612 462 1040 576 693 990 638 1310 1235 113 1712 1014 1047 1201 195 1449 682 666 1624 1328 1258 1007 1110 1583 1226 696 1314 1288 415 1504 1450 1750 20 1543 224 1719 985 1271 1260 642 1009 1096 1164 1113 796 213 1245 538 644 568 687 1757 539 349 1587 879 1713 1317 1107 1570 804 550 1114 1140 1051 378 1696 490 933 1396 1572 144 307 1743 1548 794
000266.jpg,1761 1449 1255 1712 899 349 1059 307 1583 1651 1051 562 452 957 153 1485 548 544 109 1331 1122 463 693 1114 1768 1635 460 1640 224 1748 1696 1575 1399 1188 637 257 97 484 1493 1713 142 1719 1750 50 1504 879 1215 256 1312 794 1235 1040 638 1127 1612 796 24 1245 1244 219 821 1716 650 736 505 1733 391 510 838 1047 35 423 49 475 1342 269 1164 179 912 1278 829 643 595 568 1445 1258 525 1273 476 424 550 835 597 1396 1432 283 31 1732 990 214
000267.jpg,1761 1712 1255 1449 1059 548 179 1651 463 452 550 256 1122 109 562 899 153 219 1583 283 637 349 957 879 1696 157 224 307 1504 248 1485 538 693 517 544 1271 1640 257 142 50 1215 31 1635 1051 1555 1188 1047 1750 1713 650 1399 1716 1539 894 1612 1331 1493 380 643 46 505 821 1748 1482 424 1733 1575 871 49 1164 525 1591 1445 423 1757 796 147 391 24 185 214 510 835 1244 1015 1245 1312 1768 638 35 597 475 1216 1278 299 1432 166 1090 57 983
000268.jpg,621 126 127 247 428 1474 1064 1596 149 60 609 986 974 1670 348 385 186 679 1614 398 591 1400 1236 920 39 826 1703 956 1145 319 333 683 1676 848 652 1403 702 79 154 446 1308 629 72 602 1518 54 1303 1663 1743 144 462 395 80 27 1025 1296 1767 1113 780 1480 1327 422 1569 218 4 575 1207 74 680 14 107 487 470 1359 1572 665 1154 1076 1504 468 1655 1759 405 1242 925 1711 13 1049 1038 740 459 93 359 1228 1506 1657 1235 112 1473 556
000269.jpg,916 634 80 54 144 1677 606 350 504 780 4 828 1705 1144 1597 1735 1697 1235 112 1113 1668 817 1025 631 769 521 1327 911 1091 1133 845 737 345 777 1391 870 1040 619 443 1256 1176 747 104 1181 958 1392 806 1572 1390 1737 1158 449 740 950 559 1265 140 1203 313 1787 182 621 282 962 1005 1674 1414 763 1032 708 691 438 1397 1296 947 1514 348 333 237 453 385 925 225 1039 591 1614 1295 315 445 1684 1643 1551 337 625 1720 1703 1046 1287 177 721
000270.jpg,80 54 634 916 144 1677 606 780 504 4 828 350 1144 1697 225 112 1705 1420 1025 1113 1327 817 521 962 740 1235 911 1735 1668 1133 1391 1254 282 1091 1572 631 1597 845 313 1787 104 345 708 1158 777 1470 1040 1614 747 621 324 950 330 1206 280 1039 445 632 769 727 498 1181 1703 958 13 1296 737 1613 1230 1171 691 348 333 1392 1666 1397 1720 186 443 806 385 1256 1643 815 444 591 552 1176 763 739 1414 623 1468 101 1688 1005 967 943 959 390
000271.jpg,404 432 1742 96 886 1787 1254 680 28 798 225 218 1173 711 1150 1427 1759 1339 811 1560 665 1455 14 1311 977 1411 1743 718 113 292 479 1556 963 1090 468 1110 1473 144 780 1767 916 1330 1398 1625 195 51 581 1766 1639 820 891 29 395 255 1521 634 962 1614 1515 1043 462 1260 1630 1548 673 80 231 1543 1314 1226 209 696 54 27 4 752 334 1511 682 1710 1663 381 1183 809 795 61 1014 1041 499 873 1328 1570 347 1129 208 1166 439 350 628 1107
000272.jpg,706 508 1053 949 1069 516 1332 1607 1142 64 588 251 1500 90 503 1487 1648 1438 75 507 56 960 612 1139 941 310 182 1032 104 3 1242 1665 1550 111 211 1634 1008 1594 575 849 1088 383 352 1701 135 1491 1782 1038 1207 787 5 7 509 549 1286 1200 1001 1416 1026 1446 1136 922 1367 769 999 1735 1233 1306 337 459 275 1514 1298 343 493 1720 184 333 806 1252 1005 389 1050 1057 1791 1243 809 1525 1518 93 1272 1104 6 231 1551 1213 883 1231 1392 218
000273.jpg,687 1202 185 642 99 1007 1752 985 1716 693 248 562 1704 899 1059 847 1271 796 1164 257 109 1278 1255 650 283 31 1564 424 1732 548 349 57 166 597 538 550 219 339 391 983 1216 1583 1712 1258 1591 1651 1449 142 539 1575 97 1635 1047 638 1757 1300 269 1114 568 157 1235 525 1058 1441 1761 49 484 1040 1713 912 1245 804 821 533 829 879 1719 517 1493 301 262 1127 366 768 853 1445 1696 1612 510 871 1746 1307 1616 1450 113 927 423 1215 285 35
000274.jpg,61 982 955 1649 954 1320 488 735 1083 426 1595 414 431 1408 152 1232 782 473 1700 980 1603 942 952 593 1219 1566 392 102 545 1166 1419 470 329 1284 385 1540 1598 811 1335 629 270 1111 598 1254 903 133 1145 225 660 348 1118 255 104 969 1647 482 292 131 924 1471 1077 408 1743 514 746 238 822 260 1305 318 529 1711 1363 1466 1196 209 1417 711 852 277 1551 300 665 809 286 1421 236 1180 186 664 1734 1150 1585 857 561 930 558 1457 680 205
000275.jpg,470 969 1166 574 1419 400 100 1722 133 1711 570 1522 1544 1578 556 1196 115 1508 971 393 1035 382 1620 1773 1709 1497 1608 1667 1530 1734 784 728 265 840 843 1343 735 1083 954 244 488 61 414 426 1408 982 1232 955 1649 473 1595 1145 1320 782 811 942 980 593 629 1700 873 711 431 952 820 1284 1743 41 385 920 1151 1566 718 348 1150 665 683 1663 903 399 886 292 1603 209 255 797 392 1400 1335 418 1143 404 858 318 1585 596 398 1471 680 482
000276.jpg,352 310 844 787 343 1701 1645 1491 922 1200 883 1551 7 1672 961 1434 501 671 1580 509 1088 148 1178 90 744 849 184 516 1416 1126 1500 1607 1182 889 674 383 251 1053 949 1038 503 1069 135 1487 1242 1142 588 1648 1671 508 287 1367 1594 1157 1306 1112 3 706 111 1720 910 1001 507 75 411 1233 1170 56 552 1105 1453 1276 139 164 575 705 1468 846 1643 1458 1090 1231 603 16 1782 528 104 445 444 637 1067 1207 1032 1446 6 1492 950 1039 747 177
000277.jpg,1369 1346 752 754 868 267 759 103 1190 1730 900 657 1787 906 1062 388 169 1626 1758 618 259 1664 1477 1375 1420 795 1254 1293 1337 1339 1090 1150 571 1411 1382 1759 225 1455 694 541 1742 468 51 1427 1630 673 218 497 815 886 680 387 1740 963 977 581 1584 404 209 89 28 14 1465 432 1311 1766 686 499 1710 34 1314 1173 1516 1110 459 93 1556 305 682 213 292 395 1579 1016 271 1470 1081 764 313 1543 786 916 1252 790 122 326 65 1273 1473 1226
000278.jpg,1705 631 619 1176 870 916 1390 80 1697 634 606 54 4 350 1668 504 780 144 1144 721 828 1677 1238 1133 1235 345 1213 1674 1414 1091 845 1735 140 443 1113 1397 777 676 1597 112 708 1514 1256 438 1203 521 1737 1321 911 737 1181 104 1005 1025 747 1040 817 1327 1489 615 806 1265 1392 769 1719 958 1158 1616 86 445 231 950 1039 557 524 804 1551 349 899 142 559 1094 1349 968 1617 1339 177 704 1376 1494 1000 666 453 1090 1583 1591 24 27 29 1682
000279.jpg,1523 670 1638 944 167 1124 1239 1325 1736 1380 1075 448 471 254 455 134 410 1693 1197 1010 1769 1484 1294 323 893 156 1193 1423 203 978 44 684 965 1128 707 249 355 653 1099 1029 1452 526 188 569 94 1222 907 1211 298 807 1085 565 1073 1251 987 263 1653 995 753 719 1430 931 436 1424 553 909 1478 1280 1694 858 601 938 1479 321 1447 429 1706 1223 1266 723 1259 993 703 1198 1624 187 1275 1365 934 825 401 861 146 367 128 41 1784 1379 577 1762
000280.jpg,1709 1544 100 1722 1522 400 570 574 1711 1578 1508 971 1035 556 1196 115 382 840 470 969 1667 1773 784 1166 393 1620 265 133 1419 1497 728 1608 1530 1734 1343 25 843 413 954 980 464 488 905 1789 982 1408 1066 1700 735 431 782 1545 202 1083 1554 688 306 150 1257 830 1661 1143 1649 61 942 415 473 180 1320 952 1106 875 630 1219 944 1376 1576 62 1232 1534 1621 392 1566 325 1150 81 1090 414 206 446 545 1603 318 1786 1556 171 1141 1604 581 593
000281.jpg,1582 258 1733 223 1692 463 252 1651 360 309 1044 1432 1485 548 505 1717 4 179 466 570 698 1213 1600 486 1247 153 1188 957 1639 1698 1100 230 1553 1488 1512 336 544 1554 1691 46 522 1562 1563 1050 624 227 400 286 1046 221 1035 465 1321 676 699 1775 1283 728 1334 1399 834 614 640 302 1235 1325 420 1783 216 1122 307 1528 202 1521 1522 1640 1238 1261 851 1449 1059 204 990 380 358 468 1311 780 133 1011 229 969 1227 195 1362 1725 28 63 916 745
000282.jpg,54 80 916 634 144 1677 606 504 350 780 4 828 1705 1735 1144 112 1697 1025 1327 1113 1597 817 1235 521 911 1391 1133 1668 631 1091 769 845 345 747 950 777 737 1040 1158 619 104 1176 282 449 870 1572 1390 1392 1181 806 443 1256 632 958 1737 1265 621 559 763 1203 313 140 237 1397 1005 740 1295 1178 453 1414 962 182 501 623 1787 1039 1720 337 315 160 1684 444 438 1551 947 925 445 676 961 613 333 1643 721 348 1791 87 280 1032 1287 625
000283.jpg,248 1651 219 283 109 548 1539 538 550 1059 463 1255 899 1716 562 1591 157 1216 99 349 31 166 339 693 768 301 879 1278 1015 1704 983 1575 1002 1114 796 1164 1732 391 294 424 1258 257 185 1583 597 650 1058 1235 517 539 1713 1307 484 142 380 1485 1733 525 1752 1051 687 642 68 1691 1202 1712 1564 57 460 366 985 1757 1449 1201 1696 583 50 533 1040 1441 1635 49 1555 262 912 829 472 1271 638 853 1007 736 1215 871 1300 568 794 113 1220 285
000284.jpg,1582 258 1733 223 1692 463 360 252 309 1717 1432 1044 1651 505 1485 1553 1563 32 179 548 1600 4 990 1019 336 1188 1079 475 1120 520 24 522 1691 40 544 147 689 928 1396 1399 1143 599 1505 957 1790 285 1268 1311 1488 937 614 1325 465 1334 1050 362 1173 1459 1220 468 1554 1592 891 46 302 925 415 1362 307 1261 780 1235 1725 624 717 1355 14 1095 430 1759 728 766 348 1639 453 221 1556 1766 1310 1411 1559 680 1455 1017 610 1296 1127 641 1226 790
000285.jpg,634 916 80 54 144 1677 606 350 504 4 780 828 1735 1597 1144 1705 769 1091 1235 737 845 104 1697 112 1668 449 817 1327 521 1113 1133 1025 911 777 631 747 1032 182 740 1256 1158 1787 443 1392 345 806 1391 1040 1643 958 1181 1737 313 961 950 559 870 1572 1005 1515 1551 453 347 24 619 140 1067 1265 621 1420 1039 803 1287 1203 1514 1743 1043 1339 438 348 925 87 665 1674 1207 1150 680 1090 445 1663 385 962 1710 292 1455 14 763 1720 29 1504
000286.jpg,634 916 80 54 606 144 1677 350 504 1144 828 4 1735 780 1091 1597 845 1668 1705 1133 1697 777 631 769 747 345 1235 1256 443 1392 806 1181 1737 737 104 112 140 958 870 817 521 559 1005 449 1113 1327 1265 1025 911 438 1514 1674 1203 1032 1787 1158 182 1414 740 1643 619 1176 1391 961 1040 313 1551 24 1067 1572 453 950 1515 1039 87 347 1287 1207 1339 803 1672 925 86 1720 1296 1312 1043 1090 1150 1491 1242 1038 615 133 680 621 795 1743 1504 691
000287.jpg,29 1273 696 666 1201 824 113 1127 736 1445 1612 1107 628 1389 1310 1290 808 478 1040 928 690 1235 289 838 1158 1024 1090 4 373 1339 1614 780 1026 1009 324 54 1504 1791 1113 246 120 1098 350 1025 295 1527 243 1078 368 394 405 1283 637 1663 144 1535 680 348 935 268 1373 1584 717 880 851 486 933 1738 349 1767 1411 337 579 452 207 453 1773 1677 1023 1572 1327 80 1506 665 1400 1384 1759 1162 1000 1135 1735 299 1260 577 916 879 218 313 1743 517
000288.jpg,448 134 1523 410 1010 1638 670 1124 1325 455 944 167 1239 1380 1736 254 471 1075 323 1197 203 569 1029 156 1128 565 987 893 931 1430 1085 1223 1693 719 965 377 187 938 723 36 196 321 1769 1484 1193 1012 188 858 44 526 1294 1653 861 1694 675 1447 1611 430 146 1211 707 399 742 355 1093 553 684 640 653 298 1028 876 45 58 195 440 317 1147 703 213 1498 132 1099 607 855 249 1266 793 1251 978 649 367 71 378 1140 1076 477 128 454 1452
000289.jpg,81 346 1590 1728 1755 392 535 102 545 543 996 593 843 351 1352 997 373 1654 17 708 407 192 1405 1248 1185 241 748 1398 854 811 859 1467 967 1560 1613 1649 976 1109 905 180 718 498 629 1469 697 515 980 200 488 1320 942 954 546 385 852 1642 820 277 1335 873 255 1761 677 101 499 1603 1511 439 955 798 711 414 162 1454 977 665 479 952 431 1462 1145 943 1083 1030 236 1540 741 61 348 155 982 244 121 580 1789 923 1106 1071 622 1166
000290.jpg,54 80 916 634 144 1677 504 606 350 828 780 4 1144 1705 1735 1113 1697 911 112 1025 1327 1391 521 1235 1597 817 1133 1091 631 845 769 1668 632 747 87 737 104 1040 1572 763 950 777 345 1643 1158 160 183 1027 282 1176 1390 315 676 237 740 449 1005 619 1392 438 613 806 1178 621 313 1203 501 870 958 1256 1213 456 705 925 453 139 623 333 1397 1551 1181 1262 444 1287 16 1057 1414 337 182 961 671 1265 443 1720 1684 1787 1032 7 1518 1295
000291.jpg,914 396 1441 33 476 539 1342 485 1258 262 1114 1051 1575 354 1307 863 1519 583 1461 1547 829 899 1245 525 853 1746 724 1768 301 510 1331 349 716 597 391 1244 420 35 731 1732 517 1493 562 1698 49 1750 1555 821 672 1748 1255 50 307 224 834 1100 380 1164 157 1015 1002 1712 538 423 31 185 768 1752 1640 1716 424 693 1300 166 109 533 1485 1583 957 550 650 285 1399 1216 366 1635 99 642 796 257 1591 1007 1220 1704 1084 1459 1691 687 1278 311
000292.jpg,134 448 1010 1523 410 455 254 471 670 1638 323 1325 944 1239 1124 167 1736 1380 1197 1075 203 188 965 569 893 1693 1029 1128 565 1085 719 931 1223 187 156 1430 526 1193 146 367 1611 938 987 1294 1653 1769 321 742 723 1093 861 825 1147 1073 1211 196 703 36 377 1484 399 1424 858 1744 1301 291 1012 249 132 44 1251 707 1498 675 430 1023 1280 1263 1694 1517 317 213 1275 993 1606 1615 578 71 1452 653 1259 807 1198 1134 813 1747 1068 1140 527 355
000293.jpg,1080 1490 397 1724 908 1463 1707 1269 268 864 663 1422 1009 78 281 217 1771 771 656 1536 226 1006 276 67 970 1681 1699 681 1384 1538 1024 1135 1098 478 928 690 696 717 666 113 29 824 628 1273 517 1612 1127 1445 1201 1459 87 1044 1019 1107 289 736 1311 224 680 157 1455 1287 1150 1582 1079 925 1759 1213 632 1450 1282 689 533 1310 468 1411 1078 1396 1791 1145 916 1113 912 311 1485 1614 54 1300 35 768 144 1262 307 159 1084 1743 218 324 1712 80
000294.jpg,1255 185 562 687 1202 693 1712 1716 1752 899 642 650 985 1007 1164 31 99 1271 424 257 349 1583 1732 796 597 1449 109 1216 847 1704 1059 550 1564 57 1278 166 983 548 452 1258 538 248 1591 517 1761 391 539 1575 339 1300 1635 1651 283 49 157 1441 142 525 1757 97 1047 1040 1235 533 821 219 366 1493 262 1015 829 224 1713 1114 768 269 1245 568 638 914 736 301 1445 484 510 912 1201 50 1719 396 1058 423 1307 1051 1127 35 1746 285 485 354
000295.jpg,507 1207 56 1648 1487 575 1242 333 170 1518 705 24 75 503 3 251 1572 1500 588 1607 1643 90 1296 1038 1142 1053 949 87 445 218 1759 1069 516 1791 337 1039 1411 468 680 14 280 186 508 1720 1455 691 310 523 1311 1170 348 1178 552 345 780 1113 1021 1594 1526 459 93 1295 1025 563 237 1327 357 910 1655 1064 1473 1684 809 1676 744 74 1766 428 1468 1678 1252 1135 1330 764 1173 54 4 1782 385 161 625 1397 504 399 1550 1298 247 621 501 383
000296.jpg,133 470 969 1166 1711 1419 1608 728 1508 208 1734 1196 1578 556 886 1709 1343 711 115 1530 1598 961 1551 1001 671 1742 1150 432 1620 674 1773 209 735 1233 1427 393 51 827 918 1659 61 798 488 459 811 400 1739 404 93 1453 1311 1725 1298 100 1252 682 1408 1710 1035 1083 1105 265 1678 1157 493 318 673 1126 501 1658 1143 764 1672 784 1556 426 1497 1106 155 924 602 489 954 570 1232 479 227 549 1667 1720 1625 865 16 1314 181 1782 415 640 1543 680
000297.jpg,1126 287 1112 1458 1551 961 1672 1658 1434 1038 910 1715 1720 1170 552 1468 889 1701 148 83 744 70 1157 1105 1671 1729 118 411 352 992 1182 838 950 844 1781 1264 1276 1518 674 627 273 1102 444 727 1242 1171 1178 474 1316 671 787 1645 13 883 528 1480 616 501 383 343 1572 637 312 1594 184 600 104 164 623 575 333 1032 951 923 1453 16 922 3 1503 310 1090 1001 849 296 7 182 1491 1233 705 214 749 1643 661 1416 1231 139 1644 509 1232 90
000298.jpg,1384 1024 1334 689 1019 478 928 78 1584 1422 1506 1009 1771 226 217 681 771 1006 1080 397 1490 1681 864 276 698 1724 268 1699 1538 908 1078 1535 1463 67 935 970 1269 663 1536 281 656 1707 1614 1527 324 740 696 246 739 717 1158 29 1098 628 1311 113 1455 1411 468 680 1759 14 1767 1632 1173 348 289 266 218 520 1145 85 1273 27 313 851 925 1612 395 632 1135 816 1639 1321 1310 1150 1738 462 1396 824 880 766 666 1388 1044 1663 292 385 144 920
000299.jpg,315 73 839 1262 160 177 704 613 344 633 456 947 1067 625 579 237 1295 1210 1684 453 1791 1027 442 183 337 506 925 1287 1414 87 285 816 438 1456 747 140 1514 443 777 1674 958 1203 1265 1091 641 806 1256 1144 1551 1026 1005 961 922 606 1737 845 1133 1392 671 501 1610 721 916 7 1200 1645 1178 559 844 164 883 1088 1169 80 1491 1397 1135 1182 1697 616 1672 1126 1235 350 508 509 615 674 870 1038 90 1025 1735 148 504 445 135 1053 1668 1720
000300.jpg,156 569 1029 1638 410 1736 1523 670 1325 987 1239 167 1128 944 1124 1197 1653 203 1380 1075 858 1694 134 448 565 526 1085 723 436 1211 861 931 719 1010 254 1430 36 1693 321 1484 323 1478 1447 1223 471 1452 146 187 938 377 907 1611 1193 196 909 1251 978 893 455 1769 1012 1706 1280 601 1479 553 1303 807 742 189 395 132 71 27 399 1063 1266 44 355 429 825 1117 462 1294 1147 527 703 1606 1517 128 965 197 1076 707 675 298 422 653 537 1000
000301.jpg,352 310 787 844 343 1491 1645 922 1701 1200 7 883 1434 961 1551 90 501 671 1672 509 184 1580 1607 148 1416 1088 849 516 251 1500 1053 503 1069 1178 949 1182 135 1142 1487 383 744 588 508 706 1367 1648 674 1038 889 1126 1306 507 111 1594 75 1242 1671 3 1001 56 1233 1157 1453 1720 1112 6 287 1446 846 1332 411 1170 910 1231 164 1105 1032 1276 552 73 139 575 528 64 1458 182 104 625 839 337 177 603 1782 705 160 16 947 1643 1438 1550
000302.jpg,1504 299 637 1503 163 1480 405 1312 788 1646 867 1588 1175 552 1720 1170 1468 961 910 1038 214 592 1551 1242 1774 1688 823 674 705 1207 1138 1518 193 575 1643 1672 1779 444 751 1171 1327 348 1697 1113 809 1178 501 1126 828 671 16 1270 1491 1025 162 950 1105 741 1391 373 280 1039 744 186 680 1182 1168 287 74 390 1373 385 54 445 1330 1157 521 333 992 1655 1782 112 218 3 87 1158 14 216 7 1339 563 1580 416 883 459 383 1367 1729 905 1434
000303.jpg,445 1039 280 691 1296 282 1686 994 1526 240 74 357 390 939 563 540 345 481 210 603 1221 911 1025 1327 1113 575 112 1697 1668 1181 1133 524 521 631 977 963 1572 747 1680 817 619 1144 940 639 443 1176 1391 1705 870 1720 744 1599 559 958 604 499 1390 1046 806 1038 1157 1256 777 337 625 131 552 1421 1594 926 910 889 1171 1674 312 1091 1392 589 1468 962 715 1737 845 846 993 1150 1089 148 80 1265 633 1102 680 469 1313 14 331 411 1551 177
000304.jpg,1672 1551 961 1126 1434 287 1112 910 1458 1038 1720 1170 148 889 552 1468 744 1157 1105 1671 1701 1182 411 674 1645 352 844 1178 671 501 1715 883 118 1518 1658 1242 1102 922 444 16 1580 310 1491 623 383 1453 1276 575 600 950 3 139 1480 992 312 7 1200 838 1643 1729 705 1090 1572 1171 637 333 1001 1088 343 528 1233 509 915 787 1416 135 1103 661 70 469 1503 111 1264 90 1594 1032 1644 1367 184 849 1025 182 104 1306 83 1781 1791 164 112 337
000305.jpg,433 875 655 1087 921 547 338 1374 306 1302 1141 327 1344 1661 250 605 913 130 106 450 622 1444 755 1212 645 1636 77 534 1652 190 901 857 1356 1765 1462 1495 1333 447 1558 1248 325 1789 1250 439 688 236 1003 1502 138 1496 1257 765 25 105 611 1581 413 677 1472 1464 1764 372 108 322 1186 542 1525 1253 235 726 1350 1406 1086 230 356 207 52 1763 489 364 198 88 1072 1627 1678 241 1775 787 492 767 343 161 1540 1353 849 1545 1471 588 115 1330
000306.jpg,157 517 550 538 1015 1537 1712 31 672 1555 423 1255 1493 380 548 821 1716 768 283 35 224 990 834 1244 1216 1591 1300 1002 219 510 424 1058 248 1307 1650 829 1100 533 366 301 1746 863 109 1757 1713 257 871 1047 142 99 583 1750 339 1461 1278 166 1245 853 1539 1698 716 724 1651 899 420 354 693 1704 1696 525 562 650 1768 1547 391 894 50 1215 796 307 1519 1635 539 1748 349 1575 1583 396 597 1564 262 256 983 1258 1640 1271 1331 1732 1441 638
000307.jpg,27 395 462 422 1303 1417 898 679 683 956 920 1165 398 848 708 1308 1236 1457 1506 702 1400 602 487 329 324 1670 832 403 39 1228 1360 740 739 300 1195 417 609 408 1078 316 79 1682 776 1614 930 15 554 598 107 746 127 1340 1214 1772 359 1787 1639 246 1623 647 1569 1535 461 884 698 1359 1154 154 732 1702 176 935 61 560 831 1111 1657 916 805 313 117 28 1649 48 634 239 557 1320 189 982 955 1339 606 1118 980 954 191 60 1647 488
000308.jpg,722 1435 1322 1721 245 1618 1260 1 678 201 1784 1413 10 700 1429 577 137 1409 1183 1357 1240 394 772 1589 1198 1018 1259 124 1315 427 1573 1529 1548 756 1365 519 1731 646 654 172 1161 993 1567 1372 1054 1336 220 490 401 119 904 536 1565 1289 1673 334 518 1424 437 781 1587 242 1574 865 692 1659 1191 1246 376 1507 1073 291 585 1121 353 1593 9 279 1023 658 363 228 1225 1624 1556 530 1615 1656 1679 53 1110 757 770 790 1517 793 1314 891 1747 415
000309.jpg,103 267 759 868 900 657 1369 1346 1062 752 388 754 1758 1190 1730 906 1626 169 1477 618 259 1664 1375 541 1787 89 795 1740 435 966 571 110 22 1339 1401 1016 1177 1778 1660 1172 1090 1364 1337 272 635 370 1150 750 1293 69 1465 885 51 1516 842 1119 1710 497 387 1081 743 500 581 85 1130 686 714 264 673 1382 1427 303 1725 1076 1420 891 694 919 1678 1630 1791 682 640 790 1314 395 313 27 882 1543 459 415 1476 1556 1659 644 1000 208 1110 816
000310.jpg,1434 910 1551 961 1672 287 1720 1038 1170 1126 552 1468 1112 1458 148 889 1157 744 1105 1518 411 1671 674 1182 1701 118 1178 844 1102 1480 575 501 16 1242 671 1715 352 1645 312 333 1572 883 1276 1103 444 1453 705 915 310 637 950 1580 139 1729 1090 1658 1643 1503 600 469 623 992 1171 1644 383 661 1594 83 1491 922 828 1001 104 1231 1032 7 3 90 296 1207 13 1025 528 911 331 1113 1233 112 164 1200 343 1666 1504 1588 184 787 521 299 1264 573
000311.jpg,730 934 1036 802 91 1718 1510 1745 669 975 836 1012 1085 187 1430 1128 1013 1251 931 909 565 978 1223 1479 377 1279 723 895 203 582 907 1280 719 1193 1706 1099 833 1211 1288 196 1452 972 1222 644 1226 653 1478 670 707 1110 944 410 526 1160 614 891 167 1543 640 1052 1447 465 409 228 682 1484 1075 998 1314 1239 156 399 129 1147 455 1638 1653 1029 132 630 298 1381 1423 430 1567 53 897 1532 490 790 1014 41 355 1736 664 858 1166 576 569 1143
000312.jpg,133 1166 470 1419 969 1734 1608 728 61 1649 955 954 1709 488 1530 1173 1106 982 1320 735 1343 1083 318 479 680 1311 426 115 1150 1508 1196 1560 1595 711 798 208 1711 1335 1408 803 1330 255 665 292 629 1625 1232 14 1767 414 1515 762 218 1743 1145 431 1598 514 556 980 1455 347 1663 1700 811 809 1473 468 1759 1773 1411 1710 1427 371 34 1642 778 718 1284 585 461 942 53 209 238 51 1578 206 1620 1298 1252 116 1551 152 459 473 385 1630 886 382
000313.jpg,133 470 1608 1166 1530 1419 208 1734 969 728 1106 1343 318 1508 556 1598 1196 827 1173 809 778 801 735 1311 115 1252 680 1150 1298 1356 493 400 1339 1330 488 1473 61 762 1709 924 489 371 1050 514 570 1711 961 918 14 1544 1551 1083 1212 1710 1766 982 116 459 1291 1578 51 1145 218 886 1649 385 711 1773 1158 88 1411 100 1001 1639 1678 468 93 274 348 1284 34 1455 695 227 1759 1787 954 1725 1427 1620 1663 1305 1521 1350 1292 803 622 473 1720 27
000314.jpg,795 388 900 1758 1150 673 1339 759 267 103 259 51 1682 1369 657 1664 1375 1710 1427 581 1516 1346 1477 801 1630 686 1062 387 1740 1254 962 815 1787 1043 1130 743 752 271 209 330 1090 1016 1081 347 754 1515 22 225 868 1190 803 1730 1401 8 885 85 541 750 1470 1778 1206 906 1230 110 762 89 1119 1626 714 1420 371 313 69 169 272 435 116 1668 842 1177 1579 963 34 1172 1660 571 977 1690 1181 1520 618 635 959 1113 415 1174 213 337 215 678
000315.jpg,1039 445 74 1296 280 691 1686 282 240 540 357 1526 994 939 390 563 603 481 1221 589 575 1025 1680 1327 823 1599 1113 1089 1155 1046 1572 112 210 524 961 1313 878 705 1672 333 911 1551 501 817 846 1518 1178 405 1171 1207 521 1643 1242 287 788 87 1491 977 326 621 7 715 1677 662 1541 671 674 809 1504 585 14 680 799 80 299 1038 444 1580 1067 828 1050 1688 453 604 1606 95 778 734 925 54 552 780 1431 963 1645 527 1096 637 1040 459
000316.jpg,1787 1346 1369 752 754 1190 1730 759 267 868 103 657 900 906 1062 169 388 1626 1758 1420 259 795 618 1477 1664 1375 1254 1293 1337 1339 1090 1584 1740 225 1150 694 571 28 541 313 395 1411 497 1455 1382 51 1759 468 1630 698 462 673 1427 89 886 387 432 1742 581 404 218 815 209 1710 680 27 1364 305 14 1311 1173 422 963 1470 977 144 686 916 292 1766 1465 1516 1314 22 665 93 962 1076 459 96 213 764 1556 1543 133 1252 1081 1678 499 715
000317.jpg,310 787 352 343 1645 844 1491 922 1200 1701 7 883 501 184 849 671 1607 1580 90 516 1178 251 1416 148 1500 1069 509 1053 949 1088 1142 588 1182 744 508 674 961 1551 135 1672 503 1367 1434 1671 889 1001 1306 1487 1233 383 1157 1453 706 1648 1038 1594 411 1276 1126 6 1105 111 600 1242 1231 3 64 528 139 337 1438 164 625 75 507 56 1446 1295 612 1791 846 16 177 1112 910 613 941 444 1210 287 1684 960 1139 1032 73 1720 160 915 947 1170
000318.jpg,1573 124 519 577 700 756 1429 1198 1260 678 1240 172 646 1731 993 1183 1357 1365 427 119 1054 401 1784 1372 781 1409 220 394 1289 1259 1018 1587 772 536 1336 376 654 1322 437 1548 585 1721 518 1673 334 722 1 1435 9 1191 1574 1023 1424 757 1565 353 1121 1413 1747 245 1659 537 1618 1606 530 865 1517 1225 692 658 213 279 1096 1498 793 1161 1624 1679 1556 790 1217 201 53 1068 1314 1073 770 10 415 578 1615 1140 317 576 682 189 527 125 1063 440
000319.jpg,445 1039 280 74 1296 691 282 1686 240 1526 540 357 994 939 563 390 481 603 1025 575 1113 1221 112 1327 1572 1046 1680 210 1599 823 911 589 1155 521 817 333 705 1089 1518 524 1207 1242 961 1038 1551 977 1171 1606 287 1480 1178 80 54 1643 1391 1170 1517 552 24 940 963 348 1688 186 878 828 1468 639 780 87 585 1313 1720 507 501 1672 604 1235 1126 1076 1541 680 399 1503 1040 56 606 809 14 527 444 846 504 637 132 1090 621 1385 1504 385
000320.jpg,285 1351 1245 517 899 510 1441 829 1051 35 525 539 1002 1750 1258 863 1485 853 916 821 1114 262 583 1746 1244 50 1307 257 914 1493 925 1712 1547 396 485 1575 1399 1612 1461 597 1220 704 157 142 550 224 349 1414 736 1164 538 1459 301 453 391 1713 666 113 49 144 54 1287 1255 1040 1445 1235 476 1079 780 1691 1047 33 768 222 1519 1622 990 894 311 796 1150 237 1732 80 1127 1084 628 641 716 634 947 109 1362 879 834 307 1696 1015 789 1684
000321.jpg,494 701 1049 1605 733 1753 1194 1509 320 877 557 37 48 239 1623 1569 554 974 1657 461 805 446 560 1702 1359 278 732 1299 831 1154 869 359 1111 1214 107 1118 1400 848 1236 1561 598 487 1637 683 1647 176 1631 39 746 1360 664 1077 920 884 702 398 1308 1228 316 679 340 403 300 1116 930 1340 127 647 408 149 602 776 79 205 956 832 609 1457 1772 61 417 304 117 399 1388 955 1196 1756 898 1210 1773 735 1474 115 1408 132 1150 892 428 1629
000322.jpg,701 1049 494 1605 557 877 1509 733 446 1753 320 1194 1657 461 107 1569 1359 1623 554 48 1228 359 37 1360 1154 805 560 831 278 1299 1629 176 39 869 776 974 487 239 1400 1772 609 732 1118 79 1111 1383 205 1214 1702 1647 1236 1116 117 664 1077 1637 1303 1779 1631 986 1561 417 602 1693 398 1218 1533 702 60 300 1457 832 428 27 71 1474 154 403 191 395 920 848 898 132 215 675 127 746 422 1340 399 598 1263 884 1028 247 126 1484 647 640
000323.jpg,1166 133 470 1419 969 1711 61 1734 208 1196 1595 488 1083 115 1150 1608 426 982 1773 728 459 1709 1598 954 1649 735 209 1427 1710 414 51 1508 93 955 711 400 556 1515 1298 1408 1630 1343 1252 1320 1743 1232 493 1578 581 1530 100 680 924 827 152 1678 764 393 1620 798 1284 514 265 39 1311 811 14 318 673 574 461 784 1330 1180 292 1043 347 62 886 822 809 570 1767 274 473 238 218 382 1725 1173 202 803 479 961 270 1759 1411 1544 150 918
000324.jpg,1728 351 741 162 17 1654 193 1138 1774 923 1270 1469 748 697 1030 1590 1248 1168 976 1688 241 407 346 1634 751 496 1727 1755 1665 612 1139 373 854 535 523 812 372 941 1436 623 783 444 173 1394 1102 293 1348 1418 787 849 546 915 184 364 118 1157 1171 1105 887 543 1338 905 1581 1729 1103 356 1178 917 1438 622 310 343 1462 16 81 1437 674 1048 392 1788 1405 857 996 1645 327 843 1412 236 1358 439 306 1524 312 873 552 180 960 102 106 211
000325.jpg,1582 463 1717 309 179 1733 1432 1714 40 1553 360 1651 32 1044 1268 46 599 1563 223 221 258 1488 1790 147 1692 1355 1600 937 1592 1485 610 1066 233 1132 505 862 252 1399 1311 1655 522 462 1188 624 14 1691 475 532 872 1220 222 348 680 1296 548 207 1504 422 286 1769 1439 789 1150 295 581 1740 24 928 302 1638 876 1293 1127 1570 1173 1180 1130 1339 1303 641 468 1076 1143 415 136 27 218 130 464 809 925 974 721 395 472 29 109 657 1385 186
000326.jpg,1420 225 1254 330 1206 962 1470 815 1326 305 1787 1230 504 313 144 606 740 916 634 80 116 1113 54 13 828 959 1025 727 331 1518 573 1551 1690 1613 385 720 911 1720 780 1677 521 910 1503 34 1103 271 552 1391 112 1174 1417 1579 1572 1643 498 373 1207 673 324 333 708 1703 982 705 1672 180 118 469 1781 1090 741 575 444 1614 104 1144 296 1327 629 23 348 1468 1377 954 581 1666 563 404 1170 282 817 16 1145 1102 4 1150 1480 627 637 1021
000327.jpg,1438 612 1139 941 1665 1634 64 960 508 949 1053 1069 516 1142 1038 1032 104 182 1500 588 90 706 1594 211 1607 251 575 1720 1701 523 1242 1332 310 1170 352 1487 744 503 910 1157 552 1774 741 1551 148 1126 961 1518 844 1648 75 1105 671 889 345 1008 1468 1133 1434 1231 787 1181 1138 193 747 1572 1782 674 443 507 333 1672 1144 1729 1270 849 1182 118 1256 922 287 777 7 3 1671 1491 343 501 1102 445 1200 312 559 162 1178 1550 883 1663 1109 1001
000328.jpg,1569 1623 1657 461 1359 554 1154 107 831 278 560 805 359 869 1299 446 1360 1228 487 557 1629 176 39 776 1772 1400 79 1118 205 1383 1116 702 1647 602 1308 398 664 1111 848 1077 1236 1561 1631 1637 494 609 1049 701 920 683 746 598 1605 884 679 956 300 647 403 408 127 1303 877 27 930 1340 316 428 48 1509 832 61 395 320 1753 247 1779 733 126 149 1150 1595 955 154 986 60 1232 1194 1474 974 1408 304 209 1596 1711 422 1419 71 1388 1064
000329.jpg,29 1201 1445 666 824 696 1127 1273 736 113 478 1389 1107 628 1612 1290 373 1310 1040 808 905 180 928 1026 416 608 1377 800 1056 690 1235 162 486 1373 1138 1774 289 290 405 838 299 741 1243 193 592 444 295 1158 1504 337 788 1021 699 1057 523 1697 1270 676 552 1113 637 266 1327 1025 573 1503 1584 1684 333 312 976 87 225 1572 1178 348 1433 385 296 54 271 581 1162 43 207 330 1330 237 243 1518 680 1391 521 1614 1411 1078 563 13 1720 1703
000330.jpg,1633 660 514 1284 512 1552 238 1305 546 270 822 529 1585 1363 792 1788 261 1437 1540 173 1187 26 903 1471 888 2 434 286 1440 1511 979 1152 439 406 1151 948 820 1074 811 1625 718 236 260 873 791 1609 798 168 1055 1347 1467 857 1267 543 1406 785 564 711 407 866 1048 677 1412 1037 1398 1184 1352 1209 479 241 812 1560 1727 1496 1755 108 293 561 52 1393 783 467 697 1348 953 1469 1462 1071 645 1581 748 917 496 814 1356 1777 622 1436 611 1502
000331.jpg,1334 1019 689 1384 478 1024 1584 1135 1506 1009 928 698 1527 1098 268 717 1078 1490 1535 397 935 1080 1724 324 29 696 1422 246 1538 681 908 78 1614 628 740 226 1006 1459 1771 666 1201 289 1287 217 739 925 1079 113 362 1095 1455 771 520 1632 824 1158 1149 632 1559 1213 159 1445 1411 758 468 1282 1173 371 1311 591 1612 1145 1388 311 1273 635 1310 225 297 144 1127 1206 1738 1150 1084 4 1463 676 990 1004 762 489 864 1321 1681 1759 1663 816 809 1515
000332.jpg,1045 1606 1317 1263 585 1096 1517 537 1023 1448 757 527 1068 933 1146 1297 1587 1076 9 1217 530 189 191 1147 1309 770 399 876 1063 132 1205 1031 781 1289 71 215 1000 594 675 58 213 288 430 437 1499 20 477 519 1573 1082 353 1140 42 376 1314 1556 124 1204 1376 1494 813 993 640 790 1260 1328 415 1679 1225 1673 119 1739 53 440 578 756 793 1218 1143 682 577 1425 45 576 1548 891 1498 1259 334 194 253 1543 1574 630 1014 1429 1110 1365 454 1554
000333.jpg,793 607 317 1498 620 136 989 1570 1624 1385 872 1617 1621 1604 640 1786 1494 279 1033 195 477 171 1082 1387 1028 415 1554 206 1143 965 1425 1328 457 649 1666 430 53 1031 1543 188 1556 1395 576 1125 1010 630 1023 565 790 1739 1314 1376 1770 855 1224 993 399 682 518 1191 670 1769 58 1606 332 1517 437 891 972 98 1523 448 995 1577 1615 1370 440 1747 134 1275 1317 1140 1365 321 1475 45 128 1410 1045 213 401 1022 1147 1259 1263 465 1093 20 1160 232
000334.jpg,574 400 100 1722 570 1544 1522 1711 1578 556 1508 1196 115 971 1709 1035 470 969 1620 393 1773 382 1166 1419 1497 1667 133 784 840 265 1530 1608 728 1734 1343 843 735 1083 61 488 954 982 414 426 1595 1408 1145 327 955 711 1649 1232 1320 1284 1150 811 1141 1209 920 473 673 1743 1440 718 106 903 306 1037 351 622 683 1236 593 680 1025 782 798 241 398 348 209 1462 581 404 1400 886 127 905 1471 286 399 1585 980 1767 1742 873 514 1540 629 1427
000335.jpg,387 686 209 1630 271 1081 743 581 1516 1427 1150 673 1710 51 1520 815 885 750 8 1119 330 22 1778 962 1016 1130 272 69 1043 110 1401 714 1177 1515 1254 801 1172 1382 1206 347 225 571 1660 1230 497 1337 303 435 65 305 1293 1339 795 694 1364 1682 1115 966 89 803 264 85 1470 370 422 165 762 27 1465 1787 395 399 1411 388 1062 924 1598 204 842 1455 963 468 1772 34 189 1759 462 132 675 1690 1326 208 541 1303 430 837 1078 618 916 827
000336.jpg,1569 1623 1657 461 1359 554 1154 107 831 560 278 805 359 869 1299 1360 446 1228 487 557 1629 176 39 776 1772 1400 79 1118 205 1647 1116 664 1111 1383 702 1077 602 398 848 1308 1561 1637 1236 1631 494 920 609 746 683 1049 598 884 701 300 956 679 647 403 408 1605 832 27 1340 316 1303 930 61 395 877 48 955 127 1595 1457 1509 1419 422 1150 1166 320 1474 1232 1598 733 209 1779 428 132 1195 208 898 1417 71 1388 1753 1408 426 247 304 1702
000337.jpg,497 571 305 1337 1382 264 1465 1364 694 1115 65 1293 303 165 1326 330 1254 815 1206 225 1420 906 754 752 618 1787 1190 1369 1730 169 1346 962 1062 1470 271 1174 673 959 116 1626 842 759 581 388 720 51 1690 686 1150 404 1742 267 900 1541 34 1427 103 1579 1630 1758 209 1016 795 432 469 1081 1230 1339 1683 657 387 331 1516 1710 313 886 743 1090 259 314 312 1740 373 89 1584 1103 676 977 418 1056 1377 1421 1477 838 797 963 868 1401 1039 801
000338.jpg,1652 1765 1444 901 1333 1250 765 447 230 1763 1789 1257 688 325 413 1186 655 25 1087 726 921 547 1545 338 1072 1011 1003 1495 306 1344 1374 1092 875 1525 1281 433 1353 175 1775 322 605 1783 1464 1302 1141 645 1661 841 327 1546 250 1472 106 130 108 622 52 913 450 1636 755 534 5 470 969 1212 115 1462 1711 236 1581 459 439 1419 1166 711 77 1196 1129 286 1109 1356 14 677 1471 546 1678 556 1578 133 542 1773 93 1330 274 1298 1473 764 218 1252
000339.jpg,54 80 634 916 144 1677 606 350 504 780 4 828 1705 1144 1697 1735 112 1597 1327 1025 1235 1113 817 521 911 1668 1091 631 1133 845 769 1391 345 737 777 747 1040 1181 619 1572 950 1176 1392 443 870 449 104 806 1390 1256 282 958 1158 1737 559 1265 1203 621 740 313 962 1005 763 140 348 237 1787 182 1039 1397 453 1296 333 1720 1295 445 385 925 280 691 1287 591 1213 1414 1684 337 438 1032 613 708 632 1791 1551 676 1703 186 961 225 947 1178
000340.jpg,1307 33 1051 1461 1114 396 1441 1245 583 539 301 863 1519 1575 829 853 262 914 510 1258 525 1746 476 1342 1547 1750 1244 485 50 391 724 899 35 716 1015 420 1698 1493 349 1555 597 354 672 731 821 380 224 49 1100 423 834 562 1732 1255 1164 517 1712 109 1002 166 768 157 550 1300 1713 538 1635 257 142 1696 879 1485 1650 1047 1399 533 1768 366 871 693 1757 796 31 1691 1539 548 1215 1651 894 1716 1220 650 222 484 285 1591 307 1622 185 1564
000341.jpg,1605 701 1049 733 494 1753 1194 1509 320 877 37 48 557 239 974 1702 732 1214 408 340 848 930 1340 1623 679 832 683 316 359 1154 1457 1657 805 1569 403 1359 956 1236 417 920 746 554 398 598 1195 884 1308 446 1299 647 869 831 560 278 117 461 1400 898 300 487 1474 1111 1165 1417 1118 602 127 702 1360 609 1647 1689 39 107 664 79 1772 1561 205 1339 1756 1077 27 176 149 313 1631 1637 61 126 1090 388 1388 955 399 795 504 1228 60 395
000342.jpg,1761 1255 899 349 1712 1449 562 452 1051 109 1583 50 650 1635 693 257 796 1059 1114 1716 983 49 463 1575 1651 1271 1713 1591 142 248 460 484 31 548 985 24 166 550 1750 597 1564 224 1278 525 1612 1216 794 424 1757 1122 637 391 185 1164 638 1732 57 339 307 1047 99 1258 544 517 1696 283 643 256 1235 1493 957 97 113 1485 153 423 1504 1040 1399 879 1245 1202 829 1058 821 219 380 736 1342 568 518 1188 871 46 269 1244 179 510 1555 1704
000343.jpg,61 955 1649 1320 982 954 488 735 414 1083 426 1595 431 1408 152 1232 782 473 1700 980 1603 942 952 593 1219 1566 392 102 545 1166 1419 385 329 1284 470 660 1540 1335 292 629 1598 225 348 482 270 514 133 918 529 811 255 238 1145 1305 809 822 903 598 1743 1111 1471 318 1196 1734 1647 665 1711 1254 209 408 1703 1585 969 558 202 1417 1118 155 1077 1551 746 26 924 205 1363 711 1106 1466 236 300 498 857 515 1767 104 260 286 1552 778 241
000344.jpg,133 470 1166 969 1419 1711 1734 1608 711 208 735 488 61 209 1709 1150 1508 1598 954 1083 1196 728 1427 982 479 426 798 1649 1408 886 1595 115 318 51 1232 1710 1773 1630 811 1578 1515 1320 414 581 265 1311 556 459 924 400 955 827 100 1106 93 1343 1530 961 473 1298 1551 347 1284 404 1252 1173 680 1620 1678 918 1625 673 784 1743 393 1560 682 1742 1556 1314 493 432 762 764 942 1043 34 593 718 514 1725 574 822 640 1700 152 53 116 1143 1739
000345.jpg,1638 670 1736 167 944 1239 1075 1380 1523 1124 1325 448 410 858 1694 526 1653 134 146 861 893 254 323 1280 1611 455 1211 471 1478 907 1479 1251 1706 1301 1452 569 807 1010 317 1769 793 978 213 601 1387 1193 1447 1498 1082 825 909 20 1029 1197 1140 1376 607 45 440 215 1260 813 430 1494 1556 477 578 253 1259 58 53 1018 1314 399 1328 790 1731 798 536 203 594 993 188 454 1110 1693 1365 711 156 1481 1143 1076 1045 279 1128 718 132 1739 703 415
000346.jpg,623 444 915 118 16 1102 1431 1178 1105 1157 1729 308 674 992 1182 552 744 1453 1468 910 671 139 1645 1276 1720 1170 148 411 849 501 13 1264 883 727 184 312 1781 600 1671 1316 627 661 273 950 889 1103 573 1231 310 1171 1038 474 1715 1518 1480 296 1644 923 1458 234 787 83 1572 164 469 1001 1701 1580 343 90 528 331 1594 1030 1233 333 1434 1025 1327 588 287 763 1500 193 70 1503 951 7 922 809 1688 1551 778 82 961 282 1697 523 1270 749
000347.jpg,157 517 550 538 1015 1537 672 1712 1555 423 768 1493 821 1255 31 1002 380 1300 224 35 834 366 533 283 1244 548 871 510 990 724 1100 354 863 1713 1696 1650 829 1307 142 1746 1047 1768 1748 1716 219 1750 1215 1698 248 1216 1331 1757 1058 307 583 420 1591 1245 1651 256 853 716 1640 1519 109 1539 1461 301 957 525 879 424 257 1188 544 894 1547 50 1485 899 396 391 693 731 914 33 1396 1399 99 505 349 339 1278 262 597 539 1583 562 835 166
000348.jpg,213 20 1140 813 45 578 440 253 454 1499 1481 288 594 215 374 1204 1082 1494 53 1556 1328 790 1314 793 576 317 1739 1045 415 682 1143 1387 1543 477 125 430 891 1014 1318 1498 1110 1160 1101 607 1407 1554 1379 1376 1023 1301 1624 1260 1028 42 1723 279 1448 58 649 1147 825 640 1259 195 220 1076 1146 1018 1000 933 630 1096 399 1031 527 1548 1425 132 457 1093 437 855 1191 1365 137 1309 188 993 1068 1606 1587 1570 646 1532 401 1517 1731 989 172 1322
000349.jpg,285 1002 1122 153 879 641 1351 517 768 1441 1696 538 1750 829 539 1456 1712 899 35 1399 224 262 704 821 1215 257 1245 1449 510 50 914 1485 349 816 157 1114 1255 1493 1612 525 1258 396 1650 1746 476 808 1244 1220 142 894 1714 1713 1051 853 1307 485 1047 1389 863 1610 990 736 1575 550 307 1040 484 912 113 147 804 33 1342 49 1107 475 1127 940 423 269 544 1235 1768 693 1290 1439 1791 666 1691 256 1757 957 1684 453 1310 1445 1482 1659 796 628
000350.jpg,466 1582 1485 638 1247 463 927 97 460 24 1296 794 912 1143 1385 1617 1450 484 989 1691 568 1651 1717 415 1220 269 518 505 610 1604 1396 790 136 1769 1786 307 1712 46 147 1351 639 475 644 1399 928 309 1733 1079 789 1411 1641 222 925 215 472 595 1556 624 1621 1570 891 1361 14 872 525 285 179 195 1759 1022 279 4 221 1362 1245 577 1439 430 544 680 507 1101 1237 998 432 1543 1659 1017 604 1314 1573 972 84 188 1110 1173 172 757 1150 1432
000351.jpg,404 96 432 1742 886 1787 798 1339 711 1150 811 1110 1560 1173 1556 218 1427 680 28 665 1090 820 718 1455 1398 977 479 780 1625 1759 195 1411 891 1743 1314 113 14 1254 1311 292 1543 916 225 1511 795 963 468 255 1160 682 1521 1226 1639 1143 1014 1767 1766 1473 737 381 1183 581 634 1570 4 51 640 231 1129 144 1786 1062 439 1260 873 449 415 644 1288 1328 1630 790 673 358 395 1043 1107 962 1548 29 1151 1041 1507 447 1031 1710 1663 387 27 1357
000352.jpg,187 1128 1085 1430 931 565 1223 1012 203 719 377 196 938 723 987 410 36 156 569 730 1029 1718 91 1036 1745 934 802 975 1510 669 836 1013 1279 895 582 833 321 134 448 1010 1484 1193 965 972 1197 978 670 1251 409 263 1523 1693 1033 909 188 455 944 471 897 1222 167 1325 1108 44 998 872 254 1381 1124 1226 907 1239 1638 640 323 1425 128 1543 1452 1143 1736 653 1532 1160 614 197 1147 430 1099 465 1211 1117 1028 399 707 129 675 1337 553 477
000353.jpg,1133 1181 845 1144 1091 777 747 1668 1256 443 958 559 345 1265 1392 806 1737 140 870 1203 1005 1674 438 631 1514 1414 1176 1697 619 1705 1390 634 916 80 1397 54 721 606 1677 144 350 504 633 579 613 315 112 625 817 911 177 828 1113 780 1349 1235 104 713 1735 1720 521 1327 671 1025 666 4 344 615 1597 691 1158 1787 86 29 1616 1339 1157 337 804 795 1090 984 1719 7 1391 617 1162 388 1791 1039 910 1038 1213 577 824 1094 696 1489 676 237
000354.jpg,508 64 949 1053 516 1069 1438 706 1142 1607 612 1139 588 941 1500 251 90 1665 960 503 1634 1487 1648 1332 310 507 56 75 211 104 1032 182 352 523 1701 849 1242 1594 787 1491 1038 3 1026 575 343 170 1782 7 443 1207 922 844 177 1200 958 806 111 1265 1392 5 1367 1203 777 1005 1181 633 1008 747 184 1133 625 613 559 1525 1231 1344 337 1256 1737 1196 1773 1050 1374 148 115 1091 383 1088 556 1109 1514 744 1295 691 1550 809 445 372 235 741
000355.jpg,944 1075 167 1239 1638 1380 1736 670 410 1523 1124 1325 448 134 254 1280 471 893 1251 858 978 455 323 1478 907 1769 1653 1479 1193 1694 526 1211 1452 861 1706 909 807 934 730 91 1128 565 203 1197 1010 1085 802 1693 1447 156 1099 187 569 707 601 653 146 723 607 1029 1110 1223 1430 377 1143 1259 1365 931 1556 41 682 430 317 1036 1718 719 1543 1731 1314 891 172 811 213 790 797 669 553 196 53 1510 1018 1288 1012 576 536 1160 1222 1744 1140 415
000356.jpg,634 916 80 54 144 606 504 1677 350 828 4 780 1144 1735 1597 1705 1668 769 631 1091 845 104 1235 112 1697 737 345 817 1113 521 1133 1025 911 1327 740 1181 1787 777 1420 1032 747 1256 313 1643 449 1391 182 708 443 870 1737 1572 140 806 1392 1158 24 950 619 1720 958 1005 1414 1207 559 1090 1176 1339 962 1040 225 1296 910 1674 1503 1203 1039 1254 1046 1518 705 691 795 1265 1038 388 1150 385 1397 1390 552 333 1551 581 575 1782 348 727 673 445
000357.jpg,803 371 762 1515 347 801 1043 959 1579 34 47 116 1150 1682 668 1710 673 1470 51 1254 225 1427 1630 581 1339 387 209 1516 815 330 1230 1070 1158 795 819 375 271 729 760 145 932 1206 1329 635 1081 962 1130 1277 85 8 204 1034 686 1632 1004 743 1443 837 1512 388 1174 977 110 963 1090 739 1787 1758 213 680 246 45 1455 720 489 440 324 292 61 1078 1140 1690 454 665 218 1759 468 1614 445 955 207 253 1551 750 1743 1411 1311 14 1663 1767
000358.jpg,899 99 562 687 693 1059 1255 538 1278 248 257 796 1716 985 283 349 1704 109 1202 642 185 1752 1583 1007 166 983 650 1635 847 219 142 339 1651 1564 1271 550 1114 548 1575 31 424 1258 1164 57 1732 1216 1591 1712 1235 1616 539 1757 1713 597 1047 484 1719 1449 269 1058 391 1441 97 1127 736 871 804 1612 638 912 1051 1040 1002 568 285 460 768 821 1300 29 879 1273 49 1493 533 485 157 366 262 1696 113 794 1245 1445 301 1215 361 968 510 525
000359.jpg,1255 1007 687 847 642 1752 257 185 985 899 1202 1164 796 99 1258 1716 1271 693 269 1732 1449 97 1278 391 1712 1127 597 1757 1583 912 1564 562 539 49 736 1719 424 650 1441 31 1300 142 1704 1575 1612 166 1635 1616 285 983 484 1047 339 568 113 1389 349 1713 638 1216 517 628 1591 533 1114 794 1450 460 968 804 550 262 57 1445 1307 525 1051 1273 1058 1235 615 1094 224 1059 29 713 829 301 538 366 1107 361 595 109 1245 871 821 808 494 1493
000360.jpg,404 1742 96 432 886 1787 218 680 811 1339 820 711 1173 1090 1150 798 977 1759 1110 997 14 665 1411 1455 718 1556 1427 439 1473 1511 1560 873 916 113 963 499 1311 1642 468 852 859 200 255 286 1743 1109 891 1471 1766 1543 225 195 1540 277 1330 780 1625 639 1129 28 1071 292 381 682 809 1151 1314 1254 358 4 903 479 1398 208 1166 1040 133 1786 26 121 778 1570 236 1137 51 1226 1767 593 580 1160 1598 144 1014 634 1604 1284 1419 1185 673 512
000361.jpg,678 577 1198 1429 700 1240 646 1573 124 1784 172 756 519 1409 1260 1365 1183 1721 1731 654 1018 1357 1259 394 993 1372 1054 772 1336 220 427 401 536 1435 119 1322 722 518 1 1565 1289 437 1161 245 1618 1587 781 376 1191 1548 692 201 1673 1424 10 1413 585 1659 865 334 9 1121 137 1315 658 1023 1574 279 1589 1529 291 242 1567 1747 1624 1615 757 1134 1073 1498 490 530 1517 363 1606 793 537 353 1314 1656 1556 1744 790 415 53 1237 904 213 770 1494
000362.jpg,100 574 400 1722 570 1544 1522 1711 1578 1508 556 1196 115 1709 1035 971 382 1773 393 1620 1667 1497 840 784 265 470 969 1166 1419 133 1608 1530 728 1734 1343 1083 735 982 488 843 954 61 414 426 327 1145 673 1150 1408 581 1649 1595 622 955 1141 106 306 51 1284 1003 1320 260 1025 1462 903 1440 209 54 1427 711 168 1471 473 1710 348 80 1540 782 811 351 1743 905 953 241 1232 1791 286 913 1090 645 236 402 385 593 680 514 186 127 398 318
000363.jpg,730 934 91 802 1036 1718 1510 669 975 1745 836 1085 1012 1128 1430 187 1013 931 1251 1479 909 1279 565 978 1223 895 377 723 1280 203 1706 582 1099 907 1211 1452 719 1478 833 653 1193 1288 707 410 670 196 1226 944 1447 614 644 972 526 1222 1110 167 1160 891 465 1314 156 1543 682 1484 1638 1075 1239 53 1381 1029 1653 228 1052 640 897 576 409 790 630 455 430 41 998 468 569 213 129 1166 1147 1143 1014 355 132 1423 1140 1556 399 1532 858 1736
000364.jpg,521 1391 911 1113 1327 1643 1697 112 817 87 80 1025 144 54 634 916 1705 504 1677 606 350 631 1133 1144 780 1668 828 4 705 1572 1207 747 613 313 177 1176 337 619 579 1390 456 777 1091 845 315 1235 1158 625 740 1181 345 1597 237 344 958 1791 282 1265 170 1735 962 950 633 806 1295 1262 1392 1684 1210 1256 1178 1720 160 870 333 183 1551 507 330 443 1026 24 552 676 737 1296 444 280 501 1005 575 1213 1090 961 1027 56 1397 691 1737 1787
000365.jpg,133 318 470 1166 1106 969 1419 155 982 954 61 488 1551 1734 735 918 1649 1083 961 116 955 426 1408 1320 1711 100 1709 1508 959 1576 886 1196 1324 1608 16 980 479 400 1232 34 1595 225 1598 1206 942 1700 1284 671 629 212 414 728 265 330 1150 371 514 139 1254 473 574 115 711 1145 208 556 1578 431 404 1739 1544 385 1556 432 45 811 1530 1140 782 1773 347 803 674 952 1579 924 762 1470 1585 440 1078 118 1314 1742 593 660 784 1658 1035 1343
000366.jpg,1106 318 1324 212 155 1576 918 1695 967 498 1613 101 1741 943 881 246 351 843 133 470 778 1166 392 1761 1755 1185 1654 390 1642 741 809 515 331 859 1728 1649 200 95 81 629 954 852 385 605 996 1633 1419 308 697 180 529 1109 514 980 83 1495 734 277 1590 969 936 369 955 535 1145 1305 622 1071 1634 982 1206 997 1734 905 121 977 645 1078 445 1541 238 1405 130 162 543 1658 306 1335 660 1344 488 61 106 1129 1709 431 1644 1540 1775 1528
000367.jpg,58 1000 1076 876 399 71 675 132 430 527 191 1147 1376 1309 1146 1045 1263 1082 1425 477 213 20 640 215 1028 892 288 594 1499 317 793 649 1517 1606 1140 1096 933 813 630 578 1739 825 42 1494 45 440 1204 607 1387 1068 454 1023 1556 1328 323 253 53 1498 1448 374 1481 1143 537 1314 965 1205 790 415 279 757 1624 1317 457 1063 1031 189 585 9 188 1532 1297 1554 576 1587 530 682 1543 195 770 818 1259 232 1191 437 1018 703 1093 1260 1770 220
000368.jpg,87 1697 80 1144 54 504 613 1391 606 177 315 916 747 1133 634 144 521 828 1091 777 1677 911 1668 1327 344 350 1113 579 160 112 1705 1643 845 625 1262 631 73 337 1025 456 237 817 183 1392 1295 1256 780 806 633 1005 345 1397 1265 958 1181 1737 443 4 1414 1203 1791 1684 1176 839 1027 559 438 870 1210 140 947 705 1390 721 1235 1735 1067 1674 506 442 925 619 170 704 453 501 1287 1514 282 671 1551 883 961 7 922 1178 1158 1207 1200 632
000369.jpg,1067 442 453 1287 456 925 947 839 1210 704 1684 613 1262 1791 625 506 1295 237 1027 177 315 633 73 160 285 337 579 231 1321 183 816 344 87 1456 1610 641 1169 676 1213 449 1238 350 1026 737 1597 1088 509 1735 1514 1135 769 443 1491 721 438 1551 1005 606 1053 1677 1515 1019 961 635 1091 29 508 7 202 1265 1150 90 304 204 1500 274 1043 1004 516 297 135 311 1527 1427 275 1710 1743 729 209 806 1203 243 1000 1489 1737 581 27 1630 1416 1397
000370.jpg,1002 153 1714 1122 768 354 879 1768 1331 1748 1696 1215 33 307 1342 396 1640 914 533 821 894 538 1493 35 1300 990 366 957 1188 224 1244 157 476 1482 1449 544 1396 871 262 1051 510 1746 423 1258 517 485 1255 1114 539 1575 1441 1713 899 1750 835 550 1717 1047 142 1712 349 194 1371 1245 829 1757 1307 1163 672 1399 1555 863 1485 583 562 256 916 68 50 1537 1519 666 1127 1015 285 380 696 1612 1311 628 1582 283 1445 1454 113 1113 109 424 395 29
000371.jpg,466 1247 1617 1786 1385 1143 1582 1287 404 989 925 757 1717 1411 96 415 1604 432 1485 1173 462 1450 97 816 307 136 453 395 638 1455 24 460 14 1079 1759 927 1766 1621 680 1570 4 218 1396 1296 641 1311 336 794 963 1682 463 324 309 85 1361 1742 1149 269 505 1120 468 912 1651 1456 520 171 1019 644 1543 1432 1459 639 360 790 1028 285 489 928 577 27 1023 437 422 891 179 568 206 1289 1505 1614 507 1226 518 886 1078 1740 1150 1556 430 195
000372.jpg,445 1039 74 1296 280 691 1686 282 240 357 540 1526 994 939 390 563 603 1221 589 481 878 1089 1599 210 524 1313 1113 1155 575 1025 1046 823 1680 1327 112 940 1572 846 911 705 1606 1551 585 1580 662 1517 961 1207 639 66 501 790 977 799 637 53 1747 213 333 521 844 604 1178 1096 576 929 527 1385 1556 989 1587 1541 415 1504 963 452 946 817 9 1531 1285 430 537 779 1782 1314 288 674 1023 813 87 1076 440 299 45 326 682 715 457 993
000373.jpg,1166 470 133 1419 969 61 1711 1196 1734 488 982 1649 208 1595 1608 115 954 1709 1773 1083 426 1150 955 728 1508 735 1598 414 459 1320 400 556 1427 209 1710 711 51 1408 93 1232 1630 1515 100 1298 1578 1743 393 152 1620 1252 1343 581 493 798 265 680 1284 514 1530 924 764 1678 62 827 292 811 574 1311 39 318 1180 382 14 1767 347 238 673 461 822 784 479 1330 1173 570 886 1043 218 803 809 660 473 1544 1106 1335 270 431 718 1759 1411 665
000374.jpg,1742 404 432 886 96 486 800 1056 699 1377 116 225 1254 1787 959 856 1420 180 271 1382 1670 41 586 37 1391 418 330 811 602 1284 1551 797 963 1415 1090 961 1260 305 45 1140 936 12 1083 312 735 905 61 426 440 34 469 1528 1702 1465 1672 813 65 16 487 213 1520 1680 414 982 1405 1585 1556 596 1504 488 637 1720 1103 1595 1187 977 571 514 504 962 1427 270 954 955 1540 253 561 916 497 1481 820 673 80 236 563 1150 1579 385 854 1598
000375.jpg,1424 1073 455 471 254 1246 1365 1259 172 1731 1523 646 1018 1336 448 678 865 692 518 1010 1054 401 1659 670 1372 220 1239 1638 134 654 1736 1161 1409 944 279 1325 167 323 1435 1565 1124 1121 1624 1784 188 1260 658 965 1183 1357 1548 1198 1068 363 993 1289 577 1240 1191 394 427 772 437 1587 334 1197 1023 1679 1573 700 249 530 1380 124 1673 1413 1721 10 519 378 1656 201 215 585 353 245 1322 1193 415 1606 781 891 213 410 291 537 756 1574 1143 1507
000376.jpg,1689 239 1214 117 1702 1666 37 486 1457 877 699 832 494 1417 732 648 417 1195 320 300 733 48 403 82 1730 408 1190 1718 598 316 487 930 906 836 1510 856 1013 1194 91 340 1512 1753 936 1528 1551 1279 227 139 560 16 895 1299 23 1136 204 1233 961 214 837 183 1340 1160 1036 61 266 1670 465 608 65 205 1112 1175 805 552 1027 1509 975 831 955 1111 1446 549 1541 43 982 1254 869 729 1128 444 1140 1458 1154 1034 1057 1306 746 474 1465 531
000377.jpg,445 1039 280 1296 691 74 282 1686 240 1526 357 994 540 390 563 939 481 603 1221 575 1113 1025 112 1327 210 911 524 521 1572 817 589 1680 705 1207 1046 1551 1518 1599 940 1155 823 333 961 1089 1242 977 80 828 1541 54 1038 1391 1643 552 715 348 1468 504 1720 878 326 963 1170 287 1313 501 621 809 846 144 1178 1480 680 780 186 778 385 674 14 786 639 350 116 637 634 507 1503 313 1697 1473 604 87 1090 225 1171 1126 24 218 444 34
000378.jpg,225 1254 1420 1470 1206 330 1230 1326 962 815 740 1787 959 116 634 916 144 80 1690 1579 34 1174 1158 324 54 305 504 780 313 720 739 708 314 1677 1316 371 271 627 474 13 727 1729 1025 1144 1078 4 1113 606 623 1102 112 273 1781 1697 1503 1515 16 118 498 47 1705 282 347 1614 1702 803 1327 552 631 385 828 1391 673 910 404 180 967 1390 1150 1043 331 573 139 237 817 1427 486 1417 280 1039 619 246 911 444 521 992 1720 350 1551 1613
000379.jpg,1582 1553 1044 937 1563 32 1600 463 1432 1268 1717 599 1592 1733 505 1488 1651 309 40 87 141 1079 1459 1084 360 1485 179 221 46 928 1188 1241 147 63 202 223 862 475 4 258 1790 1675 150 1355 1504 1127 348 1612 478 295 504 207 1150 544 1362 1692 1310 1261 24 1691 572 610 696 1311 113 1373 1411 1782 29 1559 680 299 1399 628 256 252 1066 1445 1282 468 472 1201 1113 809 1132 896 218 637 14 380 1791 1273 430 581 1455 1450 638 912 1554 1759
000380.jpg,208 827 1598 924 689 572 1411 218 459 1759 202 1388 493 1298 468 1252 1455 209 14 1766 680 93 1427 1678 1150 1630 764 51 1710 150 1473 809 1787 1419 304 581 590 1166 1173 336 1725 896 1050 84 778 274 1311 566 470 673 1330 133 1756 1291 1515 387 969 780 286 886 1081 1343 1767 161 292 1040 1743 711 27 395 1334 422 1506 1595 181 728 1303 665 686 255 1742 359 1038 461 734 107 426 1675 404 1043 347 1083 1608 640 1154 1235 414 522 1649 488
000381.jpg,909 1251 1211 1479 1280 526 1653 858 1694 1193 1478 907 978 1706 1611 1452 146 861 893 1447 807 601 1197 1294 1693 436 156 1423 1325 1523 1484 1638 1736 298 355 569 670 1239 323 1075 707 167 448 410 1099 944 1301 653 429 1124 1222 455 134 254 471 684 1029 1128 367 1769 1380 987 1010 553 203 719 44 565 1085 931 321 938 1430 1532 965 36 723 675 730 399 191 188 132 1223 1147 187 94 934 640 377 1425 71 91 1786 802 876 1718 1309 27 855
000382.jpg,690 268 970 1098 478 928 289 717 824 1009 696 666 1201 29 113 1738 1273 628 1612 1127 1445 736 1310 1107 1389 766 632 1290 1024 1135 1040 808 1384 520 1283 838 368 120 1490 880 1080 681 397 908 217 1422 458 1724 1078 1255 1535 517 78 1017 1712 224 912 1449 157 1450 935 638 1300 851 864 1771 335 1536 1235 1006 550 97 656 269 1269 1396 771 533 1311 990 568 1019 324 739 460 977 584 794 484 680 366 256 1681 663 226 297 927 276 745 891
000383.jpg,1346 752 754 1369 1787 1190 1730 906 868 759 267 103 1420 657 900 1293 169 1062 497 1382 388 1337 1626 305 1465 571 694 1254 1758 795 65 618 1115 1364 264 303 259 330 1742 1477 225 1326 404 1664 1090 432 962 1339 959 886 1740 313 673 815 1584 1375 1206 116 51 581 1150 271 165 1427 418 209 1630 1411 1720 977 1551 41 1670 1025 1470 1759 963 468 34 797 218 28 462 596 1455 842 680 1579 1421 686 1081 96 1140 740 1113 1415 1273 910 698 54
000384.jpg,248 283 219 1651 548 109 1539 538 550 1059 157 463 1255 99 1716 562 31 1704 294 166 899 1278 1732 424 185 796 339 517 687 1164 57 391 879 525 985 349 1752 693 1202 768 597 301 1216 1002 1712 642 1015 257 650 1300 366 1564 1696 1555 871 983 142 1537 1583 853 533 1575 1493 1591 1114 1713 1007 1757 1245 1307 35 1258 568 638 49 847 821 1215 1271 510 484 97 829 269 1441 1449 222 912 1635 1244 927 794 539 460 1746 1733 1047 50 1058 1461
000385.jpg,1052 129 228 1226 1288 644 59 897 1381 465 614 998 490 972 1567 1108 409 904 1246 1507 1160 1110 1593 891 1014 1 1033 1322 620 722 1543 245 682 1370 1529 1315 1435 576 1548 1314 1556 53 1328 1618 415 10 790 1659 201 1260 865 137 1161 1413 1589 195 1143 20 1140 793 833 855 1624 594 213 437 427 1183 1000 813 42 772 1577 1721 1031 1494 1224 1357 1673 1096 692 1125 253 1510 394 1574 1279 1297 895 334 1101 836 872 640 1013 1082 1718 1554 1604 582
000386.jpg,1487 1648 503 75 507 1550 56 251 3 1607 1242 588 1500 516 1069 1053 1142 1207 508 90 949 310 575 706 849 1332 383 111 787 343 184 64 705 104 1594 1032 1643 1038 1438 182 1139 1518 207 333 164 211 1645 960 352 1701 1026 1782 1001 674 883 1720 1634 1286 612 1551 295 1200 961 130 1008 744 170 7 1198 24 1491 1182 1178 844 337 1233 1572 1344 115 1301 148 941 1231 1330 523 1672 1170 1196 87 1090 1473 1791 671 218 312 514 1434 540 1157 1105
000387.jpg,1663 1767 1743 665 1454 292 18 480 255 1335 495 558 482 1137 945 511 1368 629 385 1145 1703 348 591 186 342 1060 19 1403 1676 652 72 515 319 711 593 392 1156 798 1649 1320 1083 61 811 426 488 954 980 735 1601 414 1595 955 942 1560 982 718 820 873 333 780 479 1232 1759 1038 1614 680 1455 1511 1411 218 545 468 62 473 431 1316 80 102 1025 1151 1180 81 1408 1166 1566 244 14 843 144 809 13 1419 952 727 852 546 916 634 225 1781
000388.jpg,634 916 80 54 144 606 1677 504 350 828 4 780 1735 1144 1597 1705 1668 769 631 1235 737 1091 104 845 112 1697 1113 345 817 911 521 1133 1327 740 1025 1787 1181 449 777 1032 870 747 1256 1643 182 1420 313 140 1158 443 24 619 708 1005 806 1392 1737 1391 1572 1720 1176 559 958 1674 1339 1040 950 962 1414 1296 1090 1207 1150 1203 1551 347 1515 87 705 225 910 1039 1038 1518 581 1503 1390 1265 388 803 961 691 621 27 51 552 1710 1514 795 333
000389.jpg,1255 847 1007 642 687 1752 985 899 185 1202 1164 1449 1127 693 257 1716 1271 269 1712 1258 736 796 1732 97 99 1583 597 391 1612 650 113 49 1278 1389 628 31 1564 1757 562 424 539 1445 1300 912 1704 1719 1575 484 1273 550 349 1616 568 1441 1591 1450 517 638 983 533 1216 713 794 57 166 460 29 968 804 142 285 1107 1635 1114 808 262 1047 224 339 525 615 361 1051 1058 1713 1290 666 109 1235 821 1307 595 366 1245 829 1493 1750 1040 1059 50
000390.jpg,466 1617 1247 1604 1385 1143 463 989 136 97 638 460 1570 269 1621 1485 1786 794 415 518 1717 1651 891 1543 1396 641 912 1582 757 475 206 195 568 927 644 928 484 1432 1450 1586 1494 462 147 505 24 309 395 179 1712 171 682 46 285 1110 1120 548 1556 1624 109 279 1022 1411 1638 1028 1691 96 790 360 14 1314 214 404 188 1736 1161 1733 1160 610 349 1317 307 577 1173 1114 1273 1226 1766 1023 640 1504 614 1759 221 1125 432 142 1082 872 876 1455
000391.jpg,1020 1687 1562 181 1725 489 695 1678 161 566 764 336 1173 1252 274 493 1298 459 1766 84 93 680 468 1411 1455 1311 1759 14 1601 218 1291 1473 1330 1050 809 778 95 1521 227 967 734 1179 358 1639 28 369 943 973 1060 665 292 1663 101 362 311 640 891 1150 19 480 1767 1095 1743 1226 5 159 1288 195 465 42 1140 150 1334 266 1741 837 297 255 728 682 208 20 381 1512 635 1292 644 495 378 213 202 18 1314 1460 1109 133 1004 881 585 1734
000392.jpg,430 58 399 1000 132 675 1376 323 1076 1425 191 876 1147 1082 527 1045 71 640 1309 477 254 455 892 965 471 213 317 1146 933 1028 1498 630 20 1523 215 188 1263 793 649 607 448 1096 1606 1739 1517 1010 1140 134 1638 1325 1068 1143 288 279 813 1075 249 1387 670 1448 410 1556 53 1499 440 790 45 1494 526 415 457 858 594 1328 1380 1554 1624 253 1653 1314 1317 1259 1018 1239 1197 578 1211 944 42 167 1365 1736 1770 1124 1769 1532 891 893 1023 1204
000393.jpg,470 969 1166 1419 133 1734 1530 1608 728 1343 100 574 400 1711 1544 1722 570 1709 1522 843 464 1106 318 115 1083 1196 1578 556 488 1508 982 735 918 954 393 414 1649 426 971 1773 382 155 61 392 1320 1595 1620 1324 545 593 1035 782 260 1667 955 473 1284 431 784 286 212 903 52 152 1540 822 660 561 265 26 1700 514 809 270 1408 1576 385 1471 1071 326 1152 1603 778 1305 238 1232 980 811 734 1319 942 102 1585 236 529 108 244 948 1497 1145
000394.jpg,326 715 786 709 977 639 963 499 604 286 1641 903 1471 948 26 1366 1540 1421 131 421 1071 122 406 926 929 55 260 1284 1363 779 561 822 964 238 710 151 445 1055 236 1074 514 1152 439 467 1187 1305 953 168 512 1039 792 660 328 979 390 402 108 529 414 735 890 282 611 691 1319 1440 1776 426 270 61 66 261 799 662 946 1354 488 1585 1595 677 1552 603 994 1598 1083 123 991 1419 280 52 919 1025 790 208 133 45 470 954 440 255
000395.jpg,730 1036 934 1718 802 91 1510 1745 669 975 836 1013 1085 187 1430 1251 1012 1128 931 909 565 1279 978 1223 895 723 1479 377 582 203 833 1193 719 907 1211 1288 1280 1226 972 1706 644 1452 196 1222 1478 1099 670 1110 944 614 1160 653 156 465 167 891 707 228 526 1484 1239 410 998 1638 682 1532 1075 1052 1543 1567 490 640 1314 630 409 455 129 298 355 1143 1111 53 790 1029 1736 1423 1014 664 1523 1108 430 569 897 399 1447 1147 415 576 1556 1328
000396.jpg,577 1198 700 1240 1573 124 519 1429 756 1260 1357 1183 1784 394 427 993 678 772 1721 119 1365 646 172 1731 1289 1409 654 1018 1259 781 1587 536 1372 1336 220 1054 401 437 722 376 1322 1 1548 518 1673 334 1435 585 1574 1161 1191 245 1023 1565 1413 1618 692 9 1121 353 279 1424 201 10 530 137 1624 1659 658 865 1498 757 1747 1315 291 1615 1225 1679 213 1134 793 1529 770 1517 1589 1556 1606 1140 1073 537 1237 317 1379 1101 790 20 1744 242 415 125
000397.jpg,136 1385 989 1570 620 1624 1617 1604 1621 1786 206 171 279 872 1143 415 1494 195 518 682 1082 1543 1387 1328 576 1314 1556 477 790 188 891 53 401 1336 1160 1014 640 1224 1054 1110 1372 1554 965 1033 42 1028 1031 172 855 232 1370 692 1739 1770 865 1565 1022 1365 1659 1395 1161 649 457 614 1125 654 1731 1593 630 378 1259 98 1425 465 1507 1532 1424 1567 998 1656 437 430 220 646 644 213 1726 20 1140 1226 427 1275 972 332 1288 1045 1183 1577 793 1498
000398.jpg,33 1342 396 914 476 354 1441 262 539 485 1258 1051 1768 1114 1331 1575 307 1748 1307 1245 1493 35 510 829 1002 863 1244 1746 517 157 821 1640 1750 583 957 899 1519 525 224 853 1461 1255 768 1555 349 50 301 1547 380 538 597 724 1698 391 423 672 49 1015 550 716 834 1188 544 1300 533 894 562 1732 1696 1215 285 1100 366 420 990 1705 1712 731 1164 1583 1459 31 1485 153 693 666 1445 879 29 424 696 650 1127 109 758 916 159 1635 1084 1396
000399.jpg,920 679 956 683 848 398 1236 1308 702 602 79 1400 39 487 1772 1670 609 776 127 27 126 462 395 149 986 60 1629 422 176 428 1154 805 247 359 1596 1417 1360 461 586 1303 560 1299 1064 154 869 278 1359 831 107 1657 1623 554 1569 1078 1228 324 1533 1474 739 935 740 1535 1614 1383 711 621 479 798 832 494 246 1560 61 974 404 811 403 1595 426 1166 826 1339 1158 1173 718 1625 414 1311 133 858 1419 1049 1649 470 408 629 300 1145 1638 955
000400.jpg,133 470 969 1166 1419 1608 1711 1734 208 1530 1508 1578 735 711 1709 556 1598 115 1196 1150 1343 827 1773 640 728 961 1311 1427 1620 393 790 209 51 798 682 53 274 1551 886 1710 1453 459 1556 924 1678 1314 100 1143 1001 811 265 680 1376 61 400 1408 415 488 1083 1725 1252 479 1515 1173 1595 93 762 1298 1625 473 382 426 1786 1739 1700 1212 84 489 954 784 581 14 1284 695 493 1497 195 1232 161 891 1350 1630 576 764 1125 1667 1659 688 318 673
000401.jpg,310 343 787 352 1645 883 148 1182 1178 922 501 1491 1200 184 889 1671 744 1701 849 7 671 90 411 1276 674 844 528 1580 251 1500 600 1416 1607 383 1105 1142 1157 588 1672 516 961 1069 1453 1487 1434 1551 503 1088 1053 509 1648 949 164 56 1233 1001 111 135 507 1126 508 1242 1038 1367 3 139 1594 1112 16 337 910 1170 1791 1684 287 625 170 616 1720 75 1231 1295 6 1306 444 552 118 947 705 1210 1207 661 1446 1468 706 575 1025 1458 613 579
000402.jpg,400 574 100 570 1722 1544 1522 1711 470 969 1578 971 1166 1709 556 1508 1196 1035 115 1419 133 1620 840 393 1773 382 1667 1497 784 265 1734 728 843 1530 1608 244 1343 954 488 982 905 1083 61 735 1649 605 351 1344 1408 180 108 414 392 955 1528 306 1003 622 645 373 980 1320 385 515 1462 106 202 1141 1071 1540 236 1471 426 677 1284 1145 327 514 903 318 1106 1356 431 295 942 286 241 130 936 1232 545 290 748 473 913 1056 1319 260 1302 1066
000403.jpg,494 701 1605 1049 733 1753 1194 1509 320 877 557 37 48 239 1623 554 1569 1657 732 560 805 461 831 1359 1299 278 1702 869 1154 446 359 1214 1118 1111 107 974 487 598 1400 1360 746 1228 1647 1116 1236 602 205 1561 1637 1631 403 848 664 884 117 930 300 1077 176 776 408 398 39 316 683 702 920 647 1457 1308 1340 61 609 1772 735 340 832 956 955 79 1408 679 304 982 1232 417 1595 127 142 1629 1196 954 898 1417 149 426 1773 1711 556 1083
000404.jpg,133 318 961 208 470 1106 1551 1166 1419 1598 116 61 969 982 1196 1083 1734 488 735 1649 514 809 1608 778 918 227 1001 955 827 954 886 924 1508 34 426 1050 1233 1672 1179 1311 556 1173 1298 671 1254 155 1150 1339 489 1739 1252 432 1343 1521 115 1284 1140 680 1639 493 1720 45 1320 1595 1455 629 1530 16 1711 501 7 213 1126 168 959 1305 728 803 1742 399 552 414 440 385 903 1585 1787 1743 1710 1145 1579 1411 1766 1330 400 100 1473 1427 549 238
000405.jpg,133 1166 1419 470 969 1734 1530 1608 728 1343 1711 400 100 574 570 464 1544 1722 1709 115 843 1196 1578 1083 556 1522 1106 1508 318 488 393 1773 414 982 735 426 1595 954 918 61 1620 382 1649 1667 955 1284 971 784 1320 1035 473 155 782 152 809 593 514 1408 286 260 903 392 1598 431 660 1540 822 1497 270 811 265 561 1471 680 1232 1700 711 1150 209 1743 385 1324 778 212 1427 14 1305 26 1330 208 52 238 545 236 1145 529 1663 1363 1071 482
000406.jpg,969 1608 1709 1530 1166 470 1419 133 1544 100 728 1343 400 1722 574 1734 1522 1711 570 1578 1508 556 115 1035 1196 382 971 1620 393 1773 1497 1667 265 784 840 464 735 206 954 61 244 1083 1545 1150 982 171 980 875 843 682 640 1649 488 1106 318 1145 1700 25 1408 415 97 1232 858 461 1658 955 1314 151 473 790 431 782 1647 1562 1320 1710 1110 1376 150 426 1786 1311 1556 202 1642 1143 665 952 1595 1569 1072 1566 1173 1111 1350 891 1604 53 942 664
000407.jpg,891 1014 1160 1110 1543 682 576 415 1314 790 1328 1556 53 1143 1739 614 465 1554 1288 644 1226 228 1567 1052 129 1494 630 490 1532 897 42 998 1624 1381 59 1082 1507 1425 477 640 213 195 20 972 1246 904 1593 1140 1770 1499 1387 288 620 1370 813 279 1028 1260 594 1570 1031 1659 1123 793 989 578 401 1385 136 1395 1022 374 1617 865 1224 215 430 125 1318 1 1548 457 649 253 1054 1045 1336 1322 1204 454 1259 1604 440 530 518 855 1297 965 1372 1033
000408.jpg,1157 915 1105 674 623 1182 118 16 1102 1453 744 444 148 1178 1276 1431 411 671 1671 139 889 1645 501 308 600 883 910 552 1729 184 312 1468 849 661 528 1701 1720 992 1580 1170 1231 1434 310 1103 1001 961 164 1458 343 1551 1233 1112 1038 287 950 7 234 573 787 922 296 469 1126 1644 1672 1781 1200 352 13 1518 1264 1480 727 1491 1171 1316 1715 1572 1057 616 90 627 331 83 273 923 1594 1367 844 474 337 1025 1697 1684 1327 1503 282 741 1286 1030
000409.jpg,1180 62 1466 651 464 1743 292 255 1335 1767 665 61 482 1408 1663 1137 1642 558 1109 480 955 1232 1419 954 1454 426 1649 414 1595 488 852 200 982 1083 1185 1711 18 207 277 859 556 1476 1196 290 1150 919 121 295 1166 1455 115 1451 1373 1320 1339 468 1344 1492 735 1751 470 1678 243 969 942 711 715 680 718 328 882 1404 348 1773 495 499 133 218 991 980 977 946 1433 398 662 459 1759 581 21 1578 1785 820 685 51 293 14 1411 514 496 39
000410.jpg,1718 1036 1510 1745 836 730 1013 91 975 802 934 1279 895 582 833 669 931 1128 1430 1085 719 187 1223 565 1012 203 377 410 196 938 972 723 156 569 987 1193 1251 1029 263 1222 998 409 1033 1484 36 1381 640 129 897 670 978 448 1108 1226 909 965 455 134 44 1543 1523 1288 59 399 1160 1211 891 1010 465 1099 1532 872 132 707 653 1197 321 1052 944 27 526 1143 422 1110 1411 907 477 1693 1028 1239 1638 675 430 1014 1498 1425 1147 1479 614 682
000411.jpg,315 73 839 1262 160 177 613 704 344 633 456 579 1067 625 237 947 1295 1210 1684 453 1027 183 1791 442 337 506 925 1287 87 1414 285 747 777 438 140 958 816 1091 1265 443 1203 806 1005 1456 1256 1392 1514 1737 845 1674 1133 559 1144 606 1397 1181 1169 1026 922 1668 671 916 501 1697 1551 1200 1610 80 1178 7 961 1135 721 1645 112 504 1025 883 634 844 148 1113 641 870 1720 1182 1327 1491 1126 521 1672 350 1391 1088 282 54 623 817 615 1235
000412.jpg,1019 689 1334 1384 478 1024 1009 928 1584 717 1135 1098 1506 698 1490 1527 1080 268 1078 397 1535 1724 289 1422 908 226 681 628 78 1459 1079 935 1538 1771 1006 324 696 632 635 217 740 1632 1150 1614 246 1738 1559 1486 1084 758 311 1095 1681 1287 1282 771 113 1445 362 297 159 816 520 925 1269 666 864 276 1213 1004 1201 29 1149 766 1310 775 1158 85 1610 990 1206 1582 67 4 581 1463 51 1612 1470 851 63 1699 1127 824 739 453 762 673 676 225
000413.jpg,1519 1547 863 583 1307 1461 285 731 716 396 301 1441 1258 420 517 1051 539 33 262 914 829 724 899 834 1114 1245 510 1698 1746 485 525 853 1493 1100 1575 380 1244 1485 35 597 423 391 1342 476 1555 1015 672 1255 1750 1399 821 50 157 1732 1622 1220 1691 1768 1164 595 789 224 1084 638 49 1351 349 927 1459 550 484 222 568 1716 1713 1650 1612 1712 113 1450 257 31 142 166 796 912 1300 97 538 109 1047 311 1066 1591 879 472 1079 1002 354 1331
000414.jpg,1633 1552 514 238 529 1284 822 1187 512 1585 792 1363 660 1305 270 261 2 903 26 1540 1471 1152 286 406 948 434 888 1074 1440 979 1055 260 561 1437 168 467 1347 791 1267 236 564 439 785 1406 866 55 1071 1366 1037 1209 546 1151 820 1412 1184 811 873 677 173 857 964 953 1511 1788 143 241 407 1749 1777 108 850 814 402 718 611 645 1625 798 1048 1462 277 1405 200 1156 542 342 52 1356 767 1496 852 1185 121 711 622 1199 1335 997 558 1642
000415.jpg,1494 136 1570 989 1385 206 1621 1617 1604 195 171 640 1786 1395 1387 1770 457 415 620 1726 1143 790 1624 855 1328 53 891 1556 682 576 1160 1028 1314 477 1543 1014 1110 1224 1577 1125 649 1554 42 1376 1739 232 630 1022 1425 279 1082 98 430 892 1532 188 465 614 594 818 332 213 1031 20 1226 644 1288 965 45 1140 440 1567 793 1499 998 288 1033 129 872 228 1000 454 813 215 253 518 490 1123 1205 1275 1191 607 378 1309 1498 1045 1370 1076 1052 1381
000416.jpg,1582 1733 258 223 463 1692 252 360 1553 1651 309 1717 1044 1485 1563 505 179 1432 32 548 4 1691 472 46 1220 1399 221 40 1188 1488 599 544 475 1268 147 24 222 990 1639 336 937 285 1714 780 957 522 1100 1600 464 420 380 1362 1592 1235 1050 307 1439 202 862 1261 1459 728 925 1311 1173 1554 28 150 789 1396 1725 63 1334 1787 430 1143 1296 624 1079 453 1385 219 141 790 1766 348 1040 641 610 1640 87 1675 144 1556 466 809 1355 1698 14 333
000417.jpg,752 1346 754 1369 1190 1730 868 906 267 103 759 900 169 1062 1626 1787 657 618 388 1758 259 1477 1664 1420 1375 795 1293 1337 1465 571 1254 497 694 541 1364 1584 1382 1339 264 89 1740 1150 1090 1411 673 387 22 1016 51 686 305 110 1427 581 1759 1630 1516 303 313 1710 65 225 1455 435 1401 1115 815 468 1081 28 209 959 1273 1127 1177 680 786 1445 204 1742 218 29 698 1110 1050 113 977 1311 34 116 1470 750 1612 432 1252 93 743 1298 819 682
000418.jpg,153 1002 1122 879 285 1696 768 1215 1449 224 894 821 35 1714 538 1493 142 1713 157 1750 1768 517 1244 510 1399 871 1300 1047 533 354 366 307 990 1245 829 1748 1396 1712 1331 1255 1757 1485 835 257 1746 899 1482 957 423 550 1612 1640 1307 50 1389 641 1650 544 396 113 525 33 704 262 349 863 808 1441 736 1015 1220 853 539 1107 453 666 147 628 796 1456 1114 816 256 672 916 925 914 1445 1051 1135 1691 1575 1127 1258 1164 1362 1342 68 1290 475
000419.jpg,1433 266 1373 290 207 295 1189 421 158 243 275 1751 1451 567 905 229 1404 180 1341 1153 1056 800 373 216 1304 1377 133 1166 255 1335 665 292 514 1284 488 1151 480 1649 61 1083 1767 1743 470 1419 238 954 558 482 1454 1663 982 820 822 1137 660 1734 1150 414 728 811 955 1320 426 969 903 529 1363 856 735 680 1180 18 1540 1552 1471 270 277 62 1595 1710 963 1311 512 489 392 1411 26 1455 852 51 486 14 385 1305 286 1759 1145 1511 347 348
000420.jpg,839 315 1262 73 160 704 177 613 1414 456 344 1067 633 1027 183 947 237 453 625 579 1684 442 1295 1210 1791 337 925 1287 438 506 140 1514 87 1203 1674 1005 285 747 443 806 958 777 1737 1265 1256 1392 1091 816 1088 721 1026 845 559 922 1133 641 1397 1456 671 1491 501 1551 1200 1580 606 135 1306 509 7 961 1001 1735 1144 1178 844 883 164 1367 1233 870 1645 1169 352 916 1112 1668 619 706 1446 631 1672 1126 508 80 1705 674 1416 1720 1181 452
000421.jpg,133 1166 470 969 1419 1734 61 982 1711 1649 1083 1608 954 488 318 1709 479 735 426 208 1508 955 1106 728 1598 1595 1408 711 1320 1515 1150 1196 347 886 1232 209 100 1427 1773 1551 265 115 798 1630 1578 803 1743 1710 961 414 1530 34 51 116 924 400 1343 811 1173 556 292 827 1311 918 1284 459 1298 980 1560 1620 1043 762 514 581 473 93 574 1252 62 382 393 784 155 629 493 489 1145 593 942 1625 1663 1157 665 764 680 1739 671 1314 432 1678
000422.jpg,1068 1731 1365 220 646 1096 518 1679 1031 654 1259 1225 1336 678 353 933 334 1424 172 1448 401 1018 279 1054 1023 1317 1260 1673 1574 530 437 577 993 1624 585 1073 1587 1548 1289 1161 1198 781 1372 519 1573 1237 1240 1191 1409 692 124 865 770 1606 1565 700 41 596 418 1147 537 1784 1659 378 1517 119 757 756 215 1357 188 376 1747 1134 1045 1615 125 42 536 1183 394 1101 797 1146 1435 1263 772 1429 9 1076 10 1217 1204 427 658 1415 1121 189 374 1379
000423.jpg,133 470 1166 969 1419 208 1598 961 1608 1551 61 514 1734 1311 488 1083 1649 680 1284 426 954 735 982 728 827 1173 1530 116 318 1106 924 1150 1363 238 809 955 886 711 14 1709 1343 1305 34 660 1595 903 1330 1473 671 778 1252 414 822 1427 674 1298 501 479 218 1455 1710 1320 260 468 16 1759 1711 798 51 459 1742 493 1766 529 762 1678 445 1196 489 286 432 811 168 1126 1182 26 1585 959 93 1743 1508 270 347 803 1720 115 764 1672 1411 1515
000424.jpg,248 283 219 109 1651 548 1539 538 550 1059 1255 157 899 562 99 463 1716 31 687 424 185 1704 1752 1732 1583 693 1278 1202 166 985 642 1007 349 1164 650 339 1712 1591 1216 1258 597 391 1575 796 301 847 517 257 1564 1271 983 57 821 484 768 49 269 97 568 1002 533 1493 539 1235 1441 1300 366 35 879 1757 794 1307 510 638 1696 525 583 294 1245 460 1555 262 1114 1450 285 142 829 396 912 1635 224 1215 853 1015 1127 1051 914 1058 1612 927
000425.jpg,1787 1420 752 754 1190 1730 1346 906 1369 169 657 1626 1062 868 1293 1254 759 103 618 267 305 900 388 1584 698 28 1115 1337 313 225 795 1758 708 1477 497 395 694 571 1382 1375 462 65 1664 1339 27 1465 1506 404 422 962 1470 1364 1326 259 815 1090 1334 330 1150 1303 1427 581 303 4 1742 1411 780 1521 51 432 209 673 1455 1630 468 264 1759 686 387 96 886 1740 1206 541 916 1639 218 680 689 1725 80 336 144 1766 14 837 1173 1562 891 1543
000426.jpg,803 1043 801 1515 347 371 762 1150 1710 51 1630 673 1427 387 581 209 1516 1081 271 743 34 686 1579 815 1130 8 959 1682 47 750 116 330 885 962 1119 668 110 225 1520 1778 1254 1016 22 69 1470 272 1339 1230 795 1177 1158 1660 1172 819 729 932 145 435 1206 760 1277 204 1401 85 966 635 1070 1512 1034 388 977 1329 375 837 1411 1758 1443 1455 1787 680 1004 900 963 89 809 14 1632 759 1311 1759 468 786 1330 1173 499 218 489 778 213 752
000427.jpg,801 1515 1043 803 347 371 762 1081 743 34 1630 1150 271 387 1520 1516 1710 51 673 959 750 1427 885 209 686 581 1119 116 1579 110 1778 272 47 8 22 760 1016 1130 69 815 1177 1660 819 962 668 330 1172 1682 1277 1470 1230 966 435 145 225 204 932 1401 729 1254 500 85 837 1339 1512 1070 1206 714 1443 89 1034 1329 1158 635 1004 795 375 541 1632 977 759 594 103 919 213 662 900 1570 267 989 445 1492 809 799 53 415 963 328 790 440
000428.jpg,1761 452 1449 1255 1712 349 899 1059 1040 736 518 838 1651 463 1235 1612 562 1583 1127 1122 957 544 693 1719 1445 637 307 879 109 1051 1485 1640 24 153 1716 460 666 113 164 1188 1273 1201 198 31 696 548 1025 1768 1782 1748 1113 1336 794 1504 1735 380 484 112 643 29 1090 891 1493 1488 517 1216 50 172 86 1591 1046 423 1065 299 1733 1713 1588 650 1624 1696 1575 1750 309 46 1162 1365 1779 224 834 1032 628 505 142 257 1572 749 1331 333 829 1594
000429.jpg,352 787 310 844 343 1491 1645 922 1200 1701 7 883 148 516 1607 1672 1416 184 1088 509 1069 501 961 251 1551 90 1053 1434 1500 849 949 383 503 1580 1182 671 1178 1142 508 744 135 588 1487 889 1671 1367 1648 1038 3 706 1242 111 1126 674 75 1001 1306 507 56 1233 1594 1157 411 1276 6 600 1112 287 1453 64 1720 528 910 1105 164 575 1170 1231 1446 846 1791 552 1032 625 1438 1458 337 115 1684 705 1067 1295 444 613 1643 182 1468 1332 177 104
000430.jpg,336 1766 218 1330 14 680 1473 1759 468 1411 1455 1291 1173 1311 459 1252 1298 93 493 764 274 566 1678 1725 161 84 181 1050 725 695 489 1687 491 809 1020 778 1655 734 95 1562 101 369 943 967 1741 973 881 1518 1242 1767 333 498 1787 575 348 1150 292 1109 1038 1572 208 1743 780 28 665 1613 186 255 1642 1598 1720 225 1663 1503 133 1639 1170 1427 1676 358 1166 711 1521 51 1207 1630 4 150 144 209 465 977 1515 798 580 18 1040 470 1710 444
000431.jpg,1573 124 519 700 577 1429 756 1240 427 1198 119 1183 781 394 1357 1289 1260 772 993 1784 376 1587 646 172 678 1721 585 1365 1731 1259 1054 437 1018 1409 401 536 9 1372 220 1336 1673 1548 654 1322 1023 334 518 757 722 1 1574 1517 1606 1424 1435 530 353 1191 537 1659 1747 1121 865 1217 279 1161 1498 770 245 1413 692 1096 1565 1225 793 658 1063 1624 1205 213 1618 790 1679 53 1556 189 1615 317 1068 415 1297 1073 1076 607 1134 1570 1314 527 1031 576
000432.jpg,285 1351 899 1002 349 829 1245 1255 517 35 1258 1051 1575 1441 539 257 821 510 736 693 1583 1114 1127 157 538 311 914 1485 863 1746 1445 297 1712 1750 142 1493 804 1307 1414 29 1389 1696 550 1215 990 853 1719 1047 485 153 1399 916 758 525 1244 109 666 1273 262 597 704 1362 1062 796 1612 583 1164 562 894 391 269 396 1713 50 879 224 113 1235 768 484 641 1507 33 1449 476 1278 925 1547 1519 301 628 1342 49 1486 775 1226 1716 870 548 1616
000433.jpg,285 1255 899 1127 257 1258 1719 736 1616 1164 1612 1712 185 628 804 1716 693 687 1583 642 539 847 1007 1752 1445 269 1235 1094 796 29 97 912 142 1441 1449 113 484 968 985 1107 550 1575 615 1271 1732 391 349 538 1389 597 1047 99 1273 562 460 49 808 1202 1040 1278 638 1114 1713 1635 1201 517 224 1450 821 990 666 31 713 1051 262 568 157 1757 361 1245 650 1310 1349 525 533 1489 696 794 35 1216 109 829 928 1300 595 1307 1651 1493 1750 1065
000434.jpg,326 715 786 709 977 639 963 499 604 122 421 1641 1421 131 710 779 929 926 328 890 445 1776 919 464 662 946 1354 799 151 1492 991 287 1039 470 1345 282 1619 280 1419 441 1476 414 133 1083 735 691 14 954 488 286 1483 969 1296 680 1166 1221 563 426 603 123 1311 66 1025 1595 1284 1540 1126 761 790 61 1556 1649 558 390 255 882 74 213 482 1711 809 1343 1335 811 1598 102 53 502 903 1327 277 997 1373 1402 1471 412 1466 1137 1455 728
000435.jpg,1106 318 1324 155 212 1576 918 133 470 1166 1544 969 1734 400 100 1695 1419 1508 1608 556 115 1709 574 1196 1035 1620 728 393 1522 1682 1711 982 1578 1530 971 954 570 1773 778 1150 488 809 61 1551 1649 1722 735 101 265 431 1083 943 967 514 382 260 130 489 1343 246 45 445 1320 955 454 961 440 371 1145 1700 959 213 385 803 1408 1627 1356 1570 1206 328 1209 1658 1497 116 238 784 189 390 1470 980 168 1613 106 622 529 437 88 1090 1311 1140
000436.jpg,1424 865 1659 1073 1161 1784 1357 1183 772 394 427 1721 692 1409 1656 678 1529 1573 1565 1246 1260 1240 577 1429 519 378 124 700 756 1593 1259 1507 1018 1365 654 1731 1289 1315 1435 781 1198 722 993 646 119 220 42 1322 1 1548 1587 172 363 904 1054 1336 1615 1372 1574 334 518 401 1673 1618 1134 376 245 1567 437 490 291 201 585 353 530 1370 1225 9 279 137 1023 455 770 1624 10 703 471 1679 658 536 254 1413 242 1191 757 1589 1297 1121 891 1110
000437.jpg,285 1351 1051 899 863 1485 1399 1750 484 1245 349 1114 1079 736 370 460 1307 510 1459 1547 35 829 4 1461 780 1691 914 1258 1746 539 517 396 50 1255 1220 1712 789 476 1127 1445 804 262 641 420 1441 1493 894 583 838 1519 1575 1488 1002 33 794 1040 1342 821 1244 1401 1235 224 990 891 362 475 731 1559 311 1293 1122 1414 724 1449 1719 694 46 704 1612 222 1062 147 297 716 853 957 525 550 1084 1622 157 1017 485 269 834 1362 1149 1651 109 686
000438.jpg,1659 865 1161 692 1656 1565 1424 1073 1409 1507 378 1529 1593 678 1259 1365 1018 1721 1246 1183 772 1357 427 394 654 1784 42 1315 1731 1435 490 904 1336 363 1567 518 1054 1372 220 172 646 401 1 722 1615 1573 1134 279 1260 245 291 1322 1429 1618 201 1370 519 700 972 577 756 1240 998 1548 137 1624 10 781 1289 1022 124 644 620 228 1574 1288 119 334 995 376 129 1108 703 1191 1673 1033 1052 1226 1413 353 658 195 437 993 409 614 1224 232 1198 1679
000439.jpg,285 1002 153 1122 1696 35 1750 510 1493 879 1768 1245 829 1215 396 224 157 768 821 1307 863 307 1244 517 33 894 914 1746 1342 539 1331 262 1399 1441 538 1351 1051 1485 957 476 50 853 1258 423 1255 1114 544 899 1748 525 1713 990 1449 1640 1047 1575 142 1712 257 1461 583 354 485 550 301 834 349 1691 724 1389 1396 672 916 1220 1612 1547 391 49 716 736 1698 1650 597 1714 871 1164 1519 1188 1445 256 380 1757 835 1015 1127 533 808 1300 1732 113
000440.jpg,392 102 593 545 1083 954 1649 488 1320 982 414 431 980 426 61 735 1595 955 782 152 62 473 1603 1466 1700 1232 1180 1408 942 651 952 81 1219 1566 464 1743 665 255 1767 18 292 977 1663 1335 997 1454 499 1137 482 639 811 495 558 711 963 286 1775 903 480 1540 1455 1092 798 1284 1471 799 133 1492 131 14 1734 348 822 680 1040 511 1339 385 514 1235 1419 439 913 1783 260 468 1421 780 1071 622 1356 809 1676 652 218 1787 1411 70 1185 1437
000441.jpg,1670 679 683 956 920 848 621 1308 149 602 127 1236 126 398 487 702 27 1400 462 1596 60 1299 395 239 560 869 805 428 247 1702 359 1154 986 494 1303 831 609 1359 1417 1064 278 586 79 1360 1605 961 399 117 1569 422 461 486 134 1623 1228 1474 733 1194 826 648 405 1049 385 1677 205 1753 565 554 1214 37 701 320 1657 1504 637 61 504 699 39 1528 1551 1128 333 1076 1743 1031 1735 410 216 58 936 493 552 29 348 418 1298 292 832 1787
000442.jpg,157 517 550 538 1015 1537 672 1712 1555 423 1493 31 768 1255 821 380 35 224 1002 283 1300 834 548 533 1244 366 990 510 219 871 1100 1716 354 1047 248 1713 1307 1650 1696 863 142 829 724 1746 1757 1216 109 1591 1768 1748 1750 1215 1698 583 1058 1651 420 1331 307 301 1640 1539 716 1461 424 1245 853 257 894 957 256 1547 1519 879 899 693 1188 1278 339 544 99 525 166 562 396 50 391 349 835 731 1704 262 650 539 1396 1583 1485 33 597 914
000443.jpg,1670 679 956 683 920 621 126 848 1236 149 602 1308 127 398 1064 1474 702 487 247 60 428 1596 986 27 609 462 961 395 1551 1702 79 552 586 359 1468 1400 1154 445 239 1140 974 39 1720 399 186 422 1743 1455 1170 1759 292 501 134 45 444 1299 348 16 504 1078 869 1113 1411 910 805 1039 213 468 385 1518 970 1038 1504 680 733 1158 1303 440 1672 1178 575 218 1753 1480 1252 287 139 1772 856 809 333 665 459 299 560 1126 1194 280 1298 1025
000444.jpg,1307 863 583 1461 1015 724 1519 1555 672 301 1547 1698 716 420 380 396 157 538 33 914 834 1342 829 1245 731 1100 1746 539 1441 510 476 262 35 1244 853 517 550 354 1493 1258 1114 1002 485 821 1750 224 525 1051 1575 423 768 1768 391 50 1255 1331 1300 1748 1696 1537 307 597 894 899 109 1651 879 548 349 1215 957 1164 283 990 1732 285 533 366 31 248 1650 1539 1640 49 1713 166 1712 1399 1485 257 256 1396 1047 562 142 1716 871 153 1122 1591
000445.jpg,153 1122 879 1696 1002 1215 1449 768 1482 1714 894 1163 1300 194 224 1493 533 821 990 366 35 871 68 835 538 1712 1371 1255 1768 1244 1059 1396 354 1713 1748 142 1750 285 307 1331 1047 157 423 360 510 1757 1399 957 643 1245 517 1640 1650 1746 1761 829 113 256 283 544 1485 1612 666 1188 899 550 1173 349 1107 1307 33 1386 257 1311 50 29 373 916 1389 1273 693 284 696 246 1113 396 562 628 1504 214 834 1362 672 1135 179 1583 453 863 525 847
000446.jpg,1434 1672 1551 961 910 287 1126 1720 1038 1170 1112 552 1458 1468 148 889 1157 744 1105 411 1671 1701 1182 674 118 1518 1178 1102 1645 501 844 16 671 352 312 1480 883 1242 139 575 444 1715 600 310 1103 623 705 1276 1580 1572 1643 1453 333 1090 1729 915 469 637 992 661 950 1503 1644 1171 1658 922 383 1491 1001 7 828 296 528 1233 1666 1200 343 1594 849 331 573 787 112 184 3 838 83 911 1113 164 1025 1207 521 13 104 1391 1264 90 1588 1327
000447.jpg,1002 768 1696 354 879 1215 153 1122 821 1768 1331 35 1300 1493 1748 224 1244 533 307 366 894 510 1714 33 871 423 1750 1342 1640 1746 396 1713 990 829 538 142 914 835 1396 957 1047 1188 1757 50 1245 157 476 544 1449 262 1441 517 539 1051 1575 1482 485 1255 349 1258 1371 1307 1114 899 525 257 550 672 583 562 1712 853 597 256 49 1015 863 391 194 1732 68 1399 1164 650 1113 666 1650 916 824 1717 696 424 1163 283 796 1485 1555 693 109 31
000448.jpg,1433 290 266 1373 158 1189 905 421 1056 207 295 800 180 1751 567 243 1451 1404 275 229 373 1153 1341 216 1304 1377 592 856 1180 133 1711 400 1284 414 1504 1083 1166 1419 1150 488 51 715 556 820 486 1743 570 1466 470 811 238 426 348 673 482 115 954 61 1151 1578 299 680 660 1540 328 514 735 1196 14 1595 982 558 1335 728 574 809 270 277 581 93 209 1710 1649 1655 1427 459 326 1773 1663 1767 416 1759 1408 969 955 255 110 286 100 963
000449.jpg,607 317 53 793 213 1099 790 430 1387 707 1447 45 1140 440 653 670 1556 576 410 1314 415 454 1328 20 813 944 448 1718 931 288 1430 836 730 134 1143 1510 253 1543 640 1251 578 167 682 565 1085 1012 630 1036 215 1498 594 1128 1638 891 1110 1045 1280 1739 399 1013 1523 1204 1554 203 377 1376 187 1223 91 1736 355 1075 934 1499 861 1239 1423 858 723 1082 1160 132 1124 802 1745 1479 1259 298 196 1028 1076 797 1193 1279 1380 1494 1481 1260 569 1014
000450.jpg,1080 1490 397 1724 908 1707 1463 268 1269 663 281 864 217 1009 771 1422 78 1771 1699 1006 656 1536 276 970 226 67 1681 681 1384 1538 1024 1135 690 1098 478 717 928 1310 628 1738 696 113 1612 87 632 517 1107 666 1445 1078 1127 289 1273 29 1201 1450 520 1535 912 935 824 1044 453 157 1712 1692 224 360 368 1017 925 736 880 1019 1485 1283 1150 1311 223 97 638 1122 990 879 1113 1447 810 1288 213 858 1387 1455 1759 927 584 680 891 465 689 38
000451.jpg,75 1487 503 1648 507 3 251 1550 56 1607 1053 516 588 1242 1069 706 1500 508 383 1332 1142 949 90 111 1207 575 849 787 64 310 184 343 1594 1416 352 1032 333 1088 104 705 1200 1491 135 182 1518 7 1038 922 509 1701 24 960 1008 164 1672 5 207 1645 211 883 1306 961 1643 1525 1233 1026 1446 389 1001 1572 1451 275 1551 1004 170 549 115 218 635 148 856 1438 1329 1182 6 1286 1782 1773 784 1791 337 1442 1570 1150 1231 744 1218 1272 1759 844
000452.jpg,1670 679 683 956 920 848 621 126 149 1308 602 1236 127 398 487 702 1474 60 1596 462 986 428 961 27 395 1064 247 1551 609 239 586 1140 1400 1702 504 399 45 552 213 359 1720 1468 813 1154 134 733 440 79 1113 385 418 445 41 1672 417 292 910 797 348 1753 1078 1299 1170 1415 1158 578 1126 410 186 1194 61 16 253 116 1417 869 856 501 20 132 1743 575 422 1504 454 39 701 828 58 877 805 71 1303 1038 1455 139 320 637 596 1214
000453.jpg,153 1122 879 1449 1696 1482 1215 1002 1371 194 768 643 1163 68 1761 1059 360 284 894 990 1714 1255 1712 415 891 1570 285 518 989 1385 1396 538 136 1624 279 1113 224 835 1493 1300 1014 172 35 1336 682 1054 1351 1314 1125 821 1543 354 1617 533 1143 332 1082 1028 401 477 1750 530 1244 641 1556 195 1604 576 1045 933 603 20 378 157 366 42 1386 1614 1135 510 1245 437 225 1494 1768 1328 1023 871 865 213 1290 1140 1572 1000 124 465 1047 813 1554 288
000454.jpg,1670 679 956 683 920 848 1236 398 126 1308 621 127 149 602 702 487 609 60 462 986 395 27 1596 428 79 39 1474 1400 247 1064 1078 740 422 324 974 1158 1772 1702 1154 1417 1614 359 144 399 239 805 504 935 961 1551 832 1303 80 54 739 1299 417 1787 869 41 1455 560 916 586 61 348 418 1359 634 58 858 385 292 468 1140 1214 1759 186 701 132 780 1720 1411 1360 776 1468 1113 970 1049 831 426 606 1535 1311 665 1166 1653 1649 1595 877
000455.jpg,787 310 343 184 849 352 1645 844 90 503 1701 1607 1487 1648 1500 883 251 516 1178 588 501 1069 75 1550 1182 3 383 1142 507 1053 744 674 671 7 1200 148 1491 949 1242 56 922 961 508 1594 111 1672 1551 1207 889 1434 1105 1157 164 1580 575 16 1671 910 705 552 139 1126 1001 1643 1720 706 1170 444 915 1233 1468 1453 287 469 118 411 623 312 1038 1367 1416 1276 1088 600 1026 1103 1644 1139 1102 514 529 1090 645 337 1634 1305 104 207 170 1363
000456.jpg,167 944 1380 1075 670 1239 1638 1736 1124 1523 1325 156 448 410 134 471 254 1197 1769 1029 436 569 455 323 1694 893 1010 858 1653 987 1193 978 907 1452 526 203 1128 553 1693 1211 1478 601 565 723 861 684 807 1251 1484 146 1280 429 94 321 1706 1266 719 1447 1479 1085 1430 1611 865 995 931 355 1294 1424 1615 1659 1134 742 938 197 1423 44 128 1762 909 965 1073 1223 187 1117 36 753 298 1222 1656 703 1365 1259 172 1303 658 1121 707 1685 1744 279
000457.jpg,318 1106 133 470 155 1166 918 1419 1649 982 969 488 954 61 1083 1324 955 1320 735 1734 426 778 809 1284 431 116 414 514 1305 1595 101 1598 943 660 1551 1196 208 225 34 1254 238 260 1576 400 168 385 961 529 959 1608 924 1709 100 270 903 1585 827 1603 967 392 152 552 1700 115 629 106 728 473 212 1363 980 622 782 1530 1339 1544 1408 1311 822 1579 881 1150 26 1356 1343 1330 734 1508 1552 1741 1173 371 803 1050 1473 574 348 1540 1743 1145
000458.jpg,219 248 283 1539 548 109 1651 538 550 157 463 1537 1255 294 517 1015 1790 1712 1582 1555 899 462 1488 1612 1591 736 1058 990 1059 256 638 380 768 349 1127 31 1114 484 1504 1445 460 928 113 693 1273 1339 1132 29 1716 562 1235 568 257 672 1002 583 395 666 912 1635 423 1713 50 1583 1396 863 1355 539 1215 637 1051 24 824 4 796 879 1650 27 1553 533 97 1300 1696 871 1717 1040 1740 366 262 794 1310 1201 1493 1079 269 1216 1258 1485 46 696
000459.jpg,136 1385 989 1570 620 1617 1604 1624 1621 1786 206 171 872 279 1143 415 518 1543 682 1494 195 1314 1082 576 1556 790 477 1014 891 1328 640 188 53 401 1336 1387 1160 1033 965 1054 1554 1110 1224 1372 42 1028 172 1739 855 1370 1659 865 1022 232 1770 1031 649 692 1365 1565 1161 1395 614 457 1425 1424 1731 654 1259 98 998 1507 437 378 1532 644 1125 465 1226 972 220 1593 630 1045 793 1567 430 646 1275 1656 427 1288 213 1498 20 1673 1073 1096 215 1191
000460.jpg,103 759 267 868 900 657 1369 1062 1346 752 754 388 1758 1190 1730 1626 906 1477 169 618 259 1664 541 1375 1787 89 795 435 110 1740 966 571 1177 22 1660 1339 69 1778 1401 635 1016 1364 272 750 1465 1119 1172 1150 51 885 1293 1090 500 1710 1130 1081 370 581 1337 842 387 673 1516 1632 1427 264 743 686 209 1630 274 1725 497 84 1584 459 1411 85 208 714 1678 1515 1791 303 93 1277 1759 1252 8 819 1569 493 1659 27 1598 395 1298 764 882 925
000461.jpg,1340 930 408 340 316 1195 832 1457 403 647 300 884 746 732 598 1165 1702 898 417 1417 1647 1111 205 664 1077 1118 1214 1116 1561 1631 1637 239 48 37 329 877 1689 359 117 320 15 733 422 1753 1194 1509 494 1154 848 1772 683 974 956 708 487 1308 602 679 869 805 920 398 1236 831 1299 560 1400 27 1078 1359 701 61 330 1049 1408 426 1206 955 278 271 1232 1657 1756 1605 1595 982 1551 209 1083 797 462 461 79 1090 41 127 1339 1360 1649 735
000462.jpg,430 399 323 58 1425 675 132 1000 876 1376 1147 1076 191 892 640 71 965 1309 1045 1082 134 527 317 213 1010 455 1028 477 254 471 630 1498 933 607 448 410 1523 203 20 215 793 1146 1263 188 649 1606 1517 1197 1140 1739 1387 1638 440 45 1380 1325 288 813 1075 1068 670 377 1096 1143 53 253 1556 454 569 1328 790 1499 594 578 415 1023 1029 1063 1554 1494 1314 1624 279 1448 1124 1259 526 1204 893 457 858 1653 1532 1018 156 707 825 1769 565 944
000463.jpg,326 715 786 709 977 963 639 499 604 421 122 1641 131 926 1421 779 710 445 929 328 133 1419 890 1039 470 441 280 1166 919 213 151 282 662 53 799 969 1150 1311 1776 946 790 1556 680 1570 1314 1373 991 1492 14 1354 206 415 123 989 45 1743 859 852 1109 1140 1328 171 161 691 440 576 1335 1619 178 1387 1621 761 51 1678 1454 489 255 61 585 502 277 1604 1617 1642 711 682 728 66 1385 1663 1455 1339 479 1630 468 665 581 1173 793 399
000464.jpg,1151 820 1511 873 811 718 1625 1437 798 173 711 546 1788 114 1048 479 1560 1398 293 850 1609 917 277 852 200 1156 121 1642 859 1199 685 1467 1727 482 1335 1137 558 1185 843 1405 580 342 812 1109 513 255 697 997 384 480 1348 783 1785 496 1469 358 738 1436 1352 1743 1393 535 292 1394 1454 665 1524 945 1338 1368 511 1358 1412 1755 1037 1663 21 1209 1767 483 1184 238 514 1363 543 1284 1581 593 529 660 18 1267 11 372 1633 1557 629 1305 1749 495
000465.jpg,815 686 387 271 1630 1516 330 209 581 1382 743 1081 497 571 305 673 1150 1427 22 1337 1016 65 1115 1710 51 303 694 885 1401 1520 750 1364 714 1293 165 264 1778 962 8 1130 1465 1119 1206 1254 272 1326 110 69 225 1230 1043 801 842 89 1177 1339 1683 1515 1470 795 85 1172 370 1682 1690 435 1174 1660 347 422 1787 395 27 1420 462 1541 966 1303 618 1062 838 906 963 404 314 837 916 1351 988 708 1617 189 719 399 1028 1143 1411 430 504 1063
000466.jpg,1543 682 891 1014 415 576 1314 1160 790 1110 1328 1143 1556 53 1739 1554 1494 465 614 1226 1288 644 630 1425 1532 195 228 42 640 1082 1567 1770 1624 129 477 1052 1395 490 620 213 20 998 59 1381 279 1570 1224 1387 1140 1617 897 594 457 1604 136 1028 1499 1507 989 1376 1385 1621 813 288 1031 1786 1022 649 855 1370 206 1593 454 1577 1125 440 215 45 1726 1045 965 232 171 1246 253 972 578 904 430 1123 1260 188 1204 1033 374 378 1659 1297 793 865
000467.jpg,81 843 1185 859 852 1785 580 1109 277 1642 200 997 1041 873 1590 121 384 358 346 21 1571 1405 1755 685 1129 535 1728 381 386 392 773 543 593 820 11 811 199 708 1511 545 996 192 1151 102 718 1352 850 774 1335 711 351 114 1199 546 1467 1398 1156 1137 373 558 798 255 482 293 479 917 697 1437 1454 292 1609 1560 980 1625 173 629 480 5 665 1743 942 1788 1048 407 342 329 385 1145 1649 70 954 241 1469 1654 1320 854 1661 83 955 488
000468.jpg,310 787 343 1645 849 184 90 1178 170 674 1182 744 1500 148 501 1607 588 352 1142 1105 1157 251 883 1701 671 949 1276 889 1671 16 1053 164 516 1069 1580 411 915 139 1487 56 1648 508 507 1491 922 1453 503 1594 7 528 1200 844 600 118 961 1102 1231 1431 1295 1551 910 1434 337 1634 523 552 1791 1001 444 1026 1170 1720 1233 1207 1139 1672 1665 623 1038 287 1468 1242 625 312 1438 75 1126 575 705 579 1367 1327 563 1684 1518 941 1113 613 344 1090
000469.jpg,1026 337 237 1684 704 1791 456 1295 925 947 1210 453 315 625 162 613 1287 579 1610 344 87 177 1456 633 442 741 1697 1138 285 816 1774 160 1027 506 183 1390 1262 1270 193 1133 1176 1067 641 170 373 1178 631 619 1144 1705 1688 1113 1594 849 523 751 345 1414 787 1527 1135 780 164 916 1168 1665 501 1025 1572 1668 1645 588 1207 112 1327 1634 911 90 839 1213 676 883 1040 80 747 73 1019 1090 923 1203 350 444 666 282 521 29 958 870 1265 1181
000470.jpg,470 969 1166 1419 133 1608 1530 1734 728 1343 400 574 100 1722 1711 570 1544 1522 115 1578 843 1196 556 1709 393 382 1620 1773 1508 1667 971 1497 1035 488 954 61 1083 784 414 1649 735 982 426 955 1335 1137 482 255 265 1320 558 711 1595 277 392 811 464 1408 852 1232 1284 286 718 1145 1663 593 1743 244 1071 665 351 997 873 1471 1540 200 820 903 980 1454 292 1642 1109 798 1767 431 385 629 859 680 1151 905 514 26 327 236 580 561 473 121
000471.jpg,1714 1717 307 1748 309 1188 544 1331 1768 1582 1640 354 957 1432 40 505 463 1002 179 1600 1485 1399 1044 1733 32 147 768 610 221 1563 599 1261 1691 46 224 990 894 1362 256 1122 1396 1268 360 1220 1592 1488 1342 33 472 538 821 871 862 380 1439 35 366 533 1651 937 475 153 1713 835 1493 789 879 157 1553 1300 223 1650 396 142 1244 222 1355 1696 423 50 1047 1066 1750 510 462 1132 285 63 517 1017 476 141 548 1692 233 1790 395 1245 1100 1215
000472.jpg,153 1002 1122 879 1696 1215 768 1714 1449 894 538 821 1300 533 1493 354 990 35 366 1768 224 835 871 1396 1748 1482 1331 1244 307 285 157 1713 142 510 423 1047 33 1750 68 1255 283 957 1712 1640 1757 1245 1163 194 829 1399 1746 1371 517 396 1342 550 1311 544 113 1650 1173 29 672 1307 1188 1485 899 562 666 349 680 373 257 1612 737 916 1356 696 248 256 914 4 1107 207 1767 863 628 1455 166 834 1113 1614 1504 1791 1570 1273 1059 453 395 360
000473.jpg,570 400 1522 574 470 100 1722 1544 969 1166 1419 133 1711 1709 971 1578 556 1196 1035 115 1508 843 1734 1530 728 840 1608 244 393 1773 1343 1620 382 351 784 1667 108 392 102 1071 1728 1324 318 905 286 155 545 561 622 605 1106 1497 1462 180 260 954 1152 1540 1319 327 373 903 918 1344 1284 1471 488 515 106 741 1003 677 913 306 55 52 1366 1141 705 1528 1074 162 467 130 143 1207 168 822 1665 1302 1627 241 212 514 2 964 265 1643 1066 26
000474.jpg,701 494 1049 1605 733 1509 1753 1194 320 877 37 48 557 239 974 732 1623 1569 1702 1657 554 1359 1154 359 805 1457 446 461 1214 408 403 1340 831 560 598 1299 278 884 746 848 300 1236 898 869 647 930 832 316 417 1400 1111 107 398 679 1195 1118 39 1360 683 1417 1165 340 1308 609 920 487 956 1647 27 117 205 664 1561 1077 79 702 1631 1637 1116 1228 1772 602 395 61 1693 176 776 127 1408 1232 955 422 1150 1595 1339 1474 1756 735 982 1787
000475.jpg,1041 384 1785 358 21 580 859 1109 1571 852 1642 277 1185 200 1129 121 386 381 773 199 11 685 774 997 873 843 192 5 1511 820 1151 711 811 1335 479 798 255 1137 558 718 482 1560 114 292 1625 1743 495 665 945 480 1368 511 1454 546 1156 1398 1609 917 293 1663 1788 1767 173 629 1467 18 81 342 1311 980 1173 1405 1393 1455 404 1411 1048 963 680 1145 942 483 1759 688 1232 1581 14 218 1257 1566 812 468 783 513 1524 61 593 1253 1590 952
000476.jpg,899 693 985 349 847 1007 687 1752 1583 1255 650 185 562 257 1202 642 1164 1271 796 1712 1258 597 1564 1635 1575 269 484 99 1732 391 49 983 109 539 1114 1716 97 57 550 452 424 248 1047 1059 1704 1757 460 1761 517 1051 1235 1278 804 219 31 736 1441 525 638 142 262 1040 1449 1719 1300 1612 283 912 50 1591 568 794 166 1127 339 1216 1245 485 821 548 285 829 1713 1750 1273 1651 1260 510 538 1450 1445 1616 1058 533 157 113 871 879 1493 891
000477.jpg,1176 1390 1697 631 619 1705 870 345 1133 1668 1144 1181 777 747 845 1091 958 1256 1265 559 1392 443 806 1737 1414 1674 1203 916 634 140 80 1005 54 144 112 1327 1113 438 521 504 1025 911 1514 1391 817 1397 613 606 1677 177 780 315 237 282 625 633 828 350 337 162 623 1339 977 1039 1684 947 1158 579 1774 1572 708 4 1295 445 280 388 324 1150 1470 344 1270 721 1210 1157 666 740 1090 1720 1138 1614 962 313 581 671 87 444 1078 739 373 1688
000478.jpg,921 1087 655 338 547 433 1444 450 1636 755 447 1652 138 77 1765 250 901 875 1581 546 173 306 327 1141 543 1788 1374 1250 106 622 1625 483 1511 1467 130 718 811 798 190 913 1755 1393 1398 1609 783 372 812 711 364 820 697 1469 1302 1568 496 1727 1524 1338 1560 1462 645 1151 1356 636 1212 1460 1352 1292 1394 479 1344 1348 439 605 873 1436 1333 1661 857 293 407 236 1048 677 241 1437 1253 1654 88 917 513 535 1350 351 1358 593 1495 611 1502 1590
000479.jpg,1166 470 133 1419 969 1734 728 1608 1343 1709 1530 115 1649 61 1196 488 1083 1711 318 1508 1106 954 1595 1320 982 426 208 955 711 735 400 459 93 1298 414 1773 493 1598 1252 556 1578 809 1330 1150 1473 1173 100 764 1311 393 798 1678 680 431 382 1620 1766 152 778 734 14 811 209 1743 1408 265 924 1767 1232 292 473 593 827 479 1411 218 1625 1515 1284 274 574 1427 1544 392 1710 1335 1630 514 51 665 784 918 782 1560 255 1759 489 238 260 822
000480.jpg,811 718 1625 798 711 479 1511 1609 1398 820 1560 1151 1467 1048 546 173 1788 873 1352 1437 812 783 1393 1338 1727 293 1524 1436 114 1348 1394 496 543 483 697 1469 917 513 535 850 1405 1335 1568 1755 1460 1156 558 482 1137 843 852 200 1199 636 277 255 1581 447 342 121 480 1642 1743 859 1185 292 738 1109 372 580 1454 665 997 1663 1358 1292 1590 593 364 1785 1767 945 629 685 511 1654 1087 1041 1412 241 351 358 1368 407 18 1253 495 1633 1145 887
000481.jpg,1678 161 764 566 1252 459 1298 493 93 274 84 1725 695 489 181 1759 1411 218 468 1455 1766 1291 1473 1687 336 680 14 1330 1020 725 1173 1311 973 1562 1050 491 809 1150 778 1427 51 1710 1630 581 1655 209 208 387 673 1598 734 95 1767 292 90 1743 686 1081 924 1419 1166 1787 255 251 588 827 1038 711 665 1515 1500 1487 1137 150 558 1109 470 1791 110 482 572 115 1516 444 1711 202 1388 133 1062 943 1720 1053 1242 798 752 101 1459 1196 1663 969
000482.jpg,470 133 969 1166 1419 1711 1608 208 711 115 1150 1508 1196 1578 1734 1709 1427 1598 209 556 51 1710 728 1530 827 1773 886 735 1311 798 488 1343 265 924 1515 459 400 762 581 811 1408 1083 1678 393 1620 61 680 1252 1298 100 93 1742 784 1630 961 640 954 479 673 426 202 1232 432 461 1595 1725 1143 1173 682 274 161 801 493 1001 1284 14 382 250 39 347 84 671 1551 1625 1667 790 53 764 1556 404 473 1043 1659 1453 150 1743 718 489 1786 688
000483.jpg,1670 679 683 956 920 848 149 127 126 621 1236 1308 398 602 60 986 487 702 609 395 462 1596 27 428 247 1474 1400 1064 79 39 1417 239 1078 422 1303 1702 1214 740 1158 1154 805 359 869 586 1787 144 417 1299 399 560 832 1772 58 324 961 504 41 974 1359 1551 858 1140 831 916 418 1614 1677 1031 54 1360 292 117 877 80 935 1653 665 48 1455 634 186 1113 780 45 596 61 348 385 1623 606 1425 461 1720 1569 320 1518 468 856 1235 1125
000484.jpg,997 843 1185 1109 859 200 192 1642 277 852 121 580 685 358 1785 384 21 873 1755 1590 535 81 1405 820 1728 1151 11 543 1511 392 346 1129 996 1041 811 102 1335 593 558 351 114 1137 482 381 1156 774 373 850 255 199 773 1352 1071 546 545 342 718 55 386 1199 1571 1540 561 1437 917 498 407 1444 180 286 967 499 1613 1471 467 1649 241 905 711 293 605 406 964 697 1454 1495 1654 977 173 292 948 1284 529 954 792 101 511 1633 488 108
000485.jpg,1658 1126 287 1715 1701 1551 961 1672 1112 1458 910 1038 889 1170 1434 552 1720 352 148 1468 844 1729 1645 950 992 83 744 70 1105 1157 1178 118 1671 787 1171 1182 444 674 310 184 343 623 1264 1276 1781 411 883 923 164 671 1102 600 727 849 13 501 1316 273 627 474 616 16 312 1090 139 915 1594 1480 1580 922 1453 104 1030 1518 661 528 951 838 1242 637 1103 383 90 7 705 811 1231 1491 1200 1572 3 1643 749 593 1001 1032 1688 296 1139 573
000486.jpg,156 1128 410 203 1430 931 565 1085 187 569 719 987 1029 1012 1223 723 377 938 196 36 1523 1197 1638 448 670 134 944 1010 167 1736 1239 1075 436 1325 1452 1380 1484 321 893 730 1124 1211 91 1478 907 934 978 1693 1706 44 1251 802 1193 1479 807 601 526 1694 323 254 1280 909 858 455 553 965 1718 471 1653 669 1036 975 1510 1769 429 1447 1745 1294 1222 836 1013 128 188 1266 684 582 1117 197 355 1279 861 833 707 399 742 395 132 298 895 146
000487.jpg,1255 899 1712 349 1059 562 693 1583 257 687 185 1716 796 1752 452 985 1449 1635 109 1164 1202 650 1575 1651 597 99 1761 642 1258 1278 1007 1271 1051 548 31 1114 424 1732 983 1235 166 1216 142 1564 847 1719 538 539 248 1704 550 1040 736 1591 57 97 484 1713 339 49 1441 391 1757 525 1245 269 1047 1127 219 821 804 460 912 283 1493 638 517 485 1612 829 794 568 1058 1273 1300 510 871 285 307 1445 157 1616 262 50 631 533 35 1746 224 29
000488.jpg,786 977 326 715 709 639 963 499 604 1641 122 131 1421 926 779 151 929 710 421 328 890 799 1776 178 919 662 464 1492 946 1354 123 1345 991 1428 502 66 441 445 761 691 1402 1483 1619 133 53 1476 790 1556 1570 213 882 1621 1501 415 989 171 1314 206 1617 585 1385 1046 1531 282 479 1604 1786 1166 1517 45 1311 189 440 1039 255 1285 172 351 1296 1606 1150 859 1109 711 286 1587 1760 104 412 994 1739 1649 980 1328 997 470 798 61 1419 537
000489.jpg,1787 752 1420 754 1346 1190 1730 1369 657 906 759 267 103 1062 900 169 868 1626 388 1254 1758 618 1293 1477 259 795 1664 1375 225 28 313 698 1339 1584 1090 144 1150 962 305 51 395 1427 673 1740 1411 1759 1455 780 581 404 468 462 740 80 218 54 1742 916 1710 432 634 1337 1630 815 680 27 1470 886 1677 330 571 387 14 708 209 977 96 1720 686 764 1614 1252 208 541 1025 422 1113 1311 1678 1766 93 1515 459 1298 493 1572 1506 1598 1173 324
000490.jpg,1424 1624 620 1073 188 965 455 1570 471 136 279 254 872 323 989 1385 518 1010 1031 640 1068 195 448 1523 1604 1617 1365 1494 1336 1143 1033 134 1731 865 1621 1786 415 172 477 1082 401 1659 171 42 891 670 1556 1054 206 1023 1125 1387 1110 1259 1372 1028 1638 1096 790 1736 1543 430 855 1325 1161 585 654 1239 1045 577 1076 1314 232 944 1587 682 1289 1606 1565 530 630 1022 576 1160 378 646 933 1425 1147 1014 675 1532 1679 437 215 1380 1739 1517 993 98
000491.jpg,687 99 185 1202 642 1007 248 1752 1704 538 985 1278 1716 562 899 257 796 847 166 1271 109 283 1164 693 1732 424 1059 31 1564 1255 339 550 983 650 57 597 548 1591 391 1216 219 1258 349 539 142 1651 97 1583 1300 1575 1047 1635 1058 1712 1757 301 1114 1235 269 1713 1441 157 1449 568 638 533 366 49 262 1696 525 871 484 821 1245 879 912 1493 1215 1307 1040 829 517 1616 853 1612 768 1127 1761 510 1450 1015 1539 423 1051 927 1746 35 113 808
000492.jpg,1582 463 1717 309 1553 1733 40 1432 179 1044 1651 1714 32 223 360 258 1268 46 1563 599 221 937 1692 1488 1600 505 147 624 1485 1592 522 1132 862 252 532 1066 1188 548 1355 610 1790 233 544 1079 302 1691 1399 141 365 1127 1439 721 1459 872 475 928 1220 462 222 675 1426 466 912 472 307 24 1450 1261 876 1554 219 790 1612 1362 1748 789 430 638 1311 957 1397 87 1135 1296 1143 53 415 286 628 581 113 1310 1445 1624 29 1725 422 1556 1076 657
000493.jpg,1433 266 207 1373 290 295 243 421 1451 1189 275 1751 158 567 905 1404 229 180 1341 1153 1056 800 373 216 1304 1377 133 1419 1284 1166 514 1743 238 1083 488 470 61 482 660 1335 1180 255 822 1151 292 426 665 954 820 1649 414 529 558 1767 982 811 1150 1363 1552 1663 1454 955 1137 1595 735 270 480 856 680 1540 903 1305 1711 62 728 969 1320 1710 277 1471 512 1466 1427 1734 286 51 348 1585 14 1511 1187 809 852 209 1630 715 26 1515 1311 200
000494.jpg,343 787 184 310 1645 849 883 1178 501 164 352 1276 671 922 1453 1491 528 1182 7 674 148 1200 90 1701 1580 744 844 889 1157 616 1607 1500 1105 588 1142 600 516 1001 1671 251 949 1053 1416 139 1233 411 1069 1126 16 1088 1658 1487 508 503 509 1551 961 287 1648 915 135 623 1367 1672 1594 383 1112 1295 1242 950 118 1434 910 444 1231 1306 661 1038 1026 1684 1791 56 507 1057 6 3 111 198 1170 115 337 1458 1558 1102 1286 496 453 625 338 1469
000495.jpg,623 444 915 118 1102 1105 1157 16 1729 308 1178 1431 674 992 552 744 1182 1468 910 1453 411 1170 1720 148 139 671 312 13 1781 727 1645 1276 1264 1671 1316 600 1103 627 273 849 889 661 501 883 184 573 474 950 1644 1171 296 1458 1038 469 1715 234 83 1480 923 1518 331 310 1231 1434 1572 787 164 1001 1701 528 1030 1233 343 1503 1580 287 90 951 70 193 1025 1112 333 1327 961 1594 763 1551 741 1270 749 1688 7 1057 751 101 705 1126 1697 82
000496.jpg,1255 1761 1712 1449 452 899 693 349 1583 736 1716 562 1059 1040 650 1235 1719 257 1164 1051 642 517 597 985 1007 484 1127 31 1752 1575 49 185 796 1612 1445 804 1271 687 666 1216 109 97 631 1258 847 460 1202 424 539 1591 1201 1273 1635 1114 113 50 794 99 550 1441 269 525 391 1107 983 891 1713 824 1750 307 1065 1493 548 1300 1732 1564 628 615 518 423 1651 1278 29 1015 1704 1110 142 696 1122 1757 1245 1162 57 86 568 829 912 339 821 638
000497.jpg,1045 1606 1023 585 1517 1587 757 1297 537 9 1217 1076 1263 530 1146 527 189 1494 1205 1317 191 933 770 1147 1309 1289 781 1096 215 288 477 594 1063 1448 213 1082 399 1499 640 1068 42 876 1624 1031 132 20 1000 1556 58 430 1314 790 415 53 519 1387 1328 1140 1573 576 71 1376 675 1143 437 1204 682 891 1570 1385 793 1425 124 1739 136 1110 989 1014 195 279 1543 813 993 376 1260 1028 1554 188 440 630 620 194 1218 577 1160 45 253 1022 1498 578
000498.jpg,225 1254 1470 1206 1230 330 815 1174 1420 1326 1690 314 962 1579 116 959 34 371 347 1515 803 1043 305 801 720 762 271 673 1787 1150 1427 581 51 1630 47 686 209 1710 387 1516 842 1682 668 1339 743 1683 1081 795 8 1130 1520 1158 404 1078 1115 324 85 967 740 204 451 635 432 313 1004 819 837 739 331 61 1742 1411 708 886 982 1090 954 1613 1649 1772 571 504 1382 963 498 898 980 955 634 418 1455 95 497 1415 486 809 1729 1756 916 13
000499.jpg,466 1247 24 1617 1143 641 463 1717 1485 404 462 1786 757 1385 1582 383 1432 989 638 1604 395 925 307 460 309 518 136 507 179 415 1651 1733 1570 644 85 1621 214 4 188 1161 928 1287 794 505 432 46 96 1641 544 1296 865 648 1494 195 1079 1543 1659 891 1361 1747 640 1679 1022 1456 1375 1411 1365 97 816 215 1610 422 56 1574 639 1064 838 927 790 912 1028 1173 27 577 1045 657 1150 490 1673 1766 360 437 119 1237 1314 1567 347 1023 1396 998
000500.jpg,635 1004 1329 1632 85 1443 1034 729 837 1730 1512 1190 204 169 932 145 1277 906 1626 1062 754 752 819 1070 375 618 657 760 1477 1346 1375 1787 541 1664 571 759 1682 89 868 1369 388 668 900 347 227 116 1465 1515 259 103 34 803 267 1758 47 762 1043 1337 1521 371 795 1179 1150 801 497 1579 1639 959 51 28 1710 264 1364 673 1339 1501 1254 1427 842 1016 1382 435 694 1630 1401 891 1470 761 231 1321 1229 1617 682 66 1314 1293 640 698 415 65
000501.jpg,133 470 1419 1166 208 969 1598 961 1083 809 680 1608 61 1711 1196 318 982 1734 1252 488 1551 1298 1311 735 1150 426 924 827 14 778 493 918 1330 1284 1595 116 1343 728 459 1530 1720 1473 400 115 1106 93 514 1649 218 886 1427 1339 414 1710 1759 954 955 34 711 399 1173 51 209 556 1585 1678 1126 1455 1743 1411 100 1766 260 348 764 489 1508 574 801 570 468 552 132 227 479 1076 660 1515 1050 1773 811 168 903 445 803 1630 393 581 1305 286
000502.jpg,228 614 465 1567 1288 644 1110 1160 1226 490 1052 891 1014 129 897 1543 682 1381 59 576 1314 904 790 1556 415 53 1328 998 1143 1507 1246 1 1739 1593 1322 245 972 722 1554 1618 1435 201 10 1108 1260 1548 137 42 1532 1494 630 1123 1659 1624 865 213 678 195 640 1259 20 1413 409 1161 401 172 1387 1315 1318 1018 1140 1379 334 1054 125 1529 1372 1370 1425 1499 1429 1225 1673 1721 1031 793 477 1082 1357 1183 437 1205 577 594 1289 353 1365 1587 654 288
000503.jpg,1722 100 1544 400 574 570 1522 1709 1711 1578 556 1508 1196 115 971 382 1620 1035 393 1773 1497 1667 840 784 265 470 969 1166 1419 133 1608 728 1530 1343 1734 954 1083 488 982 735 1150 327 622 61 392 1649 875 414 913 1025 106 1710 426 977 1743 1180 207 51 843 1767 1320 514 1684 955 150 673 581 1408 295 1595 292 680 1427 1751 102 439 113 1678 715 1440 696 202 1462 499 905 711 1777 666 306 593 1209 604 665 545 1284 655 1373 1344 1540 1141
000504.jpg,219 1651 248 283 109 548 1539 1059 550 538 1255 463 157 899 879 1716 31 1712 562 99 349 424 693 1732 166 1216 301 1583 484 517 1278 391 1555 1575 1164 794 1591 460 1258 1235 339 1704 595 597 97 1307 1127 568 269 1752 360 687 1485 185 1733 1449 1114 1051 985 285 796 638 1493 643 1612 1040 642 1450 1202 736 1007 650 1445 927 1696 257 510 35 853 1746 829 1201 912 821 1245 525 628 983 1244 1461 29 533 222 1537 1300 49 830 1310 113 423
000505.jpg,133 470 1166 1419 969 1608 208 1711 1734 728 711 1150 1311 680 886 1427 1598 1252 1298 1343 1710 459 51 61 1530 488 93 1196 115 1678 1083 14 735 961 493 827 811 209 1173 764 1551 1508 426 1284 1742 954 1578 479 798 432 514 809 1709 924 218 489 1473 347 671 116 556 1759 1330 161 695 1743 34 1515 762 673 718 501 1649 318 682 1556 1766 581 1630 982 414 1106 1595 674 445 1725 566 1314 822 404 903 1001 400 1455 1773 468 593 100 778 1411
000506.jpg,336 1766 1330 218 1759 1411 680 14 468 1455 1473 1291 459 1298 1252 93 493 764 1173 1311 274 566 1678 161 1725 84 695 181 725 489 1050 491 1687 1020 809 778 1655 734 95 1562 101 369 943 967 973 1741 881 1767 208 498 1743 1598 1518 348 292 1242 1150 1787 333 780 711 1038 186 225 665 255 1419 575 28 1427 209 1663 51 1166 1572 1109 80 1639 150 414 1720 227 1515 1521 1595 1630 798 482 54 1613 470 133 924 1170 444 558 1642 1710 552 465
000507.jpg,133 470 1166 1419 969 318 1106 1711 1734 100 1508 1608 400 1709 1196 728 115 556 1578 61 1083 982 574 155 1773 954 488 265 1544 735 1620 1408 1150 918 1530 393 1649 1515 426 1343 955 1232 209 382 1595 479 711 784 570 811 803 1576 212 1710 1324 1035 1598 51 208 398 1667 514 762 88 1427 1320 414 1743 347 801 1284 1551 798 920 1145 1311 1722 1630 39 489 116 886 971 581 961 1497 1043 34 1581 718 461 809 980 942 1173 473 459 1339 1236 93
000508.jpg,1609 1467 1625 798 1398 718 479 1560 711 811 1788 546 173 1352 1511 1048 820 1151 1393 1524 783 812 1338 1436 483 1394 543 1348 496 873 1727 1460 697 293 1568 1437 1469 636 1755 513 917 535 114 1292 1581 447 372 558 255 1335 482 1137 1743 480 292 1350 665 843 738 593 1767 852 1663 850 1590 1358 200 277 945 859 364 1199 1109 1253 1642 580 495 18 1455 1454 1041 511 1368 121 1411 1405 1185 1129 629 1759 887 468 199 1145 1173 1785 1156 342 901 688
000509.jpg,1678 161 764 566 1252 1298 459 493 93 84 274 695 1725 489 181 1291 1766 218 1473 1759 1411 468 1687 1455 336 680 14 1330 1020 725 1311 1173 973 1050 491 809 1562 778 1655 1150 734 1427 51 209 1710 208 95 1630 581 1598 90 673 387 1743 1419 1767 1081 943 1500 924 101 588 251 1166 1515 572 292 827 711 150 1038 470 110 1791 202 482 255 1388 1711 1720 1043 1487 665 558 115 1787 444 227 1137 369 1196 798 1663 1327 133 686 1773 1272 271 625
000510.jpg,1717 1714 309 505 1188 544 1485 1582 1640 957 1432 1748 307 1399 1600 147 40 1331 610 1768 32 1691 1733 1044 1261 463 1488 1220 475 1362 221 472 354 599 46 179 1439 1268 1592 256 862 222 1563 789 1650 1622 63 1017 1355 937 380 423 1061 1002 1553 1651 141 768 224 990 1132 1396 1754 894 1790 1100 366 533 1241 360 1459 1066 834 1300 1713 157 871 35 1084 233 517 1549 538 821 835 50 1493 420 624 1244 33 142 583 223 1015 510 1750 1342 1698 548
000511.jpg,690 268 970 1098 478 928 289 1009 717 696 824 113 1201 666 1738 1310 628 29 1612 1273 1127 1445 736 1107 632 1290 1040 766 1024 1389 1384 808 1135 1080 1490 520 838 908 397 1283 120 368 217 1724 681 880 1017 1422 912 864 458 638 1450 1078 1235 656 1269 1536 771 1771 1006 78 517 935 568 1535 927 1463 1311 97 87 1712 603 1449 224 292 990 663 266 1373 67 810 276 550 1743 226 281 1255 665 1113 157 584 290 269 851 1681 1335 480 482 977
000512.jpg,157 517 550 538 1015 1537 31 672 1712 1555 1493 423 1255 768 821 380 224 283 35 1716 548 1300 1002 834 1244 533 1216 366 1591 990 510 424 219 1058 248 354 871 1650 1307 829 1746 863 1100 1713 1696 1047 109 301 142 1757 1748 1750 1768 583 1215 1461 724 1245 1698 339 1539 307 166 1278 99 257 420 853 716 1331 1640 899 1651 894 693 256 957 562 1547 1704 650 1519 525 1188 879 50 544 391 349 1583 396 33 796 1396 539 262 835 1564 1575 1635
000513.jpg,1689 239 1214 117 1702 417 877 37 1666 48 1457 832 320 732 930 408 1195 733 1417 340 403 1340 494 1753 300 316 1509 1194 598 898 701 648 746 1165 1605 1111 884 1551 1049 61 955 1649 1320 982 621 1154 1254 1118 359 557 205 961 647 916 1720 1647 214 974 740 1595 954 488 225 1787 1077 1083 414 664 1359 606 735 486 634 552 504 426 1561 80 431 422 1718 679 1510 116 144 910 385 27 1572 1144 1113 104 980 462 836 780 54 699 1670 1598
000514.jpg,1705 631 619 1176 1390 870 1697 1668 721 916 80 1144 1133 1238 634 345 4 606 54 350 780 1235 504 1213 443 1414 1674 1091 1181 140 1397 777 144 845 676 1321 1737 747 1256 1719 112 615 1203 1113 1265 708 1514 804 521 806 958 828 1735 968 231 438 559 1025 1489 1616 1392 1005 817 1677 911 1327 445 1094 1040 1158 86 1376 524 1551 1349 950 1039 104 1617 1000 984 1494 282 713 177 899 142 704 1621 61 349 1090 1570 1597 285 1700 980 1065 1604 737
000515.jpg,550 1712 157 1255 517 1015 31 538 1555 1716 1216 1591 1537 548 1058 424 1449 109 1651 248 283 301 899 1278 339 219 166 99 693 1059 349 562 650 1583 1539 1704 1635 380 672 257 256 983 796 1493 57 1271 1564 423 1461 391 1575 1047 834 1757 142 1696 821 35 642 224 1300 185 533 1215 1732 583 768 1547 597 294 879 1100 179 1051 366 1164 990 1244 1007 687 525 1202 1650 985 847 510 1752 863 716 1307 829 463 50 420 49 853 1748 1640 957 1768
000516.jpg,436 1239 167 944 1075 1736 670 1638 1124 1325 1380 156 1193 1523 907 978 1478 1452 893 1211 569 1706 526 1280 1251 858 1029 807 909 1653 601 1479 254 448 471 1694 553 410 1197 429 1769 134 1693 323 1447 455 861 987 1128 203 723 1010 565 146 1484 938 1611 321 36 719 684 1423 1222 187 355 1085 1430 1294 931 298 1223 1301 1117 94 44 742 367 1099 1012 1786 1532 707 1617 1303 653 1762 1266 27 171 1143 377 865 818 965 395 1604 1656 1659 283 630
000517.jpg,1056 800 180 1377 905 373 416 592 23 290 1373 1021 608 1189 741 1243 1138 162 266 486 193 1774 1433 523 158 699 1688 1168 1270 1304 751 1665 923 421 216 1634 1030 207 295 976 1139 1136 1680 856 82 43 563 16 390 1171 481 1503 1148 1528 1391 139 1113 1541 936 504 312 330 164 229 1057 1504 963 828 118 637 941 299 1720 1178 280 445 112 1431 214 1105 1643 87 674 911 1206 705 160 155 1405 282 854 1103 469 552 521 452 996 1551 977 237
